Year,Series,Material category,Observation status,Unit multiplier,Units,Value
1990,Material footprint,,Normal value,Millions,Metric tons,1085.413
1991,Material footprint,,Normal value,Millions,Metric tons,1062.829
1992,Material footprint,,Normal value,Millions,Metric tons,965.168
1993,Material footprint,,Normal value,Millions,Metric tons,933.888
1994,Material footprint,,Normal value,Millions,Metric tons,927.691
1995,Material footprint,,Normal value,Millions,Metric tons,866.457
1996,Material footprint,,Normal value,Millions,Metric tons,941.921
1997,Material footprint,,Normal value,Millions,Metric tons,1145.467
1998,Material footprint,,Normal value,Millions,Metric tons,1331.521
1999,Material footprint,,Normal value,Millions,Metric tons,1393.502
2000,Material footprint,,Normal value,Millions,Metric tons,1365.742
2001,Material footprint,,Normal value,Millions,Metric tons,1427.904
2002,Material footprint,,Normal value,Millions,Metric tons,1344.47
2003,Material footprint,,Normal value,Millions,Metric tons,1309.612
2004,Material footprint,,Normal value,Millions,Metric tons,1464.399
2005,Material footprint,,Normal value,Millions,Metric tons,1365.497
2006,Material footprint,,Normal value,Millions,Metric tons,1352.15
2007,Material footprint,,Normal value,Millions,Metric tons,1302.617
2008,Material footprint,,Normal value,Millions,Metric tons,1156.109
2009,Material footprint,,Normal value,Millions,Metric tons,1012.619
2010,Material footprint,,Normal value,Millions,Metric tons,954.336
2011,Material footprint,,Normal value,Millions,Metric tons,964.866
2012,Material footprint,,Normal value,Millions,Metric tons,951.984
2013,Material footprint,,Normal value,Millions,Metric tons,1024.069
2014,Material footprint,,Normal value,Millions,Metric tons,1112.38
2015,Material footprint,,Normal value,Millions,Metric tons,1195.637
2016,Material footprint,,Normal value,Millions,Metric tons,1070.756
2017,Material footprint,,Normal value,Millions,Metric tons,970.509
2018,Material footprint,,Normal value,Millions,Metric tons,971.213
1990,Material footprint per capita,,Normal value,Units,Metric tons,19.0
1991,Material footprint per capita,,Normal value,Units,Metric tons,18.5
1992,Material footprint per capita,,Normal value,Units,Metric tons,16.8
1993,Material footprint per capita,,Normal value,Units,Metric tons,16.2
1994,Material footprint per capita,,Normal value,Units,Metric tons,16.0
1995,Material footprint per capita,,Normal value,Units,Metric tons,14.9
1996,Material footprint per capita,,Normal value,Units,Metric tons,16.2
1997,Material footprint per capita,,Normal value,Units,Metric tons,19.6
1998,Material footprint per capita,,Normal value,Units,Metric tons,22.8
1999,Material footprint per capita,,Normal value,Units,Metric tons,23.7
2000,Material footprint per capita,,Normal value,Units,Metric tons,23.2
2001,Material footprint per capita,,Normal value,Units,Metric tons,24.2
2002,Material footprint per capita,,Normal value,Units,Metric tons,22.6
2003,Material footprint per capita,,Normal value,Units,Metric tons,22.0
2004,Material footprint per capita,,Normal value,Units,Metric tons,24.4
2005,Material footprint per capita,,Normal value,Units,Metric tons,22.6
2006,Material footprint per capita,,Normal value,Units,Metric tons,22.2
2007,Material footprint per capita,,Normal value,Units,Metric tons,21.2
2008,Material footprint per capita,,Normal value,Units,Metric tons,18.7
2009,Material footprint per capita,,Normal value,Units,Metric tons,16.3
2010,Material footprint per capita,,Normal value,Units,Metric tons,15.2
2011,Material footprint per capita,,Normal value,Units,Metric tons,15.2
2012,Material footprint per capita,,Normal value,Units,Metric tons,14.9
2013,Material footprint per capita,,Normal value,Units,Metric tons,16.0
2014,Material footprint per capita,,Normal value,Units,Metric tons,17.2
2015,Material footprint per capita,,Normal value,Units,Metric tons,18.4
2016,Material footprint per capita,,Normal value,Units,Metric tons,16.3
2017,Material footprint per capita,,Normal value,Units,Metric tons,14.7
2018,Material footprint per capita,,Normal value,Units,Metric tons,14.6
1990,Material footprint per unit of GDP,,Normal value,Units,Kilograms per constant USD,0.37388
1991,Material footprint per unit of GDP,,Normal value,Units,Kilograms per constant USD,0.39475
1992,Material footprint per unit of GDP,,Normal value,Units,Kilograms per constant USD,0.36828
1993,Material footprint per unit of GDP,,Normal value,Units,Kilograms per constant USD,0.35715
1994,Material footprint per unit of GDP,,Normal value,Units,Kilograms per constant USD,0.34624
1995,Material footprint per unit of GDP,,Normal value,Units,Kilograms per constant USD,0.32308
1996,Material footprint per unit of GDP,,Normal value,Units,Kilograms per constant USD,0.3568
1997,Material footprint per unit of GDP,,Normal value,Units,Kilograms per constant USD,0.41305
1998,Material footprint per unit of GDP,,Normal value,Units,Kilograms per constant USD,0.46777
1999,Material footprint per unit of GDP,,Normal value,Units,Kilograms per constant USD,0.47836
2000,Material footprint per unit of GDP,,Normal value,Units,Kilograms per constant USD,0.46124
2001,Material footprint per unit of GDP,,Normal value,Units,Kilograms per constant USD,0.47465
2002,Material footprint per unit of GDP,,Normal value,Units,Kilograms per constant USD,0.44659
2003,Material footprint per unit of GDP,,Normal value,Units,Kilograms per constant USD,0.431
2004,Material footprint per unit of GDP,,Normal value,Units,Kilograms per constant USD,0.48311
2005,Material footprint per unit of GDP,,Normal value,Units,Kilograms per constant USD,0.44937
2006,Material footprint per unit of GDP,,Normal value,Units,Kilograms per constant USD,0.44546
2007,Material footprint per unit of GDP,,Normal value,Units,Kilograms per constant USD,0.43057
2008,Material footprint per unit of GDP,,Normal value,Units,Kilograms per constant USD,0.39501
2009,Material footprint per unit of GDP,,Normal value,Units,Kilograms per constant USD,0.36666
2010,Material footprint per unit of GDP,,Normal value,Units,Kilograms per constant USD,0.34398
2011,Material footprint per unit of GDP,,Normal value,Units,Kilograms per constant USD,0.35049
2012,Material footprint per unit of GDP,,Normal value,Units,Kilograms per constant USD,0.34658
2013,Material footprint per unit of GDP,,Normal value,Units,Kilograms per constant USD,0.37134
2014,Material footprint per unit of GDP,,Normal value,Units,Kilograms per constant USD,0.39893
2015,Material footprint per unit of GDP,,Normal value,Units,Kilograms per constant USD,0.42166
2016,Material footprint per unit of GDP,,Normal value,Units,Kilograms per constant USD,0.37921
2017,Material footprint per unit of GDP,,Normal value,Units,Kilograms per constant USD,0.34438
2018,Material footprint per unit of GDP,,Normal value,Units,Kilograms per constant USD,0.34802
1990,Material footprint per unit of GDP,,Definition differs,Units,Tons per GDP (millions of pounds),889.0
1991,Material footprint per unit of GDP,,Definition differs,Units,Tons per GDP (millions of pounds),880.0
1992,Material footprint per unit of GDP,,Definition differs,Units,Tons per GDP (millions of pounds),796.0
1993,Material footprint per unit of GDP,,Definition differs,Units,Tons per GDP (millions of pounds),752.0
1994,Material footprint per unit of GDP,,Definition differs,Units,Tons per GDP (millions of pounds),719.0
1995,Material footprint per unit of GDP,,Definition differs,Units,Tons per GDP (millions of pounds),655.0
1996,Material footprint per unit of GDP,,Definition differs,Units,Tons per GDP (millions of pounds),695.0
1997,Material footprint per unit of GDP,,Definition differs,Units,Tons per GDP (millions of pounds),805.0
1998,Material footprint per unit of GDP,,Definition differs,Units,Tons per GDP (millions of pounds),902.0
1999,Material footprint per unit of GDP,,Definition differs,Units,Tons per GDP (millions of pounds),914.0
2000,Material footprint per unit of GDP,,Definition differs,Units,Tons per GDP (millions of pounds),865.0
2001,Material footprint per unit of GDP,,Definition differs,Units,Tons per GDP (millions of pounds),881.0
2002,Material footprint per unit of GDP,,Definition differs,Units,Tons per GDP (millions of pounds),812.0
2003,Material footprint per unit of GDP,,Definition differs,Units,Tons per GDP (millions of pounds),765.0
2004,Material footprint per unit of GDP,,Definition differs,Units,Tons per GDP (millions of pounds),836.0
2005,Material footprint per unit of GDP,,Definition differs,Units,Tons per GDP (millions of pounds),758.0
2006,Material footprint per unit of GDP,,Definition differs,Units,Tons per GDP (millions of pounds),731.0
2007,Material footprint per unit of GDP,,Definition differs,Units,Tons per GDP (millions of pounds),688.0
2008,Material footprint per unit of GDP,,Definition differs,Units,Tons per GDP (millions of pounds),612.0
2009,Material footprint per unit of GDP,,Definition differs,Units,Tons per GDP (millions of pounds),559.0
2010,Material footprint per unit of GDP,,Definition differs,Units,Tons per GDP (millions of pounds),516.0
2011,Material footprint per unit of GDP,,Definition differs,Units,Tons per GDP (millions of pounds),515.0
2012,Material footprint per unit of GDP,,Definition differs,Units,Tons per GDP (millions of pounds),501.0
2013,Material footprint per unit of GDP,,Definition differs,Units,Tons per GDP (millions of pounds),528.0
2014,Material footprint per unit of GDP,,Definition differs,Units,Tons per GDP (millions of pounds),557.0
2015,Material footprint per unit of GDP,,Definition differs,Units,Tons per GDP (millions of pounds),585.0
2016,Material footprint per unit of GDP,,Definition differs,Units,Tons per GDP (millions of pounds),515.0
2017,Material footprint per unit of GDP,,Definition differs,Units,Tons per GDP (millions of pounds),459.0
2018,Material footprint per unit of GDP,,Definition differs,Units,Tons per GDP (millions of pounds),453.0
1990,Material footprint,Biomass,Normal value,Millions,Metric tons,223.076
1991,Material footprint,Biomass,Normal value,Millions,Metric tons,223.854
1992,Material footprint,Biomass,Normal value,Millions,Metric tons,219.603
1993,Material footprint,Biomass,Normal value,Millions,Metric tons,211.72
1994,Material footprint,Biomass,Normal value,Millions,Metric tons,210.079
1995,Material footprint,Biomass,Normal value,Millions,Metric tons,200.69
1996,Material footprint,Biomass,Normal value,Millions,Metric tons,223.534
1997,Material footprint,Biomass,Normal value,Millions,Metric tons,252.335
1998,Material footprint,Biomass,Normal value,Millions,Metric tons,269.067
1999,Material footprint,Biomass,Normal value,Millions,Metric tons,273.075
2000,Material footprint,Biomass,Normal value,Millions,Metric tons,270.481
2001,Material footprint,Biomass,Normal value,Millions,Metric tons,260.938
2002,Material footprint,Biomass,Normal value,Millions,Metric tons,280.069
2003,Material footprint,Biomass,Normal value,Millions,Metric tons,276.739
2004,Material footprint,Biomass,Normal value,Millions,Metric tons,295.43
2005,Material footprint,Biomass,Normal value,Millions,Metric tons,288.585
2006,Material footprint,Biomass,Normal value,Millions,Metric tons,280.28
2007,Material footprint,Biomass,Normal value,Millions,Metric tons,272.537
2008,Material footprint,Biomass,Normal value,Millions,Metric tons,270.041
2009,Material footprint,Biomass,Normal value,Millions,Metric tons,256.694
2010,Material footprint,Biomass,Normal value,Millions,Metric tons,252.072
2011,Material footprint,Biomass,Normal value,Millions,Metric tons,261.938
2012,Material footprint,Biomass,Normal value,Millions,Metric tons,259.161
2013,Material footprint,Biomass,Normal value,Millions,Metric tons,263.203
2014,Material footprint,Biomass,Normal value,Millions,Metric tons,281.113
2015,Material footprint,Biomass,Normal value,Millions,Metric tons,281.6
2016,Material footprint,Biomass,Normal value,Millions,Metric tons,257.725
2017,Material footprint,Biomass,Normal value,Millions,Metric tons,252.425
2018,Material footprint,Biomass,Normal value,Millions,Metric tons,246.871
1990,Material footprint,Metal ores excluding precious metals,Normal value,Millions,Metric tons,40.586
1991,Material footprint,Metal ores excluding precious metals,Normal value,Millions,Metric tons,39.776
1992,Material footprint,Metal ores excluding precious metals,Normal value,Millions,Metric tons,36.859
1993,Material footprint,Metal ores excluding precious metals,Normal value,Millions,Metric tons,36.046
1994,Material footprint,Metal ores excluding precious metals,Normal value,Millions,Metric tons,37.369
1995,Material footprint,Metal ores excluding precious metals,Normal value,Millions,Metric tons,35.285
1996,Material footprint,Metal ores excluding precious metals,Normal value,Millions,Metric tons,38.388
1997,Material footprint,Metal ores excluding precious metals,Normal value,Millions,Metric tons,47.843
1998,Material footprint,Metal ores excluding precious metals,Normal value,Millions,Metric tons,59.356
1999,Material footprint,Metal ores excluding precious metals,Normal value,Millions,Metric tons,64.45
2000,Material footprint,Metal ores excluding precious metals,Normal value,Millions,Metric tons,66.102
2001,Material footprint,Metal ores excluding precious metals,Normal value,Millions,Metric tons,72.74
2002,Material footprint,Metal ores excluding precious metals,Normal value,Millions,Metric tons,68.274
2003,Material footprint,Metal ores excluding precious metals,Normal value,Millions,Metric tons,63.767
2004,Material footprint,Metal ores excluding precious metals,Normal value,Millions,Metric tons,66.314
2005,Material footprint,Metal ores excluding precious metals,Normal value,Millions,Metric tons,64.027
2006,Material footprint,Metal ores excluding precious metals,Normal value,Millions,Metric tons,64.375
2007,Material footprint,Metal ores excluding precious metals,Normal value,Millions,Metric tons,67.796
2008,Material footprint,Metal ores excluding precious metals,Normal value,Millions,Metric tons,56.26
2009,Material footprint,Metal ores excluding precious metals,Normal value,Millions,Metric tons,48.37
2010,Material footprint,Metal ores excluding precious metals,Normal value,Millions,Metric tons,49.132
2011,Material footprint,Metal ores excluding precious metals,Normal value,Millions,Metric tons,48.749
2012,Material footprint,Metal ores excluding precious metals,Normal value,Millions,Metric tons,50.674
2013,Material footprint,Metal ores excluding precious metals,Normal value,Millions,Metric tons,54.02
2014,Material footprint,Metal ores excluding precious metals,Normal value,Millions,Metric tons,54.803
2015,Material footprint,Metal ores excluding precious metals,Normal value,Millions,Metric tons,53.56
2016,Material footprint,Metal ores excluding precious metals,Normal value,Millions,Metric tons,51.249
2017,Material footprint,Metal ores excluding precious metals,Normal value,Millions,Metric tons,45.174
2018,Material footprint,Metal ores excluding precious metals,Normal value,Millions,Metric tons,49.497
1990,Material footprint,Non-metallic minerals,Normal value,Millions,Metric tons,369.919
1991,Material footprint,Non-metallic minerals,Normal value,Millions,Metric tons,364.13
1992,Material footprint,Non-metallic minerals,Normal value,Millions,Metric tons,357.659
1993,Material footprint,Non-metallic minerals,Normal value,Millions,Metric tons,356.035
1994,Material footprint,Non-metallic minerals,Normal value,Millions,Metric tons,377.765
1995,Material footprint,Non-metallic minerals,Normal value,Millions,Metric tons,349.157
1996,Material footprint,Non-metallic minerals,Normal value,Millions,Metric tons,310.765
1997,Material footprint,Non-metallic minerals,Normal value,Millions,Metric tons,418.479
1998,Material footprint,Non-metallic minerals,Normal value,Millions,Metric tons,463.243
1999,Material footprint,Non-metallic minerals,Normal value,Millions,Metric tons,490.312
2000,Material footprint,Non-metallic minerals,Normal value,Millions,Metric tons,552.788
2001,Material footprint,Non-metallic minerals,Normal value,Millions,Metric tons,595.119
2002,Material footprint,Non-metallic minerals,Normal value,Millions,Metric tons,571.586
2003,Material footprint,Non-metallic minerals,Normal value,Millions,Metric tons,596.932
2004,Material footprint,Non-metallic minerals,Normal value,Millions,Metric tons,639.17
2005,Material footprint,Non-metallic minerals,Normal value,Millions,Metric tons,615.696
2006,Material footprint,Non-metallic minerals,Normal value,Millions,Metric tons,600.033
2007,Material footprint,Non-metallic minerals,Normal value,Millions,Metric tons,580.562
2008,Material footprint,Non-metallic minerals,Normal value,Millions,Metric tons,482.148
2009,Material footprint,Non-metallic minerals,Normal value,Millions,Metric tons,392.241
2010,Material footprint,Non-metallic minerals,Normal value,Millions,Metric tons,374.938
2011,Material footprint,Non-metallic minerals,Normal value,Millions,Metric tons,396.114
2012,Material footprint,Non-metallic minerals,Normal value,Millions,Metric tons,386.379
2013,Material footprint,Non-metallic minerals,Normal value,Millions,Metric tons,422.311
2014,Material footprint,Non-metallic minerals,Normal value,Millions,Metric tons,516.363
2015,Material footprint,Non-metallic minerals,Normal value,Millions,Metric tons,594.097
2016,Material footprint,Non-metallic minerals,Normal value,Millions,Metric tons,545.295
2017,Material footprint,Non-metallic minerals,Normal value,Millions,Metric tons,497.023
2018,Material footprint,Non-metallic minerals,Normal value,Millions,Metric tons,496.62
1990,Material footprint,Fossil fuels,Normal value,Millions,Metric tons,451.833
1991,Material footprint,Fossil fuels,Normal value,Millions,Metric tons,435.069
1992,Material footprint,Fossil fuels,Normal value,Millions,Metric tons,351.046
1993,Material footprint,Fossil fuels,Normal value,Millions,Metric tons,330.087
1994,Material footprint,Fossil fuels,Normal value,Millions,Metric tons,302.478
1995,Material footprint,Fossil fuels,Normal value,Millions,Metric tons,281.326
1996,Material footprint,Fossil fuels,Normal value,Millions,Metric tons,369.234
1997,Material footprint,Fossil fuels,Normal value,Millions,Metric tons,426.81
1998,Material footprint,Fossil fuels,Normal value,Millions,Metric tons,539.855
1999,Material footprint,Fossil fuels,Normal value,Millions,Metric tons,565.664
2000,Material footprint,Fossil fuels,Normal value,Millions,Metric tons,476.371
2001,Material footprint,Fossil fuels,Normal value,Millions,Metric tons,499.106
2002,Material footprint,Fossil fuels,Normal value,Millions,Metric tons,424.54
2003,Material footprint,Fossil fuels,Normal value,Millions,Metric tons,372.173
2004,Material footprint,Fossil fuels,Normal value,Millions,Metric tons,463.485
2005,Material footprint,Fossil fuels,Normal value,Millions,Metric tons,397.19
2006,Material footprint,Fossil fuels,Normal value,Millions,Metric tons,407.463
2007,Material footprint,Fossil fuels,Normal value,Millions,Metric tons,381.722
2008,Material footprint,Fossil fuels,Normal value,Millions,Metric tons,347.659
2009,Material footprint,Fossil fuels,Normal value,Millions,Metric tons,315.314
2010,Material footprint,Fossil fuels,Normal value,Millions,Metric tons,278.194
2011,Material footprint,Fossil fuels,Normal value,Millions,Metric tons,258.064
2012,Material footprint,Fossil fuels,Normal value,Millions,Metric tons,255.77
2013,Material footprint,Fossil fuels,Normal value,Millions,Metric tons,284.535
2014,Material footprint,Fossil fuels,Normal value,Millions,Metric tons,260.102
2015,Material footprint,Fossil fuels,Normal value,Millions,Metric tons,266.38
2016,Material footprint,Fossil fuels,Normal value,Millions,Metric tons,216.487
2017,Material footprint,Fossil fuels,Normal value,Millions,Metric tons,175.888
2018,Material footprint,Fossil fuels,Normal value,Millions,Metric tons,178.226
1990,Material footprint per capita,Biomass,Normal value,Units,Metric tons,3.9
1991,Material footprint per capita,Biomass,Normal value,Units,Metric tons,3.9
1992,Material footprint per capita,Biomass,Normal value,Units,Metric tons,3.8
1993,Material footprint per capita,Biomass,Normal value,Units,Metric tons,3.7
1994,Material footprint per capita,Biomass,Normal value,Units,Metric tons,3.6
1995,Material footprint per capita,Biomass,Normal value,Units,Metric tons,3.5
1996,Material footprint per capita,Biomass,Normal value,Units,Metric tons,3.8
1997,Material footprint per capita,Biomass,Normal value,Units,Metric tons,4.3
1998,Material footprint per capita,Biomass,Normal value,Units,Metric tons,4.6
1999,Material footprint per capita,Biomass,Normal value,Units,Metric tons,4.7
2000,Material footprint per capita,Biomass,Normal value,Units,Metric tons,4.6
2001,Material footprint per capita,Biomass,Normal value,Units,Metric tons,4.4
2002,Material footprint per capita,Biomass,Normal value,Units,Metric tons,4.7
2003,Material footprint per capita,Biomass,Normal value,Units,Metric tons,4.6
2004,Material footprint per capita,Biomass,Normal value,Units,Metric tons,4.9
2005,Material footprint per capita,Biomass,Normal value,Units,Metric tons,4.8
2006,Material footprint per capita,Biomass,Normal value,Units,Metric tons,4.6
2007,Material footprint per capita,Biomass,Normal value,Units,Metric tons,4.4
2008,Material footprint per capita,Biomass,Normal value,Units,Metric tons,4.4
2009,Material footprint per capita,Biomass,Normal value,Units,Metric tons,4.1
2010,Material footprint per capita,Biomass,Normal value,Units,Metric tons,4.0
2011,Material footprint per capita,Biomass,Normal value,Units,Metric tons,4.1
2012,Material footprint per capita,Biomass,Normal value,Units,Metric tons,4.1
2013,Material footprint per capita,Biomass,Normal value,Units,Metric tons,4.1
2014,Material footprint per capita,Biomass,Normal value,Units,Metric tons,4.4
2015,Material footprint per capita,Biomass,Normal value,Units,Metric tons,4.3
2016,Material footprint per capita,Biomass,Normal value,Units,Metric tons,3.9
2017,Material footprint per capita,Biomass,Normal value,Units,Metric tons,3.8
2018,Material footprint per capita,Biomass,Normal value,Units,Metric tons,3.7
1990,Material footprint per capita,Metal ores excluding precious metals,Normal value,Units,Metric tons,0.7
1991,Material footprint per capita,Metal ores excluding precious metals,Normal value,Units,Metric tons,0.7
1992,Material footprint per capita,Metal ores excluding precious metals,Normal value,Units,Metric tons,0.6
1993,Material footprint per capita,Metal ores excluding precious metals,Normal value,Units,Metric tons,0.6
1994,Material footprint per capita,Metal ores excluding precious metals,Normal value,Units,Metric tons,0.6
1995,Material footprint per capita,Metal ores excluding precious metals,Normal value,Units,Metric tons,0.6
1996,Material footprint per capita,Metal ores excluding precious metals,Normal value,Units,Metric tons,0.7
1997,Material footprint per capita,Metal ores excluding precious metals,Normal value,Units,Metric tons,0.8
1998,Material footprint per capita,Metal ores excluding precious metals,Normal value,Units,Metric tons,1.0
1999,Material footprint per capita,Metal ores excluding precious metals,Normal value,Units,Metric tons,1.1
2000,Material footprint per capita,Metal ores excluding precious metals,Normal value,Units,Metric tons,1.1
2001,Material footprint per capita,Metal ores excluding precious metals,Normal value,Units,Metric tons,1.2
2002,Material footprint per capita,Metal ores excluding precious metals,Normal value,Units,Metric tons,1.2
2003,Material footprint per capita,Metal ores excluding precious metals,Normal value,Units,Metric tons,1.1
2004,Material footprint per capita,Metal ores excluding precious metals,Normal value,Units,Metric tons,1.1
2005,Material footprint per capita,Metal ores excluding precious metals,Normal value,Units,Metric tons,1.1
2006,Material footprint per capita,Metal ores excluding precious metals,Normal value,Units,Metric tons,1.1
2007,Material footprint per capita,Metal ores excluding precious metals,Normal value,Units,Metric tons,1.1
2008,Material footprint per capita,Metal ores excluding precious metals,Normal value,Units,Metric tons,0.9
2009,Material footprint per capita,Metal ores excluding precious metals,Normal value,Units,Metric tons,0.8
2010,Material footprint per capita,Metal ores excluding precious metals,Normal value,Units,Metric tons,0.8
2011,Material footprint per capita,Metal ores excluding precious metals,Normal value,Units,Metric tons,0.8
2012,Material footprint per capita,Metal ores excluding precious metals,Normal value,Units,Metric tons,0.8
2013,Material footprint per capita,Metal ores excluding precious metals,Normal value,Units,Metric tons,0.8
2014,Material footprint per capita,Metal ores excluding precious metals,Normal value,Units,Metric tons,0.8
2015,Material footprint per capita,Metal ores excluding precious metals,Normal value,Units,Metric tons,0.8
2016,Material footprint per capita,Metal ores excluding precious metals,Normal value,Units,Metric tons,0.8
2017,Material footprint per capita,Metal ores excluding precious metals,Normal value,Units,Metric tons,0.7
2018,Material footprint per capita,Metal ores excluding precious metals,Normal value,Units,Metric tons,0.7
1990,Material footprint per capita,Non-metallic minerals,Normal value,Units,Metric tons,6.5
1991,Material footprint per capita,Non-metallic minerals,Normal value,Units,Metric tons,6.3
1992,Material footprint per capita,Non-metallic minerals,Normal value,Units,Metric tons,6.2
1993,Material footprint per capita,Non-metallic minerals,Normal value,Units,Metric tons,6.2
1994,Material footprint per capita,Non-metallic minerals,Normal value,Units,Metric tons,6.5
1995,Material footprint per capita,Non-metallic minerals,Normal value,Units,Metric tons,6.0
1996,Material footprint per capita,Non-metallic minerals,Normal value,Units,Metric tons,5.3
1997,Material footprint per capita,Non-metallic minerals,Normal value,Units,Metric tons,7.2
1998,Material footprint per capita,Non-metallic minerals,Normal value,Units,Metric tons,7.9
1999,Material footprint per capita,Non-metallic minerals,Normal value,Units,Metric tons,8.4
2000,Material footprint per capita,Non-metallic minerals,Normal value,Units,Metric tons,9.4
2001,Material footprint per capita,Non-metallic minerals,Normal value,Units,Metric tons,10.1
2002,Material footprint per capita,Non-metallic minerals,Normal value,Units,Metric tons,9.6
2003,Material footprint per capita,Non-metallic minerals,Normal value,Units,Metric tons,10.0
2004,Material footprint per capita,Non-metallic minerals,Normal value,Units,Metric tons,10.7
2005,Material footprint per capita,Non-metallic minerals,Normal value,Units,Metric tons,10.2
2006,Material footprint per capita,Non-metallic minerals,Normal value,Units,Metric tons,9.9
2007,Material footprint per capita,Non-metallic minerals,Normal value,Units,Metric tons,9.5
2008,Material footprint per capita,Non-metallic minerals,Normal value,Units,Metric tons,7.8
2009,Material footprint per capita,Non-metallic minerals,Normal value,Units,Metric tons,6.3
2010,Material footprint per capita,Non-metallic minerals,Normal value,Units,Metric tons,6.0
2011,Material footprint per capita,Non-metallic minerals,Normal value,Units,Metric tons,6.3
2012,Material footprint per capita,Non-metallic minerals,Normal value,Units,Metric tons,6.1
2013,Material footprint per capita,Non-metallic minerals,Normal value,Units,Metric tons,6.6
2014,Material footprint per capita,Non-metallic minerals,Normal value,Units,Metric tons,8.0
2015,Material footprint per capita,Non-metallic minerals,Normal value,Units,Metric tons,9.1
2016,Material footprint per capita,Non-metallic minerals,Normal value,Units,Metric tons,8.3
2017,Material footprint per capita,Non-metallic minerals,Normal value,Units,Metric tons,7.5
2018,Material footprint per capita,Non-metallic minerals,Normal value,Units,Metric tons,7.5
1990,Material footprint per capita,Fossil fuels,Normal value,Units,Metric tons,7.9
1991,Material footprint per capita,Fossil fuels,Normal value,Units,Metric tons,7.6
1992,Material footprint per capita,Fossil fuels,Normal value,Units,Metric tons,6.1
1993,Material footprint per capita,Fossil fuels,Normal value,Units,Metric tons,5.7
1994,Material footprint per capita,Fossil fuels,Normal value,Units,Metric tons,5.2
1995,Material footprint per capita,Fossil fuels,Normal value,Units,Metric tons,4.8
1996,Material footprint per capita,Fossil fuels,Normal value,Units,Metric tons,6.3
1997,Material footprint per capita,Fossil fuels,Normal value,Units,Metric tons,7.3
1998,Material footprint per capita,Fossil fuels,Normal value,Units,Metric tons,9.2
1999,Material footprint per capita,Fossil fuels,Normal value,Units,Metric tons,9.6
2000,Material footprint per capita,Fossil fuels,Normal value,Units,Metric tons,8.1
2001,Material footprint per capita,Fossil fuels,Normal value,Units,Metric tons,8.4
2002,Material footprint per capita,Fossil fuels,Normal value,Units,Metric tons,7.2
2003,Material footprint per capita,Fossil fuels,Normal value,Units,Metric tons,6.2
2004,Material footprint per capita,Fossil fuels,Normal value,Units,Metric tons,7.7
2005,Material footprint per capita,Fossil fuels,Normal value,Units,Metric tons,6.6
2006,Material footprint per capita,Fossil fuels,Normal value,Units,Metric tons,6.7
2007,Material footprint per capita,Fossil fuels,Normal value,Units,Metric tons,6.2
2008,Material footprint per capita,Fossil fuels,Normal value,Units,Metric tons,5.6
2009,Material footprint per capita,Fossil fuels,Normal value,Units,Metric tons,5.1
2010,Material footprint per capita,Fossil fuels,Normal value,Units,Metric tons,4.4
2011,Material footprint per capita,Fossil fuels,Normal value,Units,Metric tons,4.1
2012,Material footprint per capita,Fossil fuels,Normal value,Units,Metric tons,4.0
2013,Material footprint per capita,Fossil fuels,Normal value,Units,Metric tons,4.4
2014,Material footprint per capita,Fossil fuels,Normal value,Units,Metric tons,4.0
2015,Material footprint per capita,Fossil fuels,Normal value,Units,Metric tons,4.1
2016,Material footprint per capita,Fossil fuels,Normal value,Units,Metric tons,3.3
2017,Material footprint per capita,Fossil fuels,Normal value,Units,Metric tons,2.7
2018,Material footprint per capita,Fossil fuels,Normal value,Units,Metric tons,2.7
1990,Material footprint per unit of GDP,Biomass,Normal value,Units,Kilograms per constant USD,0.07684
1991,Material footprint per unit of GDP,Biomass,Normal value,Units,Kilograms per constant USD,0.08314
1992,Material footprint per unit of GDP,Biomass,Normal value,Units,Kilograms per constant USD,0.08379
1993,Material footprint per unit of GDP,Biomass,Normal value,Units,Kilograms per constant USD,0.08097
1994,Material footprint per unit of GDP,Biomass,Normal value,Units,Kilograms per constant USD,0.07841
1995,Material footprint per unit of GDP,Biomass,Normal value,Units,Kilograms per constant USD,0.07483
1996,Material footprint per unit of GDP,Biomass,Normal value,Units,Kilograms per constant USD,0.08467
1997,Material footprint per unit of GDP,Biomass,Normal value,Units,Kilograms per constant USD,0.09099
1998,Material footprint per unit of GDP,Biomass,Normal value,Units,Kilograms per constant USD,0.09452
1999,Material footprint per unit of GDP,Biomass,Normal value,Units,Kilograms per constant USD,0.09374
2000,Material footprint per unit of GDP,Biomass,Normal value,Units,Kilograms per constant USD,0.09135
2001,Material footprint per unit of GDP,Biomass,Normal value,Units,Kilograms per constant USD,0.08674
2002,Material footprint per unit of GDP,Biomass,Normal value,Units,Kilograms per constant USD,0.09303
2003,Material footprint per unit of GDP,Biomass,Normal value,Units,Kilograms per constant USD,0.09108
2004,Material footprint per unit of GDP,Biomass,Normal value,Units,Kilograms per constant USD,0.09746
2005,Material footprint per unit of GDP,Biomass,Normal value,Units,Kilograms per constant USD,0.09497
2006,Material footprint per unit of GDP,Biomass,Normal value,Units,Kilograms per constant USD,0.09234
2007,Material footprint per unit of GDP,Biomass,Normal value,Units,Kilograms per constant USD,0.09008
2008,Material footprint per unit of GDP,Biomass,Normal value,Units,Kilograms per constant USD,0.09227
2009,Material footprint per unit of GDP,Biomass,Normal value,Units,Kilograms per constant USD,0.09295
2010,Material footprint per unit of GDP,Biomass,Normal value,Units,Kilograms per constant USD,0.09086
2011,Material footprint per unit of GDP,Biomass,Normal value,Units,Kilograms per constant USD,0.09515
2012,Material footprint per unit of GDP,Biomass,Normal value,Units,Kilograms per constant USD,0.09435
2013,Material footprint per unit of GDP,Biomass,Normal value,Units,Kilograms per constant USD,0.09544
2014,Material footprint per unit of GDP,Biomass,Normal value,Units,Kilograms per constant USD,0.10081
2015,Material footprint per unit of GDP,Biomass,Normal value,Units,Kilograms per constant USD,0.09931
2016,Material footprint per unit of GDP,Biomass,Normal value,Units,Kilograms per constant USD,0.09127
2017,Material footprint per unit of GDP,Biomass,Normal value,Units,Kilograms per constant USD,0.08957
2018,Material footprint per unit of GDP,Biomass,Normal value,Units,Kilograms per constant USD,0.08846
1990,Material footprint per unit of GDP,Metal ores excluding precious metals,Normal value,Units,Kilograms per constant USD,0.01398
1991,Material footprint per unit of GDP,Metal ores excluding precious metals,Normal value,Units,Kilograms per constant USD,0.01477
1992,Material footprint per unit of GDP,Metal ores excluding precious metals,Normal value,Units,Kilograms per constant USD,0.01406
1993,Material footprint per unit of GDP,Metal ores excluding precious metals,Normal value,Units,Kilograms per constant USD,0.01379
1994,Material footprint per unit of GDP,Metal ores excluding precious metals,Normal value,Units,Kilograms per constant USD,0.01395
1995,Material footprint per unit of GDP,Metal ores excluding precious metals,Normal value,Units,Kilograms per constant USD,0.01316
1996,Material footprint per unit of GDP,Metal ores excluding precious metals,Normal value,Units,Kilograms per constant USD,0.01454
1997,Material footprint per unit of GDP,Metal ores excluding precious metals,Normal value,Units,Kilograms per constant USD,0.01725
1998,Material footprint per unit of GDP,Metal ores excluding precious metals,Normal value,Units,Kilograms per constant USD,0.02085
1999,Material footprint per unit of GDP,Metal ores excluding precious metals,Normal value,Units,Kilograms per constant USD,0.02212
2000,Material footprint per unit of GDP,Metal ores excluding precious metals,Normal value,Units,Kilograms per constant USD,0.02232
2001,Material footprint per unit of GDP,Metal ores excluding precious metals,Normal value,Units,Kilograms per constant USD,0.02418
2002,Material footprint per unit of GDP,Metal ores excluding precious metals,Normal value,Units,Kilograms per constant USD,0.02268
2003,Material footprint per unit of GDP,Metal ores excluding precious metals,Normal value,Units,Kilograms per constant USD,0.02099
2004,Material footprint per unit of GDP,Metal ores excluding precious metals,Normal value,Units,Kilograms per constant USD,0.02188
2005,Material footprint per unit of GDP,Metal ores excluding precious metals,Normal value,Units,Kilograms per constant USD,0.02107
2006,Material footprint per unit of GDP,Metal ores excluding precious metals,Normal value,Units,Kilograms per constant USD,0.02121
2007,Material footprint per unit of GDP,Metal ores excluding precious metals,Normal value,Units,Kilograms per constant USD,0.02241
2008,Material footprint per unit of GDP,Metal ores excluding precious metals,Normal value,Units,Kilograms per constant USD,0.01922
2009,Material footprint per unit of GDP,Metal ores excluding precious metals,Normal value,Units,Kilograms per constant USD,0.01751
2010,Material footprint per unit of GDP,Metal ores excluding precious metals,Normal value,Units,Kilograms per constant USD,0.01771
2011,Material footprint per unit of GDP,Metal ores excluding precious metals,Normal value,Units,Kilograms per constant USD,0.01771
2012,Material footprint per unit of GDP,Metal ores excluding precious metals,Normal value,Units,Kilograms per constant USD,0.01845
2013,Material footprint per unit of GDP,Metal ores excluding precious metals,Normal value,Units,Kilograms per constant USD,0.01959
2014,Material footprint per unit of GDP,Metal ores excluding precious metals,Normal value,Units,Kilograms per constant USD,0.01965
2015,Material footprint per unit of GDP,Metal ores excluding precious metals,Normal value,Units,Kilograms per constant USD,0.01889
2016,Material footprint per unit of GDP,Metal ores excluding precious metals,Normal value,Units,Kilograms per constant USD,0.01815
2017,Material footprint per unit of GDP,Metal ores excluding precious metals,Normal value,Units,Kilograms per constant USD,0.01603
2018,Material footprint per unit of GDP,Metal ores excluding precious metals,Normal value,Units,Kilograms per constant USD,0.01774
1990,Material footprint per unit of GDP,Non-metallic minerals,Normal value,Units,Kilograms per constant USD,0.12742
1991,Material footprint per unit of GDP,Non-metallic minerals,Normal value,Units,Kilograms per constant USD,0.13524
1992,Material footprint per unit of GDP,Non-metallic minerals,Normal value,Units,Kilograms per constant USD,0.13647
1993,Material footprint per unit of GDP,Non-metallic minerals,Normal value,Units,Kilograms per constant USD,0.13616
1994,Material footprint per unit of GDP,Non-metallic minerals,Normal value,Units,Kilograms per constant USD,0.14099
1995,Material footprint per unit of GDP,Non-metallic minerals,Normal value,Units,Kilograms per constant USD,0.13019
1996,Material footprint per unit of GDP,Non-metallic minerals,Normal value,Units,Kilograms per constant USD,0.11772
1997,Material footprint per unit of GDP,Non-metallic minerals,Normal value,Units,Kilograms per constant USD,0.1509
1998,Material footprint per unit of GDP,Non-metallic minerals,Normal value,Units,Kilograms per constant USD,0.16274
1999,Material footprint per unit of GDP,Non-metallic minerals,Normal value,Units,Kilograms per constant USD,0.16831
2000,Material footprint per unit of GDP,Non-metallic minerals,Normal value,Units,Kilograms per constant USD,0.18669
2001,Material footprint per unit of GDP,Non-metallic minerals,Normal value,Units,Kilograms per constant USD,0.19782
2002,Material footprint per unit of GDP,Non-metallic minerals,Normal value,Units,Kilograms per constant USD,0.18986
2003,Material footprint per unit of GDP,Non-metallic minerals,Normal value,Units,Kilograms per constant USD,0.19645
2004,Material footprint per unit of GDP,Non-metallic minerals,Normal value,Units,Kilograms per constant USD,0.21086
2005,Material footprint per unit of GDP,Non-metallic minerals,Normal value,Units,Kilograms per constant USD,0.20262
2006,Material footprint per unit of GDP,Non-metallic minerals,Normal value,Units,Kilograms per constant USD,0.19768
2007,Material footprint per unit of GDP,Non-metallic minerals,Normal value,Units,Kilograms per constant USD,0.1919
2008,Material footprint per unit of GDP,Non-metallic minerals,Normal value,Units,Kilograms per constant USD,0.16474
2009,Material footprint per unit of GDP,Non-metallic minerals,Normal value,Units,Kilograms per constant USD,0.14203
2010,Material footprint per unit of GDP,Non-metallic minerals,Normal value,Units,Kilograms per constant USD,0.13514
2011,Material footprint per unit of GDP,Non-metallic minerals,Normal value,Units,Kilograms per constant USD,0.14389
2012,Material footprint per unit of GDP,Non-metallic minerals,Normal value,Units,Kilograms per constant USD,0.14067
2013,Material footprint per unit of GDP,Non-metallic minerals,Normal value,Units,Kilograms per constant USD,0.15314
2014,Material footprint per unit of GDP,Non-metallic minerals,Normal value,Units,Kilograms per constant USD,0.18518
2015,Material footprint per unit of GDP,Non-metallic minerals,Normal value,Units,Kilograms per constant USD,0.20952
2016,Material footprint per unit of GDP,Non-metallic minerals,Normal value,Units,Kilograms per constant USD,0.19312
2017,Material footprint per unit of GDP,Non-metallic minerals,Normal value,Units,Kilograms per constant USD,0.17636
2018,Material footprint per unit of GDP,Non-metallic minerals,Normal value,Units,Kilograms per constant USD,0.17796
1990,Material footprint per unit of GDP,Fossil fuels,Normal value,Units,Kilograms per constant USD,0.15564
1991,Material footprint per unit of GDP,Fossil fuels,Normal value,Units,Kilograms per constant USD,0.16159
1992,Material footprint per unit of GDP,Fossil fuels,Normal value,Units,Kilograms per constant USD,0.13395
1993,Material footprint per unit of GDP,Fossil fuels,Normal value,Units,Kilograms per constant USD,0.12624
1994,Material footprint per unit of GDP,Fossil fuels,Normal value,Units,Kilograms per constant USD,0.11289
1995,Material footprint per unit of GDP,Fossil fuels,Normal value,Units,Kilograms per constant USD,0.1049
1996,Material footprint per unit of GDP,Fossil fuels,Normal value,Units,Kilograms per constant USD,0.13987
1997,Material footprint per unit of GDP,Fossil fuels,Normal value,Units,Kilograms per constant USD,0.15391
1998,Material footprint per unit of GDP,Fossil fuels,Normal value,Units,Kilograms per constant USD,0.18965
1999,Material footprint per unit of GDP,Fossil fuels,Normal value,Units,Kilograms per constant USD,0.19418
2000,Material footprint per unit of GDP,Fossil fuels,Normal value,Units,Kilograms per constant USD,0.16088
2001,Material footprint per unit of GDP,Fossil fuels,Normal value,Units,Kilograms per constant USD,0.16591
2002,Material footprint per unit of GDP,Fossil fuels,Normal value,Units,Kilograms per constant USD,0.14102
2003,Material footprint per unit of GDP,Fossil fuels,Normal value,Units,Kilograms per constant USD,0.12248
2004,Material footprint per unit of GDP,Fossil fuels,Normal value,Units,Kilograms per constant USD,0.1529
2005,Material footprint per unit of GDP,Fossil fuels,Normal value,Units,Kilograms per constant USD,0.13071
2006,Material footprint per unit of GDP,Fossil fuels,Normal value,Units,Kilograms per constant USD,0.13424
2007,Material footprint per unit of GDP,Fossil fuels,Normal value,Units,Kilograms per constant USD,0.12617
2008,Material footprint per unit of GDP,Fossil fuels,Normal value,Units,Kilograms per constant USD,0.11879
2009,Material footprint per unit of GDP,Fossil fuels,Normal value,Units,Kilograms per constant USD,0.11417
2010,Material footprint per unit of GDP,Fossil fuels,Normal value,Units,Kilograms per constant USD,0.10027
2011,Material footprint per unit of GDP,Fossil fuels,Normal value,Units,Kilograms per constant USD,0.09374
2012,Material footprint per unit of GDP,Fossil fuels,Normal value,Units,Kilograms per constant USD,0.09312
2013,Material footprint per unit of GDP,Fossil fuels,Normal value,Units,Kilograms per constant USD,0.10318
2014,Material footprint per unit of GDP,Fossil fuels,Normal value,Units,Kilograms per constant USD,0.09328
2015,Material footprint per unit of GDP,Fossil fuels,Normal value,Units,Kilograms per constant USD,0.09394
2016,Material footprint per unit of GDP,Fossil fuels,Normal value,Units,Kilograms per constant USD,0.07667
2017,Material footprint per unit of GDP,Fossil fuels,Normal value,Units,Kilograms per constant USD,0.06241
2018,Material footprint per unit of GDP,Fossil fuels,Normal value,Units,Kilograms per constant USD,0.06386
1990,Material footprint per unit of GDP,Biomass,Definition differs,Units,Tons per GDP (millions of pounds),183.0
1991,Material footprint per unit of GDP,Biomass,Definition differs,Units,Tons per GDP (millions of pounds),185.0
1992,Material footprint per unit of GDP,Biomass,Definition differs,Units,Tons per GDP (millions of pounds),181.0
1993,Material footprint per unit of GDP,Biomass,Definition differs,Units,Tons per GDP (millions of pounds),170.0
1994,Material footprint per unit of GDP,Biomass,Definition differs,Units,Tons per GDP (millions of pounds),163.0
1995,Material footprint per unit of GDP,Biomass,Definition differs,Units,Tons per GDP (millions of pounds),152.0
1996,Material footprint per unit of GDP,Biomass,Definition differs,Units,Tons per GDP (millions of pounds),165.0
1997,Material footprint per unit of GDP,Biomass,Definition differs,Units,Tons per GDP (millions of pounds),177.0
1998,Material footprint per unit of GDP,Biomass,Definition differs,Units,Tons per GDP (millions of pounds),182.0
1999,Material footprint per unit of GDP,Biomass,Definition differs,Units,Tons per GDP (millions of pounds),179.0
2000,Material footprint per unit of GDP,Biomass,Definition differs,Units,Tons per GDP (millions of pounds),171.0
2001,Material footprint per unit of GDP,Biomass,Definition differs,Units,Tons per GDP (millions of pounds),161.0
2002,Material footprint per unit of GDP,Biomass,Definition differs,Units,Tons per GDP (millions of pounds),169.0
2003,Material footprint per unit of GDP,Biomass,Definition differs,Units,Tons per GDP (millions of pounds),162.0
2004,Material footprint per unit of GDP,Biomass,Definition differs,Units,Tons per GDP (millions of pounds),169.0
2005,Material footprint per unit of GDP,Biomass,Definition differs,Units,Tons per GDP (millions of pounds),160.0
2006,Material footprint per unit of GDP,Biomass,Definition differs,Units,Tons per GDP (millions of pounds),151.0
2007,Material footprint per unit of GDP,Biomass,Definition differs,Units,Tons per GDP (millions of pounds),144.0
2008,Material footprint per unit of GDP,Biomass,Definition differs,Units,Tons per GDP (millions of pounds),143.0
2009,Material footprint per unit of GDP,Biomass,Definition differs,Units,Tons per GDP (millions of pounds),142.0
2010,Material footprint per unit of GDP,Biomass,Definition differs,Units,Tons per GDP (millions of pounds),136.0
2011,Material footprint per unit of GDP,Biomass,Definition differs,Units,Tons per GDP (millions of pounds),140.0
2012,Material footprint per unit of GDP,Biomass,Definition differs,Units,Tons per GDP (millions of pounds),136.0
2013,Material footprint per unit of GDP,Biomass,Definition differs,Units,Tons per GDP (millions of pounds),136.0
2014,Material footprint per unit of GDP,Biomass,Definition differs,Units,Tons per GDP (millions of pounds),141.0
2015,Material footprint per unit of GDP,Biomass,Definition differs,Units,Tons per GDP (millions of pounds),138.0
2016,Material footprint per unit of GDP,Biomass,Definition differs,Units,Tons per GDP (millions of pounds),124.0
2017,Material footprint per unit of GDP,Biomass,Definition differs,Units,Tons per GDP (millions of pounds),119.0
2018,Material footprint per unit of GDP,Biomass,Definition differs,Units,Tons per GDP (millions of pounds),115.0
1990,Material footprint per unit of GDP,Metal ores excluding precious metals,Definition differs,Units,Tons per GDP (millions of pounds),33.0
1991,Material footprint per unit of GDP,Metal ores excluding precious metals,Definition differs,Units,Tons per GDP (millions of pounds),33.0
1992,Material footprint per unit of GDP,Metal ores excluding precious metals,Definition differs,Units,Tons per GDP (millions of pounds),30.0
1993,Material footprint per unit of GDP,Metal ores excluding precious metals,Definition differs,Units,Tons per GDP (millions of pounds),29.0
1994,Material footprint per unit of GDP,Metal ores excluding precious metals,Definition differs,Units,Tons per GDP (millions of pounds),29.0
1995,Material footprint per unit of GDP,Metal ores excluding precious metals,Definition differs,Units,Tons per GDP (millions of pounds),27.0
1996,Material footprint per unit of GDP,Metal ores excluding precious metals,Definition differs,Units,Tons per GDP (millions of pounds),28.0
1997,Material footprint per unit of GDP,Metal ores excluding precious metals,Definition differs,Units,Tons per GDP (millions of pounds),34.0
1998,Material footprint per unit of GDP,Metal ores excluding precious metals,Definition differs,Units,Tons per GDP (millions of pounds),40.0
1999,Material footprint per unit of GDP,Metal ores excluding precious metals,Definition differs,Units,Tons per GDP (millions of pounds),42.0
2000,Material footprint per unit of GDP,Metal ores excluding precious metals,Definition differs,Units,Tons per GDP (millions of pounds),42.0
2001,Material footprint per unit of GDP,Metal ores excluding precious metals,Definition differs,Units,Tons per GDP (millions of pounds),45.0
2002,Material footprint per unit of GDP,Metal ores excluding precious metals,Definition differs,Units,Tons per GDP (millions of pounds),41.0
2003,Material footprint per unit of GDP,Metal ores excluding precious metals,Definition differs,Units,Tons per GDP (millions of pounds),37.0
2004,Material footprint per unit of GDP,Metal ores excluding precious metals,Definition differs,Units,Tons per GDP (millions of pounds),38.0
2005,Material footprint per unit of GDP,Metal ores excluding precious metals,Definition differs,Units,Tons per GDP (millions of pounds),36.0
2006,Material footprint per unit of GDP,Metal ores excluding precious metals,Definition differs,Units,Tons per GDP (millions of pounds),35.0
2007,Material footprint per unit of GDP,Metal ores excluding precious metals,Definition differs,Units,Tons per GDP (millions of pounds),36.0
2008,Material footprint per unit of GDP,Metal ores excluding precious metals,Definition differs,Units,Tons per GDP (millions of pounds),30.0
2009,Material footprint per unit of GDP,Metal ores excluding precious metals,Definition differs,Units,Tons per GDP (millions of pounds),27.0
2010,Material footprint per unit of GDP,Metal ores excluding precious metals,Definition differs,Units,Tons per GDP (millions of pounds),27.0
2011,Material footprint per unit of GDP,Metal ores excluding precious metals,Definition differs,Units,Tons per GDP (millions of pounds),26.0
2012,Material footprint per unit of GDP,Metal ores excluding precious metals,Definition differs,Units,Tons per GDP (millions of pounds),27.0
2013,Material footprint per unit of GDP,Metal ores excluding precious metals,Definition differs,Units,Tons per GDP (millions of pounds),28.0
2014,Material footprint per unit of GDP,Metal ores excluding precious metals,Definition differs,Units,Tons per GDP (millions of pounds),27.0
2015,Material footprint per unit of GDP,Metal ores excluding precious metals,Definition differs,Units,Tons per GDP (millions of pounds),26.0
2016,Material footprint per unit of GDP,Metal ores excluding precious metals,Definition differs,Units,Tons per GDP (millions of pounds),25.0
2017,Material footprint per unit of GDP,Metal ores excluding precious metals,Definition differs,Units,Tons per GDP (millions of pounds),21.0
2018,Material footprint per unit of GDP,Metal ores excluding precious metals,Definition differs,Units,Tons per GDP (millions of pounds),23.0
1990,Material footprint per unit of GDP,Non-metallic minerals,Definition differs,Units,Tons per GDP (millions of pounds),303.0
1991,Material footprint per unit of GDP,Non-metallic minerals,Definition differs,Units,Tons per GDP (millions of pounds),302.0
1992,Material footprint per unit of GDP,Non-metallic minerals,Definition differs,Units,Tons per GDP (millions of pounds),295.0
1993,Material footprint per unit of GDP,Non-metallic minerals,Definition differs,Units,Tons per GDP (millions of pounds),287.0
1994,Material footprint per unit of GDP,Non-metallic minerals,Definition differs,Units,Tons per GDP (millions of pounds),293.0
1995,Material footprint per unit of GDP,Non-metallic minerals,Definition differs,Units,Tons per GDP (millions of pounds),264.0
1996,Material footprint per unit of GDP,Non-metallic minerals,Definition differs,Units,Tons per GDP (millions of pounds),229.0
1997,Material footprint per unit of GDP,Non-metallic minerals,Definition differs,Units,Tons per GDP (millions of pounds),294.0
1998,Material footprint per unit of GDP,Non-metallic minerals,Definition differs,Units,Tons per GDP (millions of pounds),314.0
1999,Material footprint per unit of GDP,Non-metallic minerals,Definition differs,Units,Tons per GDP (millions of pounds),322.0
2000,Material footprint per unit of GDP,Non-metallic minerals,Definition differs,Units,Tons per GDP (millions of pounds),350.0
2001,Material footprint per unit of GDP,Non-metallic minerals,Definition differs,Units,Tons per GDP (millions of pounds),367.0
2002,Material footprint per unit of GDP,Non-metallic minerals,Definition differs,Units,Tons per GDP (millions of pounds),345.0
2003,Material footprint per unit of GDP,Non-metallic minerals,Definition differs,Units,Tons per GDP (millions of pounds),349.0
2004,Material footprint per unit of GDP,Non-metallic minerals,Definition differs,Units,Tons per GDP (millions of pounds),365.0
2005,Material footprint per unit of GDP,Non-metallic minerals,Definition differs,Units,Tons per GDP (millions of pounds),342.0
2006,Material footprint per unit of GDP,Non-metallic minerals,Definition differs,Units,Tons per GDP (millions of pounds),324.0
2007,Material footprint per unit of GDP,Non-metallic minerals,Definition differs,Units,Tons per GDP (millions of pounds),306.0
2008,Material footprint per unit of GDP,Non-metallic minerals,Definition differs,Units,Tons per GDP (millions of pounds),255.0
2009,Material footprint per unit of GDP,Non-metallic minerals,Definition differs,Units,Tons per GDP (millions of pounds),217.0
2010,Material footprint per unit of GDP,Non-metallic minerals,Definition differs,Units,Tons per GDP (millions of pounds),203.0
2011,Material footprint per unit of GDP,Non-metallic minerals,Definition differs,Units,Tons per GDP (millions of pounds),212.0
2012,Material footprint per unit of GDP,Non-metallic minerals,Definition differs,Units,Tons per GDP (millions of pounds),203.0
2013,Material footprint per unit of GDP,Non-metallic minerals,Definition differs,Units,Tons per GDP (millions of pounds),218.0
2014,Material footprint per unit of GDP,Non-metallic minerals,Definition differs,Units,Tons per GDP (millions of pounds),259.0
2015,Material footprint per unit of GDP,Non-metallic minerals,Definition differs,Units,Tons per GDP (millions of pounds),291.0
2016,Material footprint per unit of GDP,Non-metallic minerals,Definition differs,Units,Tons per GDP (millions of pounds),262.0
2017,Material footprint per unit of GDP,Non-metallic minerals,Definition differs,Units,Tons per GDP (millions of pounds),235.0
2018,Material footprint per unit of GDP,Non-metallic minerals,Definition differs,Units,Tons per GDP (millions of pounds),232.0
1990,Material footprint per unit of GDP,Fossil fuels,Definition differs,Units,Tons per GDP (millions of pounds),370.0
1991,Material footprint per unit of GDP,Fossil fuels,Definition differs,Units,Tons per GDP (millions of pounds),360.0
1992,Material footprint per unit of GDP,Fossil fuels,Definition differs,Units,Tons per GDP (millions of pounds),290.0
1993,Material footprint per unit of GDP,Fossil fuels,Definition differs,Units,Tons per GDP (millions of pounds),266.0
1994,Material footprint per unit of GDP,Fossil fuels,Definition differs,Units,Tons per GDP (millions of pounds),234.0
1995,Material footprint per unit of GDP,Fossil fuels,Definition differs,Units,Tons per GDP (millions of pounds),213.0
1996,Material footprint per unit of GDP,Fossil fuels,Definition differs,Units,Tons per GDP (millions of pounds),272.0
1997,Material footprint per unit of GDP,Fossil fuels,Definition differs,Units,Tons per GDP (millions of pounds),300.0
1998,Material footprint per unit of GDP,Fossil fuels,Definition differs,Units,Tons per GDP (millions of pounds),366.0
1999,Material footprint per unit of GDP,Fossil fuels,Definition differs,Units,Tons per GDP (millions of pounds),371.0
2000,Material footprint per unit of GDP,Fossil fuels,Definition differs,Units,Tons per GDP (millions of pounds),302.0
2001,Material footprint per unit of GDP,Fossil fuels,Definition differs,Units,Tons per GDP (millions of pounds),308.0
2002,Material footprint per unit of GDP,Fossil fuels,Definition differs,Units,Tons per GDP (millions of pounds),256.0
2003,Material footprint per unit of GDP,Fossil fuels,Definition differs,Units,Tons per GDP (millions of pounds),217.0
2004,Material footprint per unit of GDP,Fossil fuels,Definition differs,Units,Tons per GDP (millions of pounds),265.0
2005,Material footprint per unit of GDP,Fossil fuels,Definition differs,Units,Tons per GDP (millions of pounds),220.0
2006,Material footprint per unit of GDP,Fossil fuels,Definition differs,Units,Tons per GDP (millions of pounds),220.0
2007,Material footprint per unit of GDP,Fossil fuels,Definition differs,Units,Tons per GDP (millions of pounds),201.0
2008,Material footprint per unit of GDP,Fossil fuels,Definition differs,Units,Tons per GDP (millions of pounds),184.0
2009,Material footprint per unit of GDP,Fossil fuels,Definition differs,Units,Tons per GDP (millions of pounds),174.0
2010,Material footprint per unit of GDP,Fossil fuels,Definition differs,Units,Tons per GDP (millions of pounds),150.0
2011,Material footprint per unit of GDP,Fossil fuels,Definition differs,Units,Tons per GDP (millions of pounds),138.0
2012,Material footprint per unit of GDP,Fossil fuels,Definition differs,Units,Tons per GDP (millions of pounds),135.0
2013,Material footprint per unit of GDP,Fossil fuels,Definition differs,Units,Tons per GDP (millions of pounds),147.0
2014,Material footprint per unit of GDP,Fossil fuels,Definition differs,Units,Tons per GDP (millions of pounds),130.0
2015,Material footprint per unit of GDP,Fossil fuels,Definition differs,Units,Tons per GDP (millions of pounds),130.0
2016,Material footprint per unit of GDP,Fossil fuels,Definition differs,Units,Tons per GDP (millions of pounds),104.0
2017,Material footprint per unit of GDP,Fossil fuels,Definition differs,Units,Tons per GDP (millions of pounds),83.0
2018,Material footprint per unit of GDP,Fossil fuels,Definition differs,Units,Tons per GDP (millions of pounds),83.0
