Year,Country,Suspected source,Units,Observation status,GeoCode,Value
2008,Northern Ireland,Fishing,Median count,Missing value; suppressed,N92000002,
2008,Northern Ireland,Fly-tipped,Median count,Missing value; suppressed,N92000002,
2008,Northern Ireland,Medical,Median count,Missing value; suppressed,N92000002,
2008,Northern Ireland,Non-sourced,Median count,Missing value; suppressed,N92000002,
2008,Northern Ireland,Public,Median count,Missing value; suppressed,N92000002,
2008,Northern Ireland,Sewage related debris,Median count,Missing value; suppressed,N92000002,
2008,Northern Ireland,Shipping,Median count,Missing value; suppressed,N92000002,
2009,Northern Ireland,Fishing,Median count,Low reliability,N92000002,9.0
2009,Northern Ireland,Fly-tipped,Median count,Low reliability,N92000002,0.0
2009,Northern Ireland,Medical,Median count,Low reliability,N92000002,0.0
2009,Northern Ireland,Non-sourced,Median count,Low reliability,N92000002,26.0
2009,Northern Ireland,Public,Median count,Low reliability,N92000002,206.0
2009,Northern Ireland,Sewage related debris,Median count,Low reliability,N92000002,5.0
2009,Northern Ireland,Shipping,Median count,Low reliability,N92000002,7.0
2010,Northern Ireland,Fishing,Median count,Missing value; suppressed,N92000002,
2010,Northern Ireland,Fly-tipped,Median count,Missing value; suppressed,N92000002,
2010,Northern Ireland,Medical,Median count,Missing value; suppressed,N92000002,
2010,Northern Ireland,Non-sourced,Median count,Missing value; suppressed,N92000002,
2010,Northern Ireland,Public,Median count,Missing value; suppressed,N92000002,
2010,Northern Ireland,Sewage related debris,Median count,Missing value; suppressed,N92000002,
2010,Northern Ireland,Shipping,Median count,Missing value; suppressed,N92000002,
2011,Northern Ireland,Fishing,Median count,Low reliability,N92000002,22.5
2011,Northern Ireland,Fly-tipped,Median count,Low reliability,N92000002,0.0
2011,Northern Ireland,Medical,Median count,Low reliability,N92000002,0.5
2011,Northern Ireland,Non-sourced,Median count,Low reliability,N92000002,65.5
2011,Northern Ireland,Public,Median count,Low reliability,N92000002,191.0
2011,Northern Ireland,Sewage related debris,Median count,Low reliability,N92000002,34.5
2011,Northern Ireland,Shipping,Median count,Low reliability,N92000002,8.0
2012,Northern Ireland,Fishing,Median count,Low reliability,N92000002,21.0
2012,Northern Ireland,Fly-tipped,Median count,Low reliability,N92000002,0.0
2012,Northern Ireland,Medical,Median count,Low reliability,N92000002,0.0
2012,Northern Ireland,Non-sourced,Median count,Low reliability,N92000002,32.0
2012,Northern Ireland,Public,Median count,Low reliability,N92000002,227.0
2012,Northern Ireland,Sewage related debris,Median count,Low reliability,N92000002,20.0
2012,Northern Ireland,Shipping,Median count,Low reliability,N92000002,23.0
2013,Northern Ireland,Fishing,Median count,Low reliability,N92000002,28.5
2013,Northern Ireland,Fly-tipped,Median count,Low reliability,N92000002,0.0
2013,Northern Ireland,Medical,Median count,Low reliability,N92000002,0.5
2013,Northern Ireland,Non-sourced,Median count,Low reliability,N92000002,39.5
2013,Northern Ireland,Public,Median count,Low reliability,N92000002,139.5
2013,Northern Ireland,Sewage related debris,Median count,Low reliability,N92000002,41.0
2013,Northern Ireland,Shipping,Median count,Low reliability,N92000002,19.5
2014,Northern Ireland,Fishing,Median count,Missing value; suppressed,N92000002,
2014,Northern Ireland,Fly-tipped,Median count,Missing value; suppressed,N92000002,
2014,Northern Ireland,Medical,Median count,Missing value; suppressed,N92000002,
2014,Northern Ireland,Non-sourced,Median count,Missing value; suppressed,N92000002,
2014,Northern Ireland,Public,Median count,Missing value; suppressed,N92000002,
2014,Northern Ireland,Sewage related debris,Median count,Missing value; suppressed,N92000002,
2014,Northern Ireland,Shipping,Median count,Missing value; suppressed,N92000002,
2015,Northern Ireland,Fishing,Median count,Missing value; suppressed,N92000002,
2015,Northern Ireland,Fly-tipped,Median count,Missing value; suppressed,N92000002,
2015,Northern Ireland,Medical,Median count,Missing value; suppressed,N92000002,
2015,Northern Ireland,Non-sourced,Median count,Missing value; suppressed,N92000002,
2015,Northern Ireland,Public,Median count,Missing value; suppressed,N92000002,
2015,Northern Ireland,Sewage related debris,Median count,Missing value; suppressed,N92000002,
2015,Northern Ireland,Shipping,Median count,Missing value; suppressed,N92000002,
2016,Northern Ireland,Fishing,Median count,Missing value; suppressed,N92000002,
2016,Northern Ireland,Fly-tipped,Median count,Missing value; suppressed,N92000002,
2016,Northern Ireland,Medical,Median count,Missing value; suppressed,N92000002,
2016,Northern Ireland,Non-sourced,Median count,Missing value; suppressed,N92000002,
2016,Northern Ireland,Public,Median count,Missing value; suppressed,N92000002,
2016,Northern Ireland,Sewage related debris,Median count,Missing value; suppressed,N92000002,
2016,Northern Ireland,Shipping,Median count,Missing value; suppressed,N92000002,
2017,Northern Ireland,Fishing,Median count,Low reliability,N92000002,42.0
2017,Northern Ireland,Fly-tipped,Median count,Low reliability,N92000002,0.0
2017,Northern Ireland,Medical,Median count,Low reliability,N92000002,0.0
2017,Northern Ireland,Non-sourced,Median count,Low reliability,N92000002,128.0
2017,Northern Ireland,Public,Median count,Low reliability,N92000002,103.0
2017,Northern Ireland,Sewage related debris,Median count,Low reliability,N92000002,21.0
2017,Northern Ireland,Shipping,Median count,Low reliability,N92000002,15.0
2018,Northern Ireland,Fishing,Median count,Low reliability,N92000002,18.0
2018,Northern Ireland,Fly-tipped,Median count,Low reliability,N92000002,0.0
2018,Northern Ireland,Medical,Median count,Low reliability,N92000002,0.0
2018,Northern Ireland,Non-sourced,Median count,Low reliability,N92000002,17.0
2018,Northern Ireland,Public,Median count,Low reliability,N92000002,35.0
2018,Northern Ireland,Sewage related debris,Median count,Low reliability,N92000002,6.0
2018,Northern Ireland,Shipping,Median count,Low reliability,N92000002,4.0
2019,Northern Ireland,Fishing,Median count,Low reliability,N92000002,52.0
2019,Northern Ireland,Fly-tipped,Median count,Low reliability,N92000002,0.0
2019,Northern Ireland,Medical,Median count,Low reliability,N92000002,0.0
2019,Northern Ireland,Non-sourced,Median count,Low reliability,N92000002,23.0
2019,Northern Ireland,Public,Median count,Low reliability,N92000002,66.0
2019,Northern Ireland,Sewage related debris,Median count,Low reliability,N92000002,4.0
2019,Northern Ireland,Shipping,Median count,Low reliability,N92000002,13.0
2020,Northern Ireland,Fishing,Median count,Missing value; suppressed,N92000002,
2020,Northern Ireland,Fly-tipped,Median count,Missing value; suppressed,N92000002,
2020,Northern Ireland,Medical,Median count,Missing value; suppressed,N92000002,
2020,Northern Ireland,Non-sourced,Median count,Missing value; suppressed,N92000002,
2020,Northern Ireland,Public,Median count,Missing value; suppressed,N92000002,
2020,Northern Ireland,Sewage related debris,Median count,Missing value; suppressed,N92000002,
2020,Northern Ireland,Shipping,Median count,Missing value; suppressed,N92000002,
2021,Northern Ireland,Fishing,Median count,Low reliability,N92000002,36.0
2021,Northern Ireland,Fly-tipped,Median count,Low reliability,N92000002,0.0
2021,Northern Ireland,Medical,Median count,Low reliability,N92000002,3.0
2021,Northern Ireland,Non-sourced,Median count,Low reliability,N92000002,51.0
2021,Northern Ireland,Public,Median count,Low reliability,N92000002,352.0
2021,Northern Ireland,Sewage related debris,Median count,Low reliability,N92000002,7.0
2021,Northern Ireland,Shipping,Median count,Low reliability,N92000002,10.0
2008,Scotland,Fishing,Median count,Low reliability,S92000003,30.0
2008,Scotland,Fly-tipped,Median count,Low reliability,S92000003,0.0
2008,Scotland,Medical,Median count,Low reliability,S92000003,0.0
2008,Scotland,Non-sourced,Median count,Low reliability,S92000003,65.0
2008,Scotland,Public,Median count,Low reliability,S92000003,79.5
2008,Scotland,Sewage related debris,Median count,Low reliability,S92000003,15.5
2008,Scotland,Shipping,Median count,Low reliability,S92000003,5.5
2009,Scotland,Fishing,Median count,Low reliability,S92000003,22.5
2009,Scotland,Fly-tipped,Median count,Low reliability,S92000003,0.0
2009,Scotland,Medical,Median count,Low reliability,S92000003,0.0
2009,Scotland,Non-sourced,Median count,Low reliability,S92000003,27.5
2009,Scotland,Public,Median count,Low reliability,S92000003,112.5
2009,Scotland,Sewage related debris,Median count,Low reliability,S92000003,4.5
2009,Scotland,Shipping,Median count,Low reliability,S92000003,4.0
2010,Scotland,Fishing,Median count,Low reliability,S92000003,42.5
2010,Scotland,Fly-tipped,Median count,Low reliability,S92000003,0.0
2010,Scotland,Medical,Median count,Low reliability,S92000003,0.0
2010,Scotland,Non-sourced,Median count,Low reliability,S92000003,74.0
2010,Scotland,Public,Median count,Low reliability,S92000003,143.0
2010,Scotland,Sewage related debris,Median count,Low reliability,S92000003,13.5
2010,Scotland,Shipping,Median count,Low reliability,S92000003,11.0
2011,Scotland,Fishing,Median count,Low reliability,S92000003,32.5
2011,Scotland,Fly-tipped,Median count,Low reliability,S92000003,0.0
2011,Scotland,Medical,Median count,Low reliability,S92000003,0.0
2011,Scotland,Non-sourced,Median count,Low reliability,S92000003,68.0
2011,Scotland,Public,Median count,Low reliability,S92000003,116.5
2011,Scotland,Sewage related debris,Median count,Low reliability,S92000003,6.0
2011,Scotland,Shipping,Median count,Low reliability,S92000003,6.0
2012,Scotland,Fishing,Median count,Low reliability,S92000003,24.0
2012,Scotland,Fly-tipped,Median count,Low reliability,S92000003,0.0
2012,Scotland,Medical,Median count,Low reliability,S92000003,0.0
2012,Scotland,Non-sourced,Median count,Low reliability,S92000003,33.0
2012,Scotland,Public,Median count,Low reliability,S92000003,83.0
2012,Scotland,Sewage related debris,Median count,Low reliability,S92000003,9.0
2012,Scotland,Shipping,Median count,Low reliability,S92000003,8.0
2013,Scotland,Fishing,Median count,Low reliability,S92000003,28.0
2013,Scotland,Fly-tipped,Median count,Low reliability,S92000003,0.0
2013,Scotland,Medical,Median count,Low reliability,S92000003,0.5
2013,Scotland,Non-sourced,Median count,Low reliability,S92000003,56.5
2013,Scotland,Public,Median count,Low reliability,S92000003,94.0
2013,Scotland,Sewage related debris,Median count,Low reliability,S92000003,13.5
2013,Scotland,Shipping,Median count,Low reliability,S92000003,9.5
2014,Scotland,Fishing,Median count,Low reliability,S92000003,12.0
2014,Scotland,Fly-tipped,Median count,Low reliability,S92000003,0.0
2014,Scotland,Medical,Median count,Low reliability,S92000003,0.0
2014,Scotland,Non-sourced,Median count,Low reliability,S92000003,66.0
2014,Scotland,Public,Median count,Low reliability,S92000003,85.0
2014,Scotland,Sewage related debris,Median count,Low reliability,S92000003,56.0
2014,Scotland,Shipping,Median count,Low reliability,S92000003,10.0
2015,Scotland,Fishing,Median count,Normal value,S92000003,12.0
2015,Scotland,Fly-tipped,Median count,Normal value,S92000003,0.0
2015,Scotland,Medical,Median count,Normal value,S92000003,0.0
2015,Scotland,Non-sourced,Median count,Normal value,S92000003,40.0
2015,Scotland,Public,Median count,Normal value,S92000003,71.0
2015,Scotland,Sewage related debris,Median count,Normal value,S92000003,12.0
2015,Scotland,Shipping,Median count,Normal value,S92000003,8.0
2016,Scotland,Fishing,Median count,Normal value,S92000003,13.0
2016,Scotland,Fly-tipped,Median count,Normal value,S92000003,0.0
2016,Scotland,Medical,Median count,Normal value,S92000003,0.0
2016,Scotland,Non-sourced,Median count,Normal value,S92000003,28.0
2016,Scotland,Public,Median count,Normal value,S92000003,69.0
2016,Scotland,Sewage related debris,Median count,Normal value,S92000003,7.0
2016,Scotland,Shipping,Median count,Normal value,S92000003,8.0
2017,Scotland,Fishing,Median count,Normal value,S92000003,12.5
2017,Scotland,Fly-tipped,Median count,Normal value,S92000003,0.0
2017,Scotland,Medical,Median count,Normal value,S92000003,0.0
2017,Scotland,Non-sourced,Median count,Normal value,S92000003,27.0
2017,Scotland,Public,Median count,Normal value,S92000003,58.0
2017,Scotland,Sewage related debris,Median count,Normal value,S92000003,6.0
2017,Scotland,Shipping,Median count,Normal value,S92000003,8.0
2018,Scotland,Fishing,Median count,Normal value,S92000003,15.0
2018,Scotland,Fly-tipped,Median count,Normal value,S92000003,0.0
2018,Scotland,Medical,Median count,Normal value,S92000003,0.0
2018,Scotland,Non-sourced,Median count,Normal value,S92000003,41.0
2018,Scotland,Public,Median count,Normal value,S92000003,46.0
2018,Scotland,Sewage related debris,Median count,Normal value,S92000003,9.0
2018,Scotland,Shipping,Median count,Normal value,S92000003,6.0
2019,Scotland,Fishing,Median count,Normal value,S92000003,8.0
2019,Scotland,Fly-tipped,Median count,Normal value,S92000003,0.0
2019,Scotland,Medical,Median count,Normal value,S92000003,0.0
2019,Scotland,Non-sourced,Median count,Normal value,S92000003,21.0
2019,Scotland,Public,Median count,Normal value,S92000003,32.0
2019,Scotland,Sewage related debris,Median count,Normal value,S92000003,5.5
2019,Scotland,Shipping,Median count,Normal value,S92000003,3.0
2020,Scotland,Fishing,Median count,Time series break,S92000003,11.0
2020,Scotland,Fly-tipped,Median count,Time series break,S92000003,0.0
2020,Scotland,Medical,Median count,Time series break,S92000003,0.0
2020,Scotland,Non-sourced,Median count,Time series break,S92000003,18.0
2020,Scotland,Public,Median count,Time series break,S92000003,36.0
2020,Scotland,Sewage related debris,Median count,Time series break,S92000003,9.0
2020,Scotland,Shipping,Median count,Time series break,S92000003,4.0
2021,Scotland,Fishing,Median count,Normal value,S92000003,15.0
2021,Scotland,Fly-tipped,Median count,Normal value,S92000003,0.0
2021,Scotland,Medical,Median count,Normal value,S92000003,1.0
2021,Scotland,Non-sourced,Median count,Normal value,S92000003,22.0
2021,Scotland,Public,Median count,Normal value,S92000003,32.5
2021,Scotland,Sewage related debris,Median count,Normal value,S92000003,4.0
2021,Scotland,Shipping,Median count,Normal value,S92000003,5.0
2008,Wales,Fishing,Median count,Low reliability,W92000004,36.0
2008,Wales,Fly-tipped,Median count,Low reliability,W92000004,0.0
2008,Wales,Medical,Median count,Low reliability,W92000004,0.0
2008,Wales,Non-sourced,Median count,Low reliability,W92000004,92.0
2008,Wales,Public,Median count,Low reliability,W92000004,201.0
2008,Wales,Sewage related debris,Median count,Low reliability,W92000004,9.0
2008,Wales,Shipping,Median count,Low reliability,W92000004,12.0
2009,Wales,Fishing,Median count,Low reliability,W92000004,115.0
2009,Wales,Fly-tipped,Median count,Low reliability,W92000004,0.0
2009,Wales,Medical,Median count,Low reliability,W92000004,0.0
2009,Wales,Non-sourced,Median count,Low reliability,W92000004,72.5
2009,Wales,Public,Median count,Low reliability,W92000004,177.5
2009,Wales,Sewage related debris,Median count,Low reliability,W92000004,15.0
2009,Wales,Shipping,Median count,Low reliability,W92000004,8.5
2010,Wales,Fishing,Median count,Low reliability,W92000004,46.0
2010,Wales,Fly-tipped,Median count,Low reliability,W92000004,0.0
2010,Wales,Medical,Median count,Low reliability,W92000004,0.0
2010,Wales,Non-sourced,Median count,Low reliability,W92000004,58.0
2010,Wales,Public,Median count,Low reliability,W92000004,111.0
2010,Wales,Sewage related debris,Median count,Low reliability,W92000004,6.0
2010,Wales,Shipping,Median count,Low reliability,W92000004,5.0
2011,Wales,Fishing,Median count,Low reliability,W92000004,45.0
2011,Wales,Fly-tipped,Median count,Low reliability,W92000004,0.0
2011,Wales,Medical,Median count,Low reliability,W92000004,0.0
2011,Wales,Non-sourced,Median count,Low reliability,W92000004,50.0
2011,Wales,Public,Median count,Low reliability,W92000004,118.5
2011,Wales,Sewage related debris,Median count,Low reliability,W92000004,8.0
2011,Wales,Shipping,Median count,Low reliability,W92000004,15.5
2012,Wales,Fishing,Median count,Low reliability,W92000004,104.0
2012,Wales,Fly-tipped,Median count,Low reliability,W92000004,0.0
2012,Wales,Medical,Median count,Low reliability,W92000004,1.0
2012,Wales,Non-sourced,Median count,Low reliability,W92000004,52.0
2012,Wales,Public,Median count,Low reliability,W92000004,112.0
2012,Wales,Sewage related debris,Median count,Low reliability,W92000004,14.0
2012,Wales,Shipping,Median count,Low reliability,W92000004,15.0
2013,Wales,Fishing,Median count,Low reliability,W92000004,58.0
2013,Wales,Fly-tipped,Median count,Low reliability,W92000004,0.0
2013,Wales,Medical,Median count,Low reliability,W92000004,0.5
2013,Wales,Non-sourced,Median count,Low reliability,W92000004,110.0
2013,Wales,Public,Median count,Low reliability,W92000004,215.0
2013,Wales,Sewage related debris,Median count,Low reliability,W92000004,54.0
2013,Wales,Shipping,Median count,Low reliability,W92000004,14.5
2014,Wales,Fishing,Median count,Low reliability,W92000004,72.0
2014,Wales,Fly-tipped,Median count,Low reliability,W92000004,0.0
2014,Wales,Medical,Median count,Low reliability,W92000004,0.0
2014,Wales,Non-sourced,Median count,Low reliability,W92000004,71.0
2014,Wales,Public,Median count,Low reliability,W92000004,118.0
2014,Wales,Sewage related debris,Median count,Low reliability,W92000004,26.0
2014,Wales,Shipping,Median count,Low reliability,W92000004,16.0
2015,Wales,Fishing,Median count,Normal value,W92000004,43.5
2015,Wales,Fly-tipped,Median count,Normal value,W92000004,0.0
2015,Wales,Medical,Median count,Normal value,W92000004,0.0
2015,Wales,Non-sourced,Median count,Normal value,W92000004,41.0
2015,Wales,Public,Median count,Normal value,W92000004,105.0
2015,Wales,Sewage related debris,Median count,Normal value,W92000004,8.5
2015,Wales,Shipping,Median count,Normal value,W92000004,10.5
2016,Wales,Fishing,Median count,Low reliability,W92000004,60.5
2016,Wales,Fly-tipped,Median count,Low reliability,W92000004,0.0
2016,Wales,Medical,Median count,Low reliability,W92000004,0.5
2016,Wales,Non-sourced,Median count,Low reliability,W92000004,74.5
2016,Wales,Public,Median count,Low reliability,W92000004,106.0
2016,Wales,Sewage related debris,Median count,Low reliability,W92000004,15.0
2016,Wales,Shipping,Median count,Low reliability,W92000004,9.0
2017,Wales,Fishing,Median count,Low reliability,W92000004,57.0
2017,Wales,Fly-tipped,Median count,Low reliability,W92000004,0.0
2017,Wales,Medical,Median count,Low reliability,W92000004,1.0
2017,Wales,Non-sourced,Median count,Low reliability,W92000004,73.0
2017,Wales,Public,Median count,Low reliability,W92000004,96.0
2017,Wales,Sewage related debris,Median count,Low reliability,W92000004,12.0
2017,Wales,Shipping,Median count,Low reliability,W92000004,11.0
2018,Wales,Fishing,Median count,Normal value,W92000004,25.0
2018,Wales,Fly-tipped,Median count,Normal value,W92000004,0.0
2018,Wales,Medical,Median count,Normal value,W92000004,0.0
2018,Wales,Non-sourced,Median count,Normal value,W92000004,26.5
2018,Wales,Public,Median count,Normal value,W92000004,82.5
2018,Wales,Sewage related debris,Median count,Normal value,W92000004,6.0
2018,Wales,Shipping,Median count,Normal value,W92000004,6.5
2019,Wales,Fishing,Median count,Low reliability,W92000004,33.0
2019,Wales,Fly-tipped,Median count,Low reliability,W92000004,0.0
2019,Wales,Medical,Median count,Low reliability,W92000004,0.0
2019,Wales,Non-sourced,Median count,Low reliability,W92000004,35.0
2019,Wales,Public,Median count,Low reliability,W92000004,84.0
2019,Wales,Sewage related debris,Median count,Low reliability,W92000004,7.0
2019,Wales,Shipping,Median count,Low reliability,W92000004,9.0
2020,Wales,Fishing,Median count,Low reliability; Time series break,W92000004,10.0
2020,Wales,Fly-tipped,Median count,Low reliability; Time series break,W92000004,0.0
2020,Wales,Medical,Median count,Low reliability; Time series break,W92000004,0.0
2020,Wales,Non-sourced,Median count,Low reliability; Time series break,W92000004,18.0
2020,Wales,Public,Median count,Low reliability; Time series break,W92000004,30.0
2020,Wales,Sewage related debris,Median count,Low reliability; Time series break,W92000004,3.0
2020,Wales,Shipping,Median count,Low reliability; Time series break,W92000004,1.0
2021,Wales,Fishing,Median count,Low reliability,W92000004,15.5
2021,Wales,Fly-tipped,Median count,Low reliability,W92000004,0.0
2021,Wales,Medical,Median count,Low reliability,W92000004,1.0
2021,Wales,Non-sourced,Median count,Low reliability,W92000004,48.0
2021,Wales,Public,Median count,Low reliability,W92000004,77.5
2021,Wales,Sewage related debris,Median count,Low reliability,W92000004,4.0
2021,Wales,Shipping,Median count,Low reliability,W92000004,4.0
2008,England,Fishing,Median count,Normal value,E92000001,26.5
2008,England,Fly-tipped,Median count,Normal value,E92000001,0.0
2008,England,Medical,Median count,Normal value,E92000001,0.0
2008,England,Non-sourced,Median count,Normal value,E92000001,71.0
2008,England,Public,Median count,Normal value,E92000001,67.0
2008,England,Sewage related debris,Median count,Normal value,E92000001,2.5
2008,England,Shipping,Median count,Normal value,E92000001,6.5
2009,England,Fishing,Median count,Normal value,E92000001,68.0
2009,England,Fly-tipped,Median count,Normal value,E92000001,0.0
2009,England,Medical,Median count,Normal value,E92000001,0.0
2009,England,Non-sourced,Median count,Normal value,E92000001,62.0
2009,England,Public,Median count,Normal value,E92000001,164.0
2009,England,Sewage related debris,Median count,Normal value,E92000001,8.0
2009,England,Shipping,Median count,Normal value,E92000001,11.0
2010,England,Fishing,Median count,Normal value,E92000001,51.0
2010,England,Fly-tipped,Median count,Normal value,E92000001,0.0
2010,England,Medical,Median count,Normal value,E92000001,0.0
2010,England,Non-sourced,Median count,Normal value,E92000001,73.0
2010,England,Public,Median count,Normal value,E92000001,122.0
2010,England,Sewage related debris,Median count,Normal value,E92000001,12.0
2010,England,Shipping,Median count,Normal value,E92000001,7.0
2011,England,Fishing,Median count,Normal value,E92000001,33.0
2011,England,Fly-tipped,Median count,Normal value,E92000001,0.0
2011,England,Medical,Median count,Normal value,E92000001,1.0
2011,England,Non-sourced,Median count,Normal value,E92000001,51.0
2011,England,Public,Median count,Normal value,E92000001,113.0
2011,England,Sewage related debris,Median count,Normal value,E92000001,6.0
2011,England,Shipping,Median count,Normal value,E92000001,13.0
2012,England,Fishing,Median count,Normal value,E92000001,28.0
2012,England,Fly-tipped,Median count,Normal value,E92000001,0.0
2012,England,Medical,Median count,Normal value,E92000001,1.0
2012,England,Non-sourced,Median count,Normal value,E92000001,70.0
2012,England,Public,Median count,Normal value,E92000001,114.0
2012,England,Sewage related debris,Median count,Normal value,E92000001,14.0
2012,England,Shipping,Median count,Normal value,E92000001,13.0
2013,England,Fishing,Median count,Normal value,E92000001,55.5
2013,England,Fly-tipped,Median count,Normal value,E92000001,0.0
2013,England,Medical,Median count,Normal value,E92000001,0.5
2013,England,Non-sourced,Median count,Normal value,E92000001,82.0
2013,England,Public,Median count,Normal value,E92000001,139.5
2013,England,Sewage related debris,Median count,Normal value,E92000001,11.0
2013,England,Shipping,Median count,Normal value,E92000001,19.5
2014,England,Fishing,Median count,Normal value,E92000001,39.0
2014,England,Fly-tipped,Median count,Normal value,E92000001,0.0
2014,England,Medical,Median count,Normal value,E92000001,1.0
2014,England,Non-sourced,Median count,Normal value,E92000001,73.0
2014,England,Public,Median count,Normal value,E92000001,188.0
2014,England,Sewage related debris,Median count,Normal value,E92000001,15.0
2014,England,Shipping,Median count,Normal value,E92000001,17.0
2015,England,Fishing,Median count,Normal value,E92000001,34.0
2015,England,Fly-tipped,Median count,Normal value,E92000001,0.0
2015,England,Medical,Median count,Normal value,E92000001,1.0
2015,England,Non-sourced,Median count,Normal value,E92000001,74.0
2015,England,Public,Median count,Normal value,E92000001,154.0
2015,England,Sewage related debris,Median count,Normal value,E92000001,17.0
2015,England,Shipping,Median count,Normal value,E92000001,13.0
2016,England,Fishing,Median count,Normal value,E92000001,33.0
2016,England,Fly-tipped,Median count,Normal value,E92000001,0.0
2016,England,Medical,Median count,Normal value,E92000001,0.0
2016,England,Non-sourced,Median count,Normal value,E92000001,63.0
2016,England,Public,Median count,Normal value,E92000001,111.0
2016,England,Sewage related debris,Median count,Normal value,E92000001,7.0
2016,England,Shipping,Median count,Normal value,E92000001,9.0
2017,England,Fishing,Median count,Normal value,E92000001,28.0
2017,England,Fly-tipped,Median count,Normal value,E92000001,0.0
2017,England,Medical,Median count,Normal value,E92000001,0.0
2017,England,Non-sourced,Median count,Normal value,E92000001,65.0
2017,England,Public,Median count,Normal value,E92000001,112.0
2017,England,Sewage related debris,Median count,Normal value,E92000001,10.0
2017,England,Shipping,Median count,Normal value,E92000001,10.0
2018,England,Fishing,Median count,Normal value,E92000001,15.0
2018,England,Fly-tipped,Median count,Normal value,E92000001,0.0
2018,England,Medical,Median count,Normal value,E92000001,0.0
2018,England,Non-sourced,Median count,Normal value,E92000001,28.0
2018,England,Public,Median count,Normal value,E92000001,73.0
2018,England,Sewage related debris,Median count,Normal value,E92000001,6.0
2018,England,Shipping,Median count,Normal value,E92000001,5.0
2019,England,Fishing,Median count,Normal value,E92000001,18.0
2019,England,Fly-tipped,Median count,Normal value,E92000001,0.0
2019,England,Medical,Median count,Normal value,E92000001,0.0
2019,England,Non-sourced,Median count,Normal value,E92000001,30.0
2019,England,Public,Median count,Normal value,E92000001,82.0
2019,England,Sewage related debris,Median count,Normal value,E92000001,5.0
2019,England,Shipping,Median count,Normal value,E92000001,5.0
2020,England,Fishing,Median count,Time series break,E92000001,13.5
2020,England,Fly-tipped,Median count,Time series break,E92000001,0.0
2020,England,Medical,Median count,Time series break,E92000001,0.0
2020,England,Non-sourced,Median count,Time series break,E92000001,28.5
2020,England,Public,Median count,Time series break,E92000001,54.0
2020,England,Sewage related debris,Median count,Time series break,E92000001,6.5
2020,England,Shipping,Median count,Time series break,E92000001,3.0
2021,England,Fishing,Median count,Normal value,E92000001,16.0
2021,England,Fly-tipped,Median count,Normal value,E92000001,0.0
2021,England,Medical,Median count,Normal value,E92000001,1.0
2021,England,Non-sourced,Median count,Normal value,E92000001,30.0
2021,England,Public,Median count,Normal value,E92000001,72.0
2021,England,Sewage related debris,Median count,Normal value,E92000001,6.0
2021,England,Shipping,Median count,Normal value,E92000001,4.0
2008,,Fishing,Median count,Normal value,,28.0
2008,,Fly-tipped,Median count,Normal value,,0.0
2008,,Medical,Median count,Normal value,,0.0
2008,,Non-sourced,Median count,Normal value,,73.5
2008,,Public,Median count,Normal value,,92.5
2008,,Sewage related debris,Median count,Normal value,,3.5
2008,,Shipping,Median count,Normal value,,7.0
2009,,Fishing,Median count,Normal value,,60.5
2009,,Fly-tipped,Median count,Normal value,,0.0
2009,,Medical,Median count,Normal value,,0.0
2009,,Non-sourced,Median count,Normal value,,57.5
2009,,Public,Median count,Normal value,,157.5
2009,,Sewage related debris,Median count,Normal value,,8.5
2009,,Shipping,Median count,Normal value,,9.0
2010,,Fishing,Median count,Normal value,,47.0
2010,,Fly-tipped,Median count,Normal value,,0.0
2010,,Medical,Median count,Normal value,,0.0
2010,,Non-sourced,Median count,Normal value,,67.0
2010,,Public,Median count,Normal value,,129.0
2010,,Sewage related debris,Median count,Normal value,,11.0
2010,,Shipping,Median count,Normal value,,7.0
2011,,Fishing,Median count,Normal value,,35.0
2011,,Fly-tipped,Median count,Normal value,,0.0
2011,,Medical,Median count,Normal value,,0.0
2011,,Non-sourced,Median count,Normal value,,52.0
2011,,Public,Median count,Normal value,,119.0
2011,,Sewage related debris,Median count,Normal value,,8.0
2011,,Shipping,Median count,Normal value,,12.0
2012,,Fishing,Median count,Normal value,,28.0
2012,,Fly-tipped,Median count,Normal value,,0.0
2012,,Medical,Median count,Normal value,,0.0
2012,,Non-sourced,Median count,Normal value,,54.0
2012,,Public,Median count,Normal value,,111.5
2012,,Sewage related debris,Median count,Normal value,,14.0
2012,,Shipping,Median count,Normal value,,12.0
2013,,Fishing,Median count,Normal value,,43.5
2013,,Fly-tipped,Median count,Normal value,,0.0
2013,,Medical,Median count,Normal value,,0.5
2013,,Non-sourced,Median count,Normal value,,76.5
2013,,Public,Median count,Normal value,,132.0
2013,,Sewage related debris,Median count,Normal value,,12.5
2013,,Shipping,Median count,Normal value,,18.5
2014,,Fishing,Median count,Normal value,,36.0
2014,,Fly-tipped,Median count,Normal value,,0.0
2014,,Medical,Median count,Normal value,,1.0
2014,,Non-sourced,Median count,Normal value,,71.0
2014,,Public,Median count,Normal value,,158.0
2014,,Sewage related debris,Median count,Normal value,,19.0
2014,,Shipping,Median count,Normal value,,16.0
2015,,Fishing,Median count,Normal value,,29.0
2015,,Fly-tipped,Median count,Normal value,,0.0
2015,,Medical,Median count,Normal value,,1.0
2015,,Non-sourced,Median count,Normal value,,50.0
2015,,Public,Median count,Normal value,,109.0
2015,,Sewage related debris,Median count,Normal value,,15.0
2015,,Shipping,Median count,Normal value,,12.0
2016,,Fishing,Median count,Normal value,,22.5
2016,,Fly-tipped,Median count,Normal value,,0.0
2016,,Medical,Median count,Normal value,,0.0
2016,,Non-sourced,Median count,Normal value,,44.0
2016,,Public,Median count,Normal value,,91.0
2016,,Sewage related debris,Median count,Normal value,,7.5
2016,,Shipping,Median count,Normal value,,9.0
2017,,Fishing,Median count,Normal value,,21.0
2017,,Fly-tipped,Median count,Normal value,,0.0
2017,,Medical,Median count,Normal value,,0.0
2017,,Non-sourced,Median count,Normal value,,45.0
2017,,Public,Median count,Normal value,,84.0
2017,,Sewage related debris,Median count,Normal value,,10.0
2017,,Shipping,Median count,Normal value,,10.0
2018,,Fishing,Median count,Normal value,,16.0
2018,,Fly-tipped,Median count,Normal value,,0.0
2018,,Medical,Median count,Normal value,,0.0
2018,,Non-sourced,Median count,Normal value,,33.0
2018,,Public,Median count,Normal value,,61.0
2018,,Sewage related debris,Median count,Normal value,,6.0
2018,,Shipping,Median count,Normal value,,6.0
2019,,Fishing,Median count,Normal value,,17.0
2019,,Fly-tipped,Median count,Normal value,,0.0
2019,,Medical,Median count,Normal value,,0.0
2019,,Non-sourced,Median count,Normal value,,27.0
2019,,Public,Median count,Normal value,,57.0
2019,,Sewage related debris,Median count,Normal value,,6.0
2019,,Shipping,Median count,Normal value,,5.0
2020,,Fishing,Median count,Time series break,,12.0
2020,,Fly-tipped,Median count,Time series break,,0.0
2020,,Medical,Median count,Time series break,,0.0
2020,,Non-sourced,Median count,Time series break,,24.0
2020,,Public,Median count,Time series break,,49.0
2020,,Sewage related debris,Median count,Time series break,,6.0
2020,,Shipping,Median count,Time series break,,3.0
2021,,Fishing,Median count,Normal value,,16.0
2021,,Fly-tipped,Median count,Normal value,,0.0
2021,,Medical,Median count,Normal value,,1.0
2021,,Non-sourced,Median count,Normal value,,28.0
2021,,Public,Median count,Normal value,,60.5
2021,,Sewage related debris,Median count,Normal value,,5.5
2021,,Shipping,Median count,Normal value,,4.0
2008,Northern Ireland,,Median count,Missing value; suppressed,N92000002,
2009,Northern Ireland,,Median count,Low reliability,N92000002,320.0
2010,Northern Ireland,,Median count,Missing value; suppressed,N92000002,
2011,Northern Ireland,,Median count,Low reliability,N92000002,346.5
2012,Northern Ireland,,Median count,Low reliability,N92000002,374.0
2013,Northern Ireland,,Median count,Low reliability,N92000002,332.0
2014,Northern Ireland,,Median count,Missing value; suppressed,N92000002,
2015,Northern Ireland,,Median count,Missing value; suppressed,N92000002,
2016,Northern Ireland,,Median count,Missing value; suppressed,N92000002,
2017,Northern Ireland,,Median count,Low reliability,N92000002,242.0
2018,Northern Ireland,,Median count,Low reliability,N92000002,98.0
2019,Northern Ireland,,Median count,Low reliability,N92000002,140.0
2020,Northern Ireland,,Median count,Missing value; suppressed,N92000002,
2021,Northern Ireland,,Median count,Low reliability,N92000002,466.0
2008,Scotland,,Median count,Low reliability,S92000003,302.0
2009,Scotland,,Median count,Low reliability,S92000003,208.0
2010,Scotland,,Median count,Low reliability,S92000003,398.0
2011,Scotland,,Median count,Low reliability,S92000003,273.0
2012,Scotland,,Median count,Low reliability,S92000003,186.0
2013,Scotland,,Median count,Low reliability,S92000003,241.5
2014,Scotland,,Median count,Low reliability,S92000003,351.0
2015,Scotland,,Median count,Normal value,S92000003,185.0
2016,Scotland,,Median count,Normal value,S92000003,188.5
2017,Scotland,,Median count,Normal value,S92000003,156.0
2018,Scotland,,Median count,Normal value,S92000003,174.0
2019,Scotland,,Median count,Normal value,S92000003,115.5
2020,Scotland,,Median count,Time series break,S92000003,132.0
2021,Scotland,,Median count,Normal value,S92000003,115.5
2008,Wales,,Median count,Low reliability,W92000004,382.0
2009,Wales,,Median count,Low reliability,W92000004,387.0
2010,Wales,,Median count,Low reliability,W92000004,245.0
2011,Wales,,Median count,Low reliability,W92000004,224.0
2012,Wales,,Median count,Low reliability,W92000004,336.0
2013,Wales,,Median count,Low reliability,W92000004,391.0
2014,Wales,,Median count,Low reliability,W92000004,387.0
2015,Wales,,Median count,Normal value,W92000004,244.0
2016,Wales,,Median count,Low reliability,W92000004,416.0
2017,Wales,,Median count,Low reliability,W92000004,266.0
2018,Wales,,Median count,Normal value,W92000004,181.5
2019,Wales,,Median count,Low reliability,W92000004,184.0
2020,Wales,,Median count,Low reliability; Time series break,W92000004,76.0
2021,Wales,,Median count,Low reliability,W92000004,231.5
2008,England,,Median count,Normal value,E92000001,189.5
2009,England,,Median count,Normal value,E92000001,382.0
2010,England,,Median count,Normal value,E92000001,357.0
2011,England,,Median count,Normal value,E92000001,260.0
2012,England,,Median count,Normal value,E92000001,347.0
2013,England,,Median count,Normal value,E92000001,380.0
2014,England,,Median count,Normal value,E92000001,432.0
2015,England,,Median count,Normal value,E92000001,370.0
2016,England,,Median count,Normal value,E92000001,303.0
2017,England,,Median count,Normal value,E92000001,291.0
2018,England,,Median count,Normal value,E92000001,173.0
2019,England,,Median count,Normal value,E92000001,186.0
2020,England,,Median count,Time series break,E92000001,127.5
2021,England,,Median count,Normal value,E92000001,150.0
2008,,,Median count,Normal value,,265.0
2009,,,Median count,Normal value,,322.0
2010,,,Median count,Normal value,,330.0
2011,,,Median count,Normal value,,260.0
2012,,,Median count,Normal value,,340.5
2013,,,Median count,Normal value,,333.5
2014,,,Median count,Normal value,,399.0
2015,,,Median count,Normal value,,271.0
2016,,,Median count,Normal value,,235.0
2017,,,Median count,Normal value,,225.0
2018,,,Median count,Normal value,,174.0
2019,,,Median count,Normal value,,167.0
2020,,,Median count,Time series break,,122.5
2021,,,Median count,Normal value,,139.5
