Year,Country,Sustainably managed status,Observation status,Unit measure,Unit multiplier,GeoCode,Value
2004,England,,Normal value,percentage (%),Units,E92000001,9.74595518668
2004,England,Certified,Normal value,percentage (%),Units,E92000001,2.28886134105711
2004,England,Non-certified,Normal value,percentage (%),Units,E92000001,7.45709384561819
2004,Wales,,Normal value,percentage (%),Units,W92000004,14.4672313304213
2004,Wales,Certified,Normal value,percentage (%),Units,W92000004,6.10772653151965
2004,Wales,Non-certified,Normal value,percentage (%),Units,W92000004,8.3595047989017
2004,Scotland,,Normal value,percentage (%),Units,S92000003,17.3297028966467
2004,Scotland,Certified,Normal value,percentage (%),Units,S92000003,8.59949778797569
2004,Scotland,Non-certified,Normal value,percentage (%),Units,S92000003,8.73020510867105
2004,Northern Ireland,Certified,Normal value,percentage (%),Units,N92000002,4.72125231855757
2004,,Certified,Normal value,percentage (%),Units,,4.77852973947397
2005,England,,Normal value,percentage (%),Units,E92000001,9.82269499129479
2005,England,Certified,Normal value,percentage (%),Units,E92000001,2.63754887170351
2005,England,Non-certified,Normal value,percentage (%),Units,E92000001,7.18514611959127
2005,Wales,,Normal value,percentage (%),Units,W92000004,14.4672313304213
2005,Wales,Certified,Normal value,percentage (%),Units,W92000004,6.32896039800173
2005,Wales,Non-certified,Normal value,percentage (%),Units,W92000004,8.13827093241962
2005,Scotland,,Normal value,percentage (%),Units,S92000003,17.4580710662515
2005,Scotland,Certified,Normal value,percentage (%),Units,S92000003,9.22581053389583
2005,Scotland,Non-certified,Normal value,percentage (%),Units,S92000003,8.23226053235571
2005,Northern Ireland,Certified,Normal value,percentage (%),Units,N92000002,4.60024847765351
2005,,Certified,Normal value,percentage (%),Units,,5.17873676846429
2006,England,,Normal value,percentage (%),Units,E92000001,9.82269499129479
2006,England,Certified,Normal value,percentage (%),Units,E92000001,2.71334671925333
2006,England,Non-certified,Normal value,percentage (%),Units,E92000001,7.10934827204146
2006,Wales,,Normal value,percentage (%),Units,W92000004,14.4672313304213
2006,Wales,Certified,Normal value,percentage (%),Units,W92000004,6.32370975800606
2006,Wales,Non-certified,Normal value,percentage (%),Units,W92000004,8.14352157241529
2006,Scotland,,Normal value,percentage (%),Units,S92000003,17.4580710662515
2006,Scotland,Certified,Normal value,percentage (%),Units,S92000003,9.29860369080907
2006,Scotland,Non-certified,Normal value,percentage (%),Units,S92000003,8.15946737544247
2006,Northern Ireland,Certified,Normal value,percentage (%),Units,N92000002,4.59879846158515
2006,,Certified,Normal value,percentage (%),Units,,5.24225729504843
2007,England,,Normal value,percentage (%),Units,E92000001,9.82269499129479
2007,England,Certified,Normal value,percentage (%),Units,E92000001,2.79227348051548
2007,England,Non-certified,Normal value,percentage (%),Units,E92000001,7.03042151077931
2007,Wales,,Normal value,percentage (%),Units,W92000004,14.4672313304213
2007,Wales,Certified,Normal value,percentage (%),Units,W92000004,6.39393013337511
2007,Wales,Non-certified,Normal value,percentage (%),Units,W92000004,8.07330119704624
2007,Scotland,,Normal value,percentage (%),Units,S92000003,17.5864392358563
2007,Scotland,Certified,Normal value,percentage (%),Units,S92000003,9.81135405874707
2007,Scotland,Non-certified,Normal value,percentage (%),Units,S92000003,7.77508517710926
2007,Northern Ireland,Certified,Normal value,percentage (%),Units,N92000002,4.65139230551102
2007,,Certified,Normal value,percentage (%),Units,,5.45816764036793
2008,England,,Normal value,percentage (%),Units,E92000001,9.89943479591428
2008,England,Certified,Normal value,percentage (%),Units,E92000001,2.64956513525926
2008,England,Non-certified,Normal value,percentage (%),Units,E92000001,7.24986966065502
2008,Wales,,Normal value,percentage (%),Units,W92000004,14.4672313304213
2008,Wales,Certified,Normal value,percentage (%),Units,W92000004,6.26732861774288
2008,Wales,Non-certified,Normal value,percentage (%),Units,W92000004,8.19990271267847
2008,Scotland,,Normal value,percentage (%),Units,S92000003,17.5864392358563
2008,Scotland,Certified,Normal value,percentage (%),Units,S92000003,9.88450424841296
2008,Scotland,Non-certified,Normal value,percentage (%),Units,S92000003,7.70193498744337
2008,Northern Ireland,Certified,Normal value,percentage (%),Units,N92000002,4.67187159388734
2008,,Certified,Normal value,percentage (%),Units,,5.39538163987656
2009,England,,Normal value,percentage (%),Units,E92000001,9.89943479591428
2009,England,Certified,Normal value,percentage (%),Units,E92000001,2.70506330856725
2009,England,Non-certified,Normal value,percentage (%),Units,E92000001,7.19437148734703
2009,Wales,,Normal value,percentage (%),Units,W92000004,14.4672313304213
2009,Wales,Certified,Normal value,percentage (%),Units,W92000004,6.4493899737463
2009,Wales,Non-certified,Normal value,percentage (%),Units,W92000004,8.01784135667505
2009,Scotland,,Normal value,percentage (%),Units,S92000003,17.7148074054611
2009,Scotland,Certified,Normal value,percentage (%),Units,S92000003,10.0223995566456
2009,Scotland,Non-certified,Normal value,percentage (%),Units,S92000003,7.69240784881555
2009,Northern Ireland,Certified,Normal value,percentage (%),Units,N92000002,4.7168660199508
2009,,Certified,Normal value,percentage (%),Units,,5.48753789881881
2010,England,,Normal value,percentage (%),Units,E92000001,9.89943479591428
2010,England,Certified,Normal value,percentage (%),Units,E92000001,2.74091352961962
2010,England,Non-certified,Normal value,percentage (%),Units,E92000001,7.15852126629466
2010,Wales,,Normal value,percentage (%),Units,W92000004,14.4672313304213
2010,Wales,Certified,Normal value,percentage (%),Units,W92000004,6.43664482568042
2010,Wales,Non-certified,Normal value,percentage (%),Units,W92000004,8.03058650474093
2010,Scotland,,Normal value,percentage (%),Units,S92000003,17.7148074054611
2010,Scotland,Certified,Normal value,percentage (%),Units,S92000003,10.1727320036311
2010,Scotland,Non-certified,Normal value,percentage (%),Units,S92000003,7.54207540182998
2010,Northern Ireland,Certified,Normal value,percentage (%),Units,N92000002,4.65089028884074
2010,,Certified,Normal value,percentage (%),Units,,5.55019074684465
2011,England,,Normal value,percentage (%),Units,E92000001,9.89943479591428
2011,England,Certified,Normal value,percentage (%),Units,E92000001,2.57246121710133
2011,England,Non-certified,Normal value,percentage (%),Units,E92000001,7.32697357881295
2011,Wales,,Normal value,percentage (%),Units,W92000004,14.4672313304213
2011,Wales,Certified,Normal value,percentage (%),Units,W92000004,6.44293324889871
2011,Wales,Non-certified,Normal value,percentage (%),Units,W92000004,8.02429808152264
2011,Scotland,,Normal value,percentage (%),Units,S92000003,17.7148074054611
2011,Scotland,Certified,Normal value,percentage (%),Units,S92000003,10.1638707488833
2011,Scotland,Non-certified,Normal value,percentage (%),Units,S92000003,7.5509366565778
2011,Northern Ireland,Certified,Normal value,percentage (%),Units,N92000002,4.60057473126888
2011,,Certified,Normal value,percentage (%),Units,,5.45459497836297
2012,England,,Normal value,percentage (%),Units,E92000001,9.97617460053377
2012,England,Certified,Normal value,percentage (%),Units,E92000001,2.72406131504557
2012,England,Non-certified,Normal value,percentage (%),Units,E92000001,7.2521132854882
2012,Wales,,Normal value,percentage (%),Units,W92000004,14.4672313304213
2012,Wales,Certified,Normal value,percentage (%),Units,W92000004,6.66914914711476
2012,Wales,Non-certified,Normal value,percentage (%),Units,W92000004,7.79808218330659
2012,Scotland,,Normal value,percentage (%),Units,S92000003,17.9715437446707
2012,Scotland,Certified,Normal value,percentage (%),Units,S92000003,10.3687688120022
2012,Scotland,Non-certified,Normal value,percentage (%),Units,S92000003,7.60277493266845
2012,Northern Ireland,Certified,Normal value,percentage (%),Units,N92000002,4.68025311422489
2012,,Certified,Normal value,percentage (%),Units,,5.62558703263509
2013,England,,Normal value,percentage (%),Units,E92000001,9.97617460053377
2013,England,Certified,Normal value,percentage (%),Units,E92000001,2.72226147792442
2013,England,Non-certified,Normal value,percentage (%),Units,E92000001,7.25391312260934
2013,Wales,,Normal value,percentage (%),Units,W92000004,14.9494723747687
2013,Wales,Certified,Normal value,percentage (%),Units,W92000004,6.77263979200982
2013,Wales,Non-certified,Normal value,percentage (%),Units,W92000004,8.1768325827589
2013,Scotland,,Normal value,percentage (%),Units,S92000003,18.0999119142755
2013,Scotland,Certified,Normal value,percentage (%),Units,S92000003,10.3169290123098
2013,Scotland,Non-certified,Normal value,percentage (%),Units,S92000003,7.78298290196571
2013,Northern Ireland,,Normal value,percentage (%),Units,N92000002,7.97508837594184
2013,Northern Ireland,Certified,Normal value,percentage (%),Units,N92000002,4.68956366739978
2013,Northern Ireland,Non-certified,Normal value,percentage (%),Units,N92000002,3.28552470854206
2013,,,Normal value,percentage (%),Units,,12.8944087630956
2013,,Certified,Normal value,percentage (%),Units,,5.61735417628987
2013,,Non-certified,Normal value,percentage (%),Units,,7.2770545868057
2014,England,,Normal value,percentage (%),Units,E92000001,9.97617460053377
2014,England,Certified,Normal value,percentage (%),Units,E92000001,2.68007103348172
2014,England,Non-certified,Normal value,percentage (%),Units,E92000001,7.29610356705205
2014,Wales,,Normal value,percentage (%),Units,W92000004,14.9494723747687
2014,Wales,Certified,Normal value,percentage (%),Units,W92000004,6.80542665650539
2014,Wales,Non-certified,Normal value,percentage (%),Units,W92000004,8.14404571826334
2014,Scotland,,Normal value,percentage (%),Units,S92000003,18.2282800838803
2014,Scotland,Certified,Normal value,percentage (%),Units,S92000003,10.5488960662574
2014,Scotland,Non-certified,Normal value,percentage (%),Units,S92000003,7.67938401762285
2014,Northern Ireland,,Normal value,percentage (%),Units,N92000002,7.97508837594184
2014,Northern Ireland,Certified,Normal value,percentage (%),Units,N92000002,4.70087959279721
2014,Northern Ireland,Non-certified,Normal value,percentage (%),Units,N92000002,3.27420878314463
2014,,,Normal value,percentage (%),Units,,12.9356049572269
2014,,Certified,Normal value,percentage (%),Units,,5.67259233361852
2014,,Non-certified,Normal value,percentage (%),Units,,7.26301262360834
2015,England,,Normal value,percentage (%),Units,E92000001,10.0529144051533
2015,England,Certified,Normal value,percentage (%),Units,E92000001,2.72944175942906
2015,England,Non-certified,Normal value,percentage (%),Units,E92000001,7.3234726457242
2015,Wales,,Normal value,percentage (%),Units,W92000004,14.9494723747687
2015,Wales,Certified,Normal value,percentage (%),Units,W92000004,6.81704765300566
2015,Wales,Non-certified,Normal value,percentage (%),Units,W92000004,8.13242472176307
2015,Scotland,,Normal value,percentage (%),Units,S92000003,18.3566482534851
2015,Scotland,Certified,Normal value,percentage (%),Units,S92000003,10.4405379152102
2015,Scotland,Non-certified,Normal value,percentage (%),Units,S92000003,7.91611033827482
2015,Northern Ireland,,Normal value,percentage (%),Units,N92000002,7.97508837594184
2015,Northern Ireland,Certified,Normal value,percentage (%),Units,N92000002,4.72132481936099
2015,Northern Ireland,Non-certified,Normal value,percentage (%),Units,N92000002,3.25376355658085
2015,,,Normal value,percentage (%),Units,,12.9768011513582
2015,,Certified,Normal value,percentage (%),Units,,5.66647593708687
2015,,Non-certified,Normal value,percentage (%),Units,,7.31032521427129
2016,England,,Normal value,percentage (%),Units,E92000001,10.0529144051533
2016,England,Certified,Normal value,percentage (%),Units,E92000001,2.58757254560073
2016,England,Non-certified,Normal value,percentage (%),Units,E92000001,7.46534185955253
2016,Wales,,Normal value,percentage (%),Units,W92000004,14.9494723747687
2016,Wales,Certified,Normal value,percentage (%),Units,W92000004,6.81023593951377
2016,Wales,Non-certified,Normal value,percentage (%),Units,W92000004,8.13923643525496
2016,Scotland,,Normal value,percentage (%),Units,S92000003,18.4850164230899
2016,Scotland,Certified,Normal value,percentage (%),Units,S92000003,10.3508872466619
2016,Scotland,Non-certified,Normal value,percentage (%),Units,S92000003,8.13412917642793
2016,Northern Ireland,,Normal value,percentage (%),Units,N92000002,7.97508837594184
2016,Northern Ireland,Certified,Normal value,percentage (%),Units,N92000002,4.73149958211262
2016,Northern Ireland,Non-certified,Normal value,percentage (%),Units,N92000002,3.24358879382922
2016,,,Normal value,percentage (%),Units,,13.0179973454894
2016,,Certified,Normal value,percentage (%),Units,,5.56154170930167
2016,,Non-certified,Normal value,percentage (%),Units,,7.45645563618778
2017,England,,Normal value,percentage (%),Units,E92000001,10.0529144051533
2017,England,Certified,Normal value,percentage (%),Units,E92000001,2.58520405856176
2017,England,Non-certified,Normal value,percentage (%),Units,E92000001,7.4677103465915
2017,Wales,,Normal value,percentage (%),Units,W92000004,14.9494723747687
2017,Wales,Certified,Normal value,percentage (%),Units,W92000004,6.99748335410929
2017,Wales,Non-certified,Normal value,percentage (%),Units,W92000004,7.95198902065944
2017,Scotland,,Normal value,percentage (%),Units,S92000003,18.4850164230899
2017,Scotland,Certified,Normal value,percentage (%),Units,S92000003,10.7919811410748
2017,Scotland,Non-certified,Normal value,percentage (%),Units,S92000003,7.69303528201506
2017,Northern Ireland,,Normal value,percentage (%),Units,N92000002,7.97508837594184
2017,Northern Ireland,Certified,Normal value,percentage (%),Units,N92000002,4.73755484921406
2017,Northern Ireland,Non-certified,Normal value,percentage (%),Units,N92000002,3.23753352672778
2017,,,Normal value,percentage (%),Units,,13.0179973454894
2017,,Certified,Normal value,percentage (%),Units,,5.7181670274867
2017,,Non-certified,Normal value,percentage (%),Units,,7.29983031800275
2018,England,,Normal value,percentage (%),Units,E92000001,10.0529144051533
2018,England,Certified,Normal value,percentage (%),Units,E92000001,2.54899971800635
2018,England,Non-certified,Normal value,percentage (%),Units,E92000001,7.50391468714691
2018,Wales,,Normal value,percentage (%),Units,W92000004,14.9494723747687
2018,Wales,Certified,Normal value,percentage (%),Units,W92000004,6.98086520665179
2018,Wales,Non-certified,Normal value,percentage (%),Units,W92000004,7.96860716811694
2018,Scotland,,Normal value,percentage (%),Units,S92000003,18.6133845926947
2018,Scotland,Certified,Normal value,percentage (%),Units,S92000003,10.6912223749012
2018,Scotland,Non-certified,Normal value,percentage (%),Units,S92000003,7.9221622177934
2018,Northern Ireland,,Normal value,percentage (%),Units,N92000002,7.97508837594184
2018,Northern Ireland,Certified,Normal value,percentage (%),Units,N92000002,4.73754686634474
2018,Northern Ireland,Non-certified,Normal value,percentage (%),Units,N92000002,3.2375415095971
2018,,,Normal value,percentage (%),Units,,13.0591935396207
2018,,Certified,Normal value,percentage (%),Units,,5.66497565923801
2018,,Non-certified,Normal value,percentage (%),Units,,7.39421788038274
2019,England,,Normal value,percentage (%),Units,E92000001,10.1296542097727
2019,England,Certified,Normal value,percentage (%),Units,E92000001,2.49309460557401
2019,England,Non-certified,Normal value,percentage (%),Units,E92000001,7.63655960419874
2019,Wales,,Normal value,percentage (%),Units,W92000004,14.9494723747687
2019,Wales,Certified,Normal value,percentage (%),Units,W92000004,7.05631176123011
2019,Wales,Non-certified,Normal value,percentage (%),Units,W92000004,7.89316061353862
2019,Scotland,,Normal value,percentage (%),Units,S92000003,18.7417527622994
2019,Scotland,Certified,Normal value,percentage (%),Units,S92000003,11.1013590902067
2019,Scotland,Non-certified,Normal value,percentage (%),Units,S92000003,7.64039367209276
2019,Northern Ireland,,Normal value,percentage (%),Units,N92000002,7.97508837594184
2019,Northern Ireland,Certified,Normal value,percentage (%),Units,N92000002,4.74970235882669
2019,Northern Ireland,Non-certified,Normal value,percentage (%),Units,N92000002,3.22538601711515
2019,,,Normal value,percentage (%),Units,,13.1827821220146
2019,,Certified,Normal value,percentage (%),Units,,5.77372195183779
2019,,Non-certified,Normal value,percentage (%),Units,,7.40906017017685
2020,England,,Normal value,percentage (%),Units,E92000001,10.1296542097727
2020,England,Certified,Normal value,percentage (%),Units,E92000001,2.48120299249118
2020,England,Non-certified,Normal value,percentage (%),Units,E92000001,7.64845121728157
2020,Wales,,Normal value,percentage (%),Units,W92000004,14.9494723747687
2020,Wales,Certified,Normal value,percentage (%),Units,W92000004,7.03686644856039
2020,Wales,Non-certified,Normal value,percentage (%),Units,W92000004,7.91260592620834
2020,Scotland,,Normal value,percentage (%),Units,S92000003,18.8701209319042
2020,Scotland,Certified,Normal value,percentage (%),Units,S92000003,11.0613035988519
2020,Scotland,Non-certified,Normal value,percentage (%),Units,S92000003,7.80881733305232
2020,Northern Ireland,,Normal value,percentage (%),Units,N92000002,8.70009641011837
2020,Northern Ireland,Certified,Normal value,percentage (%),Units,N92000002,4.75966358815256
2020,Northern Ireland,Non-certified,Normal value,percentage (%),Units,N92000002,3.94043282196581
2020,,,Normal value,percentage (%),Units,,13.2651745102772
2020,,Certified,Normal value,percentage (%),Units,,5.75338835448662
2020,,Non-certified,Normal value,percentage (%),Units,,7.51178615579061
2021,England,,Normal value,percentage (%),Units,E92000001,10.1296542097727
2021,England,Certified,Normal value,percentage (%),Units,E92000001,2.42845786208541
2021,England,Non-certified,Normal value,percentage (%),Units,E92000001,7.70119634768734
2021,Wales,,Normal value,percentage (%),Units,W92000004,14.9494723747687
2021,Wales,Certified,Normal value,percentage (%),Units,W92000004,6.97409010334508
2021,Wales,Non-certified,Normal value,percentage (%),Units,W92000004,7.97538227142365
2021,Scotland,,Normal value,percentage (%),Units,S92000003,18.998489101509
2021,Scotland,Certified,Normal value,percentage (%),Units,S92000003,11.3683248316498
2021,Scotland,Non-certified,Normal value,percentage (%),Units,S92000003,7.63016426985923
2021,Northern Ireland,,Normal value,percentage (%),Units,N92000002,8.70009641011837
2021,Northern Ireland,Certified,Normal value,percentage (%),Units,N92000002,4.74170914524989
2021,Northern Ireland,Non-certified,Normal value,percentage (%),Units,N92000002,3.95838726486847
2021,,,Normal value,percentage (%),Units,,13.2651745102772
2021,,Certified,Normal value,percentage (%),Units,,5.8172201673586
2021,,Non-certified,Normal value,percentage (%),Units,,7.44795434291862
2022,England,,Normal value,percentage (%),Units,E92000001,10.1296542097727
2022,England,Certified,Estimated value,percentage (%),Units,E92000001,2.41745696697443
2022,England,Non-certified,Normal value,percentage (%),Units,E92000001,7.71219724279831
2022,Wales,,Normal value,percentage (%),Units,W92000004,14.9494723747687
2022,Wales,Certified,Estimated value,percentage (%),Units,W92000004,6.9768802263639
2022,Wales,Non-certified,Normal value,percentage (%),Units,W92000004,7.97259214840483
2022,Scotland,,Normal value,percentage (%),Units,S92000003,19.1268572711138
2022,Scotland,Certified,Estimated value,percentage (%),Units,S92000003,11.4928771332163
2022,Scotland,Non-certified,Normal value,percentage (%),Units,S92000003,7.63398013789756
2022,Northern Ireland,,Normal value,percentage (%),Units,N92000002,8.70009641011837
2022,Northern Ireland,Certified,Estimated value,percentage (%),Units,N92000002,4.74718425611792
2022,Northern Ireland,Non-certified,Normal value,percentage (%),Units,N92000002,3.95291215400045
2022,,,Normal value,percentage (%),Units,,13.3475668985398
2022,,Certified,Estimated value,percentage (%),Units,,5.85183561504385
2022,,Non-certified,Normal value,percentage (%),Units,,7.49573128349596
