Year,Country,Sustainably managed status,Observation status,Unit multiplier,Unit measure,GeoCode,Value
2004,England,,Undefined,Units,Percentage (%),E92000001,9.759289072989999
2005,England,,Undefined,Units,Percentage (%),E92000001,9.79727314084877
2006,England,,Undefined,Units,Percentage (%),E92000001,9.82325727073359
2007,England,,Undefined,Units,Percentage (%),E92000001,9.845811097522972
2008,England,,Undefined,Units,Percentage (%),E92000001,9.864182834784572
2009,England,,Undefined,Units,Percentage (%),E92000001,9.882013898816586
2010,England,,Undefined,Units,Percentage (%),E92000001,9.89824442686432
2011,England,,Undefined,Units,Percentage (%),E92000001,9.917674823110108
2012,England,,Undefined,Units,Percentage (%),E92000001,9.95834144531913
2013,England,,Undefined,Units,Percentage (%),E92000001,9.962484372605012
2014,England,,Undefined,Units,Percentage (%),E92000001,9.99079310018428
2015,England,,Undefined,Units,Percentage (%),E92000001,10.01477492883525
2016,England,,Undefined,Units,Percentage (%),E92000001,10.016636406878787
2017,England,,Undefined,Units,Percentage (%),E92000001,10.023492580817576
2018,England,,Undefined,Units,Percentage (%),E92000001,10.033539300910954
2019,England,,Undefined,Units,Percentage (%),E92000001,10.045070503526297
2020,England,,Undefined,Units,Percentage (%),E92000001,10.059331024632707
2004,Wales,,Undefined,Units,Percentage (%),W92000004,14.529793317061927
2005,Wales,,Undefined,Units,Percentage (%),W92000004,14.554690498837427
2006,Wales,,Undefined,Units,Percentage (%),W92000004,14.577461102679475
2007,Wales,,Undefined,Units,Percentage (%),W92000004,14.60130455935063
2008,Wales,,Undefined,Units,Percentage (%),W92000004,14.609042471768587
2009,Wales,,Undefined,Units,Percentage (%),W92000004,14.616603133937039
2010,Wales,,Undefined,Units,Percentage (%),W92000004,14.625347589738247
2011,Wales,,Undefined,Units,Percentage (%),W92000004,14.639657094271074
2012,Wales,,Undefined,Units,Percentage (%),W92000004,14.687783364672427
2013,Wales,,Undefined,Units,Percentage (%),W92000004,14.776636821987514
2014,Wales,,Undefined,Units,Percentage (%),W92000004,14.748935097824914
2015,Wales,,Undefined,Units,Percentage (%),W92000004,14.756765766865742
2016,Wales,,Undefined,Units,Percentage (%),W92000004,14.78573334648885
2017,Wales,,Undefined,Units,Percentage (%),W92000004,14.837454051051429
2018,Wales,,Undefined,Units,Percentage (%),W92000004,14.87956128966172
2019,Wales,,Undefined,Units,Percentage (%),W92000004,14.910772121539912
2020,Wales,,Undefined,Units,Percentage (%),W92000004,14.914437268292732
2013,Northern Ireland,,Undefined,Units,Percentage (%),N92000002,8.048749192214173
2014,Northern Ireland,,Undefined,Units,Percentage (%),N92000002,8.081157051341863
2015,Northern Ireland,,Undefined,Units,Percentage (%),N92000002,8.11370991207639
2016,Northern Ireland,,Undefined,Units,Percentage (%),N92000002,8.126397552674481
2017,Northern Ireland,,Undefined,Units,Percentage (%),N92000002,8.147495286469017
2018,Northern Ireland,,Undefined,Units,Percentage (%),N92000002,8.164822978485834
2019,Northern Ireland,,Undefined,Units,Percentage (%),N92000002,8.192953290211886
2020,Northern Ireland,,Undefined,Units,Percentage (%),N92000002,8.582717609385188
2004,Scotland,,Undefined,Units,Percentage (%),S92000003,17.357540766035026
2005,Scotland,,Undefined,Units,Percentage (%),S92000003,17.429141410864464
2006,Scotland,,Undefined,Units,Percentage (%),S92000003,17.479417635801095
2007,Scotland,,Undefined,Units,Percentage (%),S92000003,17.562435742272125
2008,Scotland,,Undefined,Units,Percentage (%),S92000003,17.615107437537862
2009,Scotland,,Undefined,Units,Percentage (%),S92000003,17.658375873939107
2010,Scotland,,Undefined,Units,Percentage (%),S92000003,17.692541914226425
2011,Scotland,,Undefined,Units,Percentage (%),S92000003,17.758033524819147
2012,Scotland,,Undefined,Units,Percentage (%),S92000003,18.009890229308667
2013,Scotland,,Undefined,Units,Percentage (%),S92000003,18.10792154295801
2014,Scotland,,Undefined,Units,Percentage (%),S92000003,18.282384170641986
2015,Scotland,,Undefined,Units,Percentage (%),S92000003,18.377178785670985
2016,Scotland,,Undefined,Units,Percentage (%),S92000003,18.420544382379138
2017,Scotland,,Undefined,Units,Percentage (%),S92000003,18.454413300793306
2018,Scotland,,Undefined,Units,Percentage (%),S92000003,18.560702768743838
2019,Scotland,,Undefined,Units,Percentage (%),S92000003,18.6912379759562
2020,Scotland,,Undefined,Units,Percentage (%),S92000003,18.830592211064136
2013,,,Undefined,Units,Percentage (%),,12.879082643638332
2014,,,Undefined,Units,Percentage (%),,12.949744591023519
2015,,,Undefined,Units,Percentage (%),,12.995559563810193
2016,,,Undefined,Units,Percentage (%),,13.013671519048511
2017,,,Undefined,Units,Percentage (%),,13.03383852785026
2018,,,Undefined,Units,Percentage (%),,13.077924666426547
2019,,,Undefined,Units,Percentage (%),,13.130271867231725
2020,,,Undefined,Units,Percentage (%),,13.205109941621174
2004,England,Certified,Undefined,Units,Percentage (%),E92000001,2.28884693635598
2005,England,Certified,Undefined,Units,Percentage (%),E92000001,2.6375322725751515
2006,England,Certified,Undefined,Units,Percentage (%),E92000001,2.7133296430994176
2007,England,Certified,Undefined,Units,Percentage (%),E92000001,2.7922559076445346
2008,England,Certified,Undefined,Units,Percentage (%),E92000001,2.6495484605078428
2009,England,Certified,Undefined,Units,Percentage (%),E92000001,2.705046284544088
2010,England,Certified,Undefined,Units,Percentage (%),E92000001,2.7408962799769694
2011,England,Certified,Undefined,Units,Percentage (%),E92000001,2.5724450275950765
2012,England,Certified,Undefined,Units,Percentage (%),E92000001,2.7240441714605095
2013,England,Certified,Undefined,Units,Percentage (%),E92000001,2.722244345666443
2014,England,Certified,Undefined,Units,Percentage (%),E92000001,2.6800541667447377
2015,England,Certified,Undefined,Units,Percentage (%),E92000001,2.7294245819827534
2016,England,Certified,Undefined,Units,Percentage (%),E92000001,2.5875562609929696
2017,England,Certified,Undefined,Units,Percentage (%),E92000001,2.585187788859812
2018,England,Certified,Undefined,Units,Percentage (%),E92000001,2.5489836761525013
2019,England,Certified,Undefined,Units,Percentage (%),E92000001,2.493019308598865
2020,England,Certified,Undefined,Units,Percentage (%),E92000001,2.4808395552838984
2004,Wales,Certified,Undefined,Units,Percentage (%),W92000004,6.107917870465126
2005,Wales,Certified,Undefined,Units,Percentage (%),W92000004,6.329158667620097
2006,Wales,Certified,Undefined,Units,Percentage (%),W92000004,6.323907863135741
2007,Wales,Certified,Undefined,Units,Percentage (%),W92000004,6.394130438323739
2008,Wales,Certified,Undefined,Units,Percentage (%),W92000004,6.267524956600303
2009,Wales,Certified,Undefined,Units,Percentage (%),W92000004,6.449592016105293
2010,Wales,Certified,Undefined,Units,Percentage (%),W92000004,6.436846468767582
2011,Wales,Certified,Undefined,Units,Percentage (%),W92000004,6.443135088985567
2012,Wales,Certified,Undefined,Units,Percentage (%),W92000004,6.6693580739484055
2013,Wales,Certified,Undefined,Units,Percentage (%),W92000004,6.7728519609321225
2014,Wales,Certified,Undefined,Units,Percentage (%),W92000004,6.805639852553583
2015,Wales,Certified,Undefined,Units,Percentage (%),W92000004,6.817261213108983
2016,Wales,Certified,Undefined,Units,Percentage (%),W92000004,6.810449286224098
2017,Wales,Certified,Undefined,Units,Percentage (%),W92000004,6.99770256678671
2018,Wales,Certified,Undefined,Units,Percentage (%),W92000004,6.981083898726531
2019,Wales,Certified,Undefined,Units,Percentage (%),W92000004,7.056669686912667
2020,Wales,Certified,Undefined,Units,Percentage (%),W92000004,7.036607190398701
2004,Scotland,Certified,Undefined,Units,Percentage (%),S92000003,8.599257563578815
2005,Scotland,Certified,Undefined,Units,Percentage (%),S92000003,9.225552813639851
2006,Scotland,Certified,Undefined,Units,Percentage (%),S92000003,9.298343937098034
2007,Scotland,Certified,Undefined,Units,Percentage (%),S92000003,9.811079981507977
2008,Scotland,Certified,Undefined,Units,Percentage (%),S92000003,9.884228127745212
2009,Scotland,Certified,Undefined,Units,Percentage (%),S92000003,10.022119583913657
2010,Scotland,Certified,Undefined,Units,Percentage (%),S92000003,10.172447831407313
2011,Scotland,Certified,Undefined,Units,Percentage (%),S92000003,10.163586824195992
2012,Scotland,Certified,Undefined,Units,Percentage (%),S92000003,10.368479163548852
2013,Scotland,Certified,Undefined,Units,Percentage (%),S92000003,10.31664081198568
2014,Scotland,Certified,Undefined,Units,Percentage (%),S92000003,10.5486013860031
2015,Scotland,Certified,Undefined,Units,Percentage (%),S92000003,10.440246261908436
2016,Scotland,Certified,Undefined,Units,Percentage (%),S92000003,10.350598097724717
2017,Scotland,Certified,Undefined,Units,Percentage (%),S92000003,10.791679670311668
2018,Scotland,Certified,Undefined,Units,Percentage (%),S92000003,10.690923718804086
2019,Scotland,Certified,Undefined,Units,Percentage (%),S92000003,11.07282704474634
2020,Scotland,Certified,Undefined,Units,Percentage (%),S92000003,11.030442549584606
2004,Northern Ireland,Certified,Undefined,Units,Percentage (%),N92000002,4.7212523185575686
2005,Northern Ireland,Certified,Undefined,Units,Percentage (%),N92000002,4.600248477653506
2006,Northern Ireland,Certified,Undefined,Units,Percentage (%),N92000002,4.598798461585152
2007,Northern Ireland,Certified,Undefined,Units,Percentage (%),N92000002,4.651392305511017
2008,Northern Ireland,Certified,Undefined,Units,Percentage (%),N92000002,4.671871593887341
2009,Northern Ireland,Certified,Undefined,Units,Percentage (%),N92000002,4.716866019950801
2010,Northern Ireland,Certified,Undefined,Units,Percentage (%),N92000002,4.650890288840736
2011,Northern Ireland,Certified,Undefined,Units,Percentage (%),N92000002,4.6005747312688845
2012,Northern Ireland,Certified,Undefined,Units,Percentage (%),N92000002,4.680253114224884
2013,Northern Ireland,Certified,Undefined,Units,Percentage (%),N92000002,4.6895636673997805
2014,Northern Ireland,Certified,Undefined,Units,Percentage (%),N92000002,4.700879592797207
2015,Northern Ireland,Certified,Undefined,Units,Percentage (%),N92000002,4.721324819360985
2016,Northern Ireland,Certified,Undefined,Units,Percentage (%),N92000002,4.731499582112618
2017,Northern Ireland,Certified,Undefined,Units,Percentage (%),N92000002,4.737554849214061
2018,Northern Ireland,Certified,Undefined,Units,Percentage (%),N92000002,4.737546866344737
2019,Northern Ireland,Certified,Undefined,Units,Percentage (%),N92000002,4.7497023588266885
2020,Northern Ireland,Certified,Undefined,Units,Percentage (%),N92000002,4.759663588152557
2004,,Certified,Undefined,Units,Percentage (%),,4.778483543432336
2005,,Certified,Undefined,Units,Percentage (%),,5.1786867034542565
2006,,Certified,Undefined,Units,Percentage (%),,5.242206615958947
2007,,Certified,Undefined,Units,Percentage (%),,5.4581148739830185
2008,,Certified,Undefined,Units,Percentage (%),,5.395329480470122
2009,,Certified,Undefined,Units,Percentage (%),,5.487484848499348
2010,,Certified,Undefined,Units,Percentage (%),,5.550137090833952
2011,,Certified,Undefined,Units,Percentage (%),,5.4545422465164775
2012,,Certified,Undefined,Units,Percentage (%),,5.6255326477370255
2013,,Certified,Undefined,Units,Percentage (%),,5.617299870982264
2014,,Certified,Undefined,Units,Percentage (%),,5.672537494300591
2015,,Certified,Undefined,Units,Percentage (%),,5.666421156898699
2016,,Certified,Undefined,Units,Percentage (%),,5.561487943556489
2017,,Certified,Undefined,Units,Percentage (%),,5.7181117475791865
2018,,Certified,Undefined,Units,Percentage (%),,5.664920893553653
2019,,Certified,Undefined,Units,Percentage (%),,5.764588618270834
2020,,Certified,Undefined,Units,Percentage (%),,5.743300024200777
2004,England,Non-certified,Undefined,Units,Percentage (%),E92000001,7.470442136629731
2005,England,Non-certified,Undefined,Units,Percentage (%),E92000001,7.159740868273617
2006,England,Non-certified,Undefined,Units,Percentage (%),E92000001,7.109927627634172
2007,England,Non-certified,Undefined,Units,Percentage (%),E92000001,7.053555189878438
2008,England,Non-certified,Undefined,Units,Percentage (%),E92000001,7.214634374276729
2009,England,Non-certified,Undefined,Units,Percentage (%),E92000001,7.176967614272499
2010,England,Non-certified,Undefined,Units,Percentage (%),E92000001,7.157348146887351
2011,England,Non-certified,Undefined,Units,Percentage (%),E92000001,7.345229795515031
2012,England,Non-certified,Undefined,Units,Percentage (%),E92000001,7.234297273858621
2013,England,Non-certified,Undefined,Units,Percentage (%),E92000001,7.24024002693857
2014,England,Non-certified,Undefined,Units,Percentage (%),E92000001,7.3107389334395405
2015,England,Non-certified,Undefined,Units,Percentage (%),E92000001,7.285350346852495
2016,England,Non-certified,Undefined,Units,Percentage (%),E92000001,7.429080145885817
2017,England,Non-certified,Undefined,Units,Percentage (%),E92000001,7.438304791957762
2018,England,Non-certified,Undefined,Units,Percentage (%),E92000001,7.484555624758452
2019,England,Non-certified,Undefined,Units,Percentage (%),E92000001,7.552051194927431
2020,England,Non-certified,Undefined,Units,Percentage (%),E92000001,7.5784914693488075
2004,Wales,Non-certified,Undefined,Units,Percentage (%),W92000004,8.4218754465968
2005,Wales,Non-certified,Undefined,Units,Percentage (%),W92000004,8.225531831217332
2006,Wales,Non-certified,Undefined,Units,Percentage (%),W92000004,8.253553239543734
2007,Wales,Non-certified,Undefined,Units,Percentage (%),W92000004,8.207174121026892
2008,Wales,Non-certified,Undefined,Units,Percentage (%),W92000004,8.341517515168281
2009,Wales,Non-certified,Undefined,Units,Percentage (%),W92000004,8.167011117831748
2010,Wales,Non-certified,Undefined,Units,Percentage (%),W92000004,8.188501120970665
2011,Wales,Non-certified,Undefined,Units,Percentage (%),W92000004,8.196522005285505
2012,Wales,Non-certified,Undefined,Units,Percentage (%),W92000004,8.018425290724021
2013,Wales,Non-certified,Undefined,Units,Percentage (%),W92000004,8.003784861055394
2014,Wales,Non-certified,Undefined,Units,Percentage (%),W92000004,7.943295245271335
2015,Wales,Non-certified,Undefined,Units,Percentage (%),W92000004,7.939504553756758
2016,Wales,Non-certified,Undefined,Units,Percentage (%),W92000004,7.9752840602647534
2017,Wales,Non-certified,Undefined,Units,Percentage (%),W92000004,7.839751484264719
2018,Wales,Non-certified,Undefined,Units,Percentage (%),W92000004,7.898477390935187
2019,Wales,Non-certified,Undefined,Units,Percentage (%),W92000004,7.854102434627245
2020,Wales,Non-certified,Undefined,Units,Percentage (%),W92000004,7.877830077894031
2004,Scotland,Non-certified,Undefined,Units,Percentage (%),S92000003,8.75828320245621
2005,Scotland,Non-certified,Undefined,Units,Percentage (%),S92000003,8.203588597224613
2006,Scotland,Non-certified,Undefined,Units,Percentage (%),S92000003,8.181073698703061
2007,Scotland,Non-certified,Undefined,Units,Percentage (%),S92000003,7.751355760764147
2008,Scotland,Non-certified,Undefined,Units,Percentage (%),S92000003,7.730879309792652
2009,Scotland,Non-certified,Undefined,Units,Percentage (%),S92000003,7.63625629002545
2010,Scotland,Non-certified,Undefined,Units,Percentage (%),S92000003,7.5200940828191145
2011,Scotland,Non-certified,Undefined,Units,Percentage (%),S92000003,7.5944467006231555
2012,Scotland,Non-certified,Undefined,Units,Percentage (%),S92000003,7.641411065759815
2013,Scotland,Non-certified,Undefined,Units,Percentage (%),S92000003,7.79128073097233
2014,Scotland,Non-certified,Undefined,Units,Percentage (%),S92000003,7.733782784638889
2015,Scotland,Non-certified,Undefined,Units,Percentage (%),S92000003,7.936932523762547
2016,Scotland,Non-certified,Undefined,Units,Percentage (%),S92000003,8.069946284654423
2017,Scotland,Non-certified,Undefined,Units,Percentage (%),S92000003,7.662733630481634
2018,Scotland,Non-certified,Undefined,Units,Percentage (%),S92000003,7.869779049939755
2019,Scotland,Non-certified,Undefined,Units,Percentage (%),S92000003,7.618410931209862
2020,Scotland,Non-certified,Undefined,Units,Percentage (%),S92000003,7.80014966147953
2013,Northern Ireland,Non-certified,Undefined,Units,Percentage (%),N92000002,3.359185524814393
2014,Northern Ireland,Non-certified,Undefined,Units,Percentage (%),N92000002,3.3802774585446564
2015,Northern Ireland,Non-certified,Undefined,Units,Percentage (%),N92000002,3.392385092715404
2016,Northern Ireland,Non-certified,Undefined,Units,Percentage (%),N92000002,3.3948979705618614
2017,Northern Ireland,Non-certified,Undefined,Units,Percentage (%),N92000002,3.4099404372549555
2018,Northern Ireland,Non-certified,Undefined,Units,Percentage (%),N92000002,3.427276112141098
2019,Northern Ireland,Non-certified,Undefined,Units,Percentage (%),N92000002,3.4432509313851964
2020,Northern Ireland,Non-certified,Undefined,Units,Percentage (%),N92000002,3.823054021232632
2013,,Non-certified,Undefined,Units,Percentage (%),,7.261782772656067
2014,,Non-certified,Undefined,Units,Percentage (%),,7.27720709672293
2015,,Non-certified,Undefined,Units,Percentage (%),,7.329138406911495
2016,,Non-certified,Undefined,Units,Percentage (%),,7.452183575492022
2017,,Non-certified,Undefined,Units,Percentage (%),,7.315726780271075
2018,,Non-certified,Undefined,Units,Percentage (%),,7.4130037728728935
2019,,Non-certified,Undefined,Units,Percentage (%),,7.365683248960887
2020,,Non-certified,Undefined,Units,Percentage (%),,7.461809917420401
