Year,Sector,Country,Region,Age,Sex,Observation status,Unit multiplier,Unit measure,GeoCode,Value
2010,Public sector,,,16 to 17,Female,Undefined,Units,Percentage (%),,0.0954928512929
2014,Public sector,,,16 to 17,Male,Undefined,Units,Percentage (%),,0.096248688236
2012,Public sector,,,16 to 17,Male,Undefined,Units,Percentage (%),,0.105680931056
2013,Public sector,,,16 to 17,Female,Undefined,Units,Percentage (%),,0.108015505327
2012,Public sector,,,16 to 17,Female,Undefined,Units,Percentage (%),,0.111521773239
2015,Public sector,,,16 to 17,Female,Undefined,Units,Percentage (%),,0.114216157141
2014,Public sector,,,16 to 17,Female,Undefined,Units,Percentage (%),,0.120336139479
2009,Public sector,,,16 to 17,Male,Undefined,Units,Percentage (%),,0.12550447286
2011,Public sector,,,16 to 17,Male,Undefined,Units,Percentage (%),,0.129728498967
2010,Public sector,,,16 to 17,Male,Undefined,Units,Percentage (%),,0.13399388415
2011,Public sector,,,16 to 17,Female,Undefined,Units,Percentage (%),,0.139034200243
2005,Public sector,,,16 to 17,Male,Undefined,Units,Percentage (%),,0.156078767589
2016,Public sector,,,16 to 17,Male,Undefined,Units,Percentage (%),,0.167330637439
2013,Public sector,,,16 to 17,,Undefined,Units,Percentage (%),,0.176283973868
2009,Public sector,,,16 to 17,Female,Undefined,Units,Percentage (%),,0.17694699325
2007,Public sector,,,16 to 17,Female,Undefined,Units,Percentage (%),,0.181998249675
2007,Public sector,,,16 to 17,Male,Undefined,Units,Percentage (%),,0.182231396822
2008,Public sector,,,16 to 17,Female,Undefined,Units,Percentage (%),,0.191452598139
2003,Public sector,,,16 to 17,Male,Undefined,Units,Percentage (%),,0.193852551707
2008,Public sector,,,16 to 17,Male,Undefined,Units,Percentage (%),,0.194164711024
2006,Public sector,,,16 to 17,Male,Undefined,Units,Percentage (%),,0.204507691853
2004,Public sector,,,16 to 17,Male,Undefined,Units,Percentage (%),,0.211276404984
2005,Public sector,,,16 to 17,Female,Undefined,Units,Percentage (%),,0.214155503763
2002,Public sector,,,16 to 17,Male,Undefined,Units,Percentage (%),,0.216076755749
2014,Public sector,,,16 to 17,,Undefined,Units,Percentage (%),,0.216584827715
2012,Public sector,,,16 to 17,,Undefined,Units,Percentage (%),,0.217202704295
2015,Public sector,,,16 to 17,,Undefined,Units,Percentage (%),,0.226978989332
2006,Public sector,,,16 to 17,Female,Undefined,Units,Percentage (%),,0.227084506511
2010,Public sector,,,16 to 17,,Undefined,Units,Percentage (%),,0.229486735442
2001,Public sector,,,16 to 17,Male,Undefined,Units,Percentage (%),,0.23654034102
2004,Public sector,,,16 to 17,Female,Undefined,Units,Percentage (%),,0.254161554768
2000,Public sector,,,16 to 17,Female,Undefined,Units,Percentage (%),,0.259110873226
2000,Public sector,,,16 to 17,Male,Undefined,Units,Percentage (%),,0.261765558889
2011,Public sector,,,16 to 17,,Undefined,Units,Percentage (%),,0.26876269921
2002,Public sector,,,16 to 17,Female,Undefined,Units,Percentage (%),,0.278603865174
2001,Public sector,,,16 to 17,Female,Undefined,Units,Percentage (%),,0.282616612755
2003,Public sector,,,16 to 17,Female,Undefined,Units,Percentage (%),,0.290260586442
2016,Public sector,,,16 to 17,,Undefined,Units,Percentage (%),,0.301637303287
2009,Public sector,,,16 to 17,,Undefined,Units,Percentage (%),,0.30245146611
2000,Public sector,,,65 and over,Male,Undefined,Units,Percentage (%),,0.354488228422
2007,Public sector,,,16 to 17,,Undefined,Units,Percentage (%),,0.364229646496
2005,Public sector,,,16 to 17,,Undefined,Units,Percentage (%),,0.370234271352
2008,Public sector,,,16 to 17,,Undefined,Units,Percentage (%),,0.385617309163
2000,Public sector,,,65 and over,Female,Undefined,Units,Percentage (%),,0.397365786507
2001,Public sector,,,65 and over,Male,Undefined,Units,Percentage (%),,0.402553447177
2005,Public sector,,,65 and over,Male,Undefined,Units,Percentage (%),,0.423858159465
2006,Public sector,,,16 to 17,,Undefined,Units,Percentage (%),,0.431592198364
2004,Public sector,,,65 and over,Male,Undefined,Units,Percentage (%),,0.456629295913
2004,Public sector,,,16 to 17,,Undefined,Units,Percentage (%),,0.465437959751
2003,Public sector,,,65 and over,Male,Undefined,Units,Percentage (%),,0.468220410492
2002,Public sector,,,65 and over,Male,Undefined,Units,Percentage (%),,0.473900281977
2003,Public sector,,,16 to 17,,Undefined,Units,Percentage (%),,0.484113138149
2001,Public sector,,,65 and over,Female,Undefined,Units,Percentage (%),,0.487535597147
2002,Public sector,,,16 to 17,,Undefined,Units,Percentage (%),,0.494680620923
2006,Public sector,,,65 and over,Male,Undefined,Units,Percentage (%),,0.495057778089
2001,Public sector,,,16 to 17,,Undefined,Units,Percentage (%),,0.519156953774
2000,Public sector,,,16 to 17,,Undefined,Units,Percentage (%),,0.520876432115
2007,Public sector,,,65 and over,Male,Undefined,Units,Percentage (%),,0.542709167694
2004,Public sector,,,65 and over,Female,Undefined,Units,Percentage (%),,0.562384411405
2002,Public sector,,,65 and over,Female,Undefined,Units,Percentage (%),,0.604393832085
2005,Public sector,,,65 and over,Female,Undefined,Units,Percentage (%),,0.615717207781
2003,Public sector,,,65 and over,Female,Undefined,Units,Percentage (%),,0.625374657007
2006,Public sector,,,65 and over,Female,Undefined,Units,Percentage (%),,0.659074096552
2007,Public sector,,,65 and over,Female,Undefined,Units,Percentage (%),,0.659214590391
2009,Public sector,,,65 and over,Male,Undefined,Units,Percentage (%),,0.667197550082
2008,Public sector,,,65 and over,Male,Undefined,Units,Percentage (%),,0.68956792656
2000,Public sector,,,65 and over,,Undefined,Units,Percentage (%),,0.751854014929
2008,Public sector,,,65 and over,Female,Undefined,Units,Percentage (%),,0.80272193151
2010,Public sector,,,65 and over,Male,Undefined,Units,Percentage (%),,0.80932429504
2012,Public sector,,,65 and over,Male,Undefined,Units,Percentage (%),,0.824765951562
2011,Public sector,,,65 and over,Male,Undefined,Units,Percentage (%),,0.830461851436
2001,Public sector,,,65 and over,,Undefined,Units,Percentage (%),,0.890089044324
2013,Public sector,,,65 and over,Male,Undefined,Units,Percentage (%),,0.952866952795
2010,Public sector,,,65 and over,Female,Undefined,Units,Percentage (%),,0.98989671159
2014,Public sector,,,65 and over,Male,Undefined,Units,Percentage (%),,1.01248910873
2016,Public sector,,,65 and over,Male,Undefined,Units,Percentage (%),,1.01423676752
2004,Public sector,,,65 and over,,Undefined,Units,Percentage (%),,1.01901370732
2005,Public sector,,,65 and over,,Undefined,Units,Percentage (%),,1.03957536725
2015,Public sector,,,65 and over,Male,Undefined,Units,Percentage (%),,1.05167220943
2009,Public sector,,,65 and over,Female,Undefined,Units,Percentage (%),,1.06518807469
2002,Public sector,,,65 and over,,Undefined,Units,Percentage (%),,1.07829411406
2003,Public sector,,,65 and over,,Undefined,Units,Percentage (%),,1.0935950675
2016,,,,16 to 17,Female,Undefined,Units,Percentage (%),,1.10361839515
2015,,,,16 to 17,Female,Undefined,Units,Percentage (%),,1.13155830943
2006,Public sector,,,65 and over,,Undefined,Units,Percentage (%),,1.15413187464
2014,,,,16 to 17,Female,Undefined,Units,Percentage (%),,1.15692039748
2011,Public sector,,,65 and over,Female,Undefined,Units,Percentage (%),,1.15735182356
2016,,,,16 to 17,Male,Undefined,Units,Percentage (%),,1.16669109491
2013,,,,16 to 17,Female,Undefined,Units,Percentage (%),,1.17054729681
2012,,,,16 to 17,Female,Undefined,Units,Percentage (%),,1.17357451994
2015,,,,16 to 17,Male,Undefined,Units,Percentage (%),,1.19221255513
2000,,,,16 to 17,Female,Undefined,Units,Percentage (%),,1.20002584652
2007,Public sector,,,65 and over,,Undefined,Units,Percentage (%),,1.20192375809
2011,,,,16 to 17,Female,Undefined,Units,Percentage (%),,1.20207514734
2014,,,,16 to 17,Male,Undefined,Units,Percentage (%),,1.21773150452
2012,Public sector,,,65 and over,Female,Undefined,Units,Percentage (%),,1.22008542738
2010,,,,16 to 17,Female,Undefined,Units,Percentage (%),,1.22405618047
2001,,,,16 to 17,Female,Undefined,Units,Percentage (%),,1.22864818807
2013,,,,16 to 17,Male,Undefined,Units,Percentage (%),,1.23955369054
2002,,,,16 to 17,Female,Undefined,Units,Percentage (%),,1.24366475261
2012,,,,16 to 17,Male,Undefined,Units,Percentage (%),,1.24450298509
2003,,,,16 to 17,Female,Undefined,Units,Percentage (%),,1.2524594351
2009,,,,16 to 17,Female,Undefined,Units,Percentage (%),,1.25548811167
2006,,,,16 to 17,Female,Undefined,Units,Percentage (%),,1.25592937105
2000,,,,16 to 17,Male,Undefined,Units,Percentage (%),,1.25711575396
2011,,,,16 to 17,Male,Undefined,Units,Percentage (%),,1.26817280738
2007,,,,16 to 17,Female,Undefined,Units,Percentage (%),,1.26956579172
2004,,,,16 to 17,Female,Undefined,Units,Percentage (%),,1.2739038582
2005,,,,16 to 17,Female,Undefined,Units,Percentage (%),,1.27426958273
2008,,,,16 to 17,Female,Undefined,Units,Percentage (%),,1.2795692893
2010,,,,16 to 17,Male,Undefined,Units,Percentage (%),,1.28509240106
2009,,,,16 to 17,Male,Undefined,Units,Percentage (%),,1.29838851563
2001,,,,16 to 17,Male,Undefined,Units,Percentage (%),,1.29848559918
2003,,,,16 to 17,Male,Undefined,Units,Percentage (%),,1.30403173806
2004,,,,16 to 17,Male,Undefined,Units,Percentage (%),,1.31093449241
2005,,,,16 to 17,Male,Undefined,Units,Percentage (%),,1.31371952085
2002,,,,16 to 17,Male,Undefined,Units,Percentage (%),,1.31373049111
2006,,,,16 to 17,Male,Undefined,Units,Percentage (%),,1.3162396931
2008,,,,16 to 17,Male,Undefined,Units,Percentage (%),,1.32879469082
2007,,,,16 to 17,Male,Undefined,Units,Percentage (%),,1.33769467331
2016,Public sector,,,65 and over,Female,Undefined,Units,Percentage (%),,1.44625932124
2013,Public sector,,,65 and over,Female,Undefined,Units,Percentage (%),,1.45857525726
2015,Public sector,,,65 and over,Female,Undefined,Units,Percentage (%),,1.4790328954
2008,Public sector,,,65 and over,,Undefined,Units,Percentage (%),,1.49228985807
2014,Public sector,,,65 and over,Female,Undefined,Units,Percentage (%),,1.56285306218
2009,Public sector,,,65 and over,,Undefined,Units,Percentage (%),,1.73238562478
2010,Public sector,,,65 and over,,Undefined,Units,Percentage (%),,1.79922100663
2013,Public sector,,,18 to 24,Male,Undefined,Units,Percentage (%),,1.81568869607
2012,Public sector,,,18 to 24,Male,Undefined,Units,Percentage (%),,1.84921930964
2011,Public sector,,,65 and over,,Undefined,Units,Percentage (%),,1.987813675
2012,Public sector,,,65 and over,,Undefined,Units,Percentage (%),,2.04485137894
2011,Public sector,,,18 to 24,Male,Undefined,Units,Percentage (%),,2.10676863
2014,Public sector,,,18 to 24,Male,Undefined,Units,Percentage (%),,2.1790115095
2016,,,,16 to 17,,Undefined,Units,Percentage (%),,2.27030949006
2016,Public sector,,,18 to 24,Male,Undefined,Units,Percentage (%),,2.29001599662
2015,,,,16 to 17,,Undefined,Units,Percentage (%),,2.32377086456
2010,Public sector,,,18 to 24,Male,Undefined,Units,Percentage (%),,2.34911179403
2015,Public sector,,,18 to 24,Male,Undefined,Units,Percentage (%),,2.36883290414
2014,,,,16 to 17,,Undefined,Units,Percentage (%),,2.374651902
2013,,,,16 to 17,,Undefined,Units,Percentage (%),,2.41010098735
2013,Public sector,,,65 and over,,Undefined,Units,Percentage (%),,2.41144221005
2007,Public sector,,,18 to 24,Male,Undefined,Units,Percentage (%),,2.41360741442
2001,Public sector,,,18 to 24,Male,Undefined,Units,Percentage (%),,2.4148995897
2012,,,,16 to 17,,Undefined,Units,Percentage (%),,2.41807750503
2008,Public sector,,,18 to 24,Male,Undefined,Units,Percentage (%),,2.43014484199
2005,Public sector,,,18 to 24,Male,Undefined,Units,Percentage (%),,2.43332039001
2000,,,,16 to 17,,Undefined,Units,Percentage (%),,2.45714160048
2006,Public sector,,,18 to 24,Male,Undefined,Units,Percentage (%),,2.46017026601
2016,Public sector,,,65 and over,,Undefined,Units,Percentage (%),,2.46049608877
2009,Public sector,,,18 to 24,Male,Undefined,Units,Percentage (%),,2.46938548983
2004,Public sector,,,18 to 24,Male,Undefined,Units,Percentage (%),,2.47003190994
2011,,,,16 to 17,,Undefined,Units,Percentage (%),,2.47024795471
2002,Public sector,,,18 to 24,Male,Undefined,Units,Percentage (%),,2.47269750355
2010,,,,16 to 17,,Undefined,Units,Percentage (%),,2.50914858153
2001,,,,16 to 17,,Undefined,Units,Percentage (%),,2.52713378725
2000,Public sector,,,18 to 24,Male,Undefined,Units,Percentage (%),,2.52801809459
2015,Public sector,,,65 and over,,Undefined,Units,Percentage (%),,2.53070510482
2009,,,,16 to 17,,Undefined,Units,Percentage (%),,2.5538766273
2003,,,,16 to 17,,Undefined,Units,Percentage (%),,2.55649117316
2002,,,,16 to 17,,Undefined,Units,Percentage (%),,2.55739524372
2006,,,,16 to 17,,Undefined,Units,Percentage (%),,2.57216906414
2014,Public sector,,,65 and over,,Undefined,Units,Percentage (%),,2.57534217091
2003,Public sector,,,18 to 24,Male,Undefined,Units,Percentage (%),,2.5816456612
2004,,,,16 to 17,,Undefined,Units,Percentage (%),,2.58483835061
2005,,,,16 to 17,,Undefined,Units,Percentage (%),,2.58798910359
2007,,,,16 to 17,,Undefined,Units,Percentage (%),,2.60726046503
2008,,,,16 to 17,,Undefined,Units,Percentage (%),,2.60836398012
2016,,Northern Ireland,,,,Undefined,Units,Percentage (%),N92000002,2.83654561946
2015,,Northern Ireland,,,,Undefined,Units,Percentage (%),N92000002,2.84383356335
2014,,Northern Ireland,,,,Undefined,Units,Percentage (%),N92000002,2.84921136592
2013,,Northern Ireland,,,,Undefined,Units,Percentage (%),N92000002,2.8542334191
2001,,Northern Ireland,,,,Undefined,Units,Percentage (%),N92000002,2.85696469962
2000,,Northern Ireland,,,,Undefined,Units,Percentage (%),N92000002,2.85796648154
2003,,Northern Ireland,,,,Undefined,Units,Percentage (%),N92000002,2.85885216044
2004,,Northern Ireland,,,,Undefined,Units,Percentage (%),N92000002,2.85910190637
2002,,Northern Ireland,,,,Undefined,Units,Percentage (%),N92000002,2.85945361998
2005,,Northern Ireland,,,,Undefined,Units,Percentage (%),N92000002,2.85985649909
2012,,Northern Ireland,,,,Undefined,Units,Percentage (%),N92000002,2.86262167995
2006,,Northern Ireland,,,,Undefined,Units,Percentage (%),N92000002,2.86568642213
2011,,Northern Ireland,,,,Undefined,Units,Percentage (%),N92000002,2.86689396066
2007,,Northern Ireland,,,,Undefined,Units,Percentage (%),N92000002,2.87297712824
2010,,Northern Ireland,,,,Undefined,Units,Percentage (%),N92000002,2.87579452569
2008,,Northern Ireland,,,,Undefined,Units,Percentage (%),N92000002,2.87777976407
2009,,Northern Ireland,,,,Undefined,Units,Percentage (%),N92000002,2.88037102698
2011,Public sector,,,18 to 24,Female,Undefined,Units,Percentage (%),,3.32893027347
2013,Public sector,,,18 to 24,Female,Undefined,Units,Percentage (%),,3.35825329155
2012,Public sector,,,18 to 24,Female,Undefined,Units,Percentage (%),,3.37049484837
2010,Public sector,Northern Ireland,,,,Undefined,Units,Percentage (%),N92000002,3.56864578463
2011,Public sector,Northern Ireland,,,,Undefined,Units,Percentage (%),N92000002,3.60244451592
2009,Public sector,Northern Ireland,,,,Undefined,Units,Percentage (%),N92000002,3.62758835435
2000,Public sector,,,18 to 24,Female,Undefined,Units,Percentage (%),,3.70645139637
2010,Public sector,,,18 to 24,Female,Undefined,Units,Percentage (%),,3.74302068025
2008,Public sector,Northern Ireland,,,,Undefined,Units,Percentage (%),N92000002,3.74750166556
2006,Public sector,,,18 to 24,Female,Undefined,Units,Percentage (%),,3.76444523182
2012,Public sector,Northern Ireland,,,,Undefined,Units,Percentage (%),N92000002,3.76554779349
2014,Public sector,,,18 to 24,Female,Undefined,Units,Percentage (%),,3.7849150224
2013,Public sector,Northern Ireland,,,,Undefined,Units,Percentage (%),N92000002,3.79594641017
2009,Public sector,,,18 to 24,Female,Undefined,Units,Percentage (%),,3.79833045607
2017,Public sector,Northern Ireland,,,,Undefined,Units,Percentage (%),N92000002,3.81804895871
2016,Public sector,Northern Ireland,,,,Undefined,Units,Percentage (%),N92000002,3.82363702891
2016,Public sector,,,18 to 24,Female,Undefined,Units,Percentage (%),,3.82551470027
2014,Public sector,Northern Ireland,,,,Undefined,Units,Percentage (%),N92000002,3.88016603501
2007,Public sector,,,18 to 24,Female,Undefined,Units,Percentage (%),,3.89350713532
2015,Public sector,Northern Ireland,,,,Undefined,Units,Percentage (%),N92000002,3.90368478657
2008,Public sector,,,18 to 24,Female,Undefined,Units,Percentage (%),,3.93221452975
2005,Public sector,,,18 to 24,Female,Undefined,Units,Percentage (%),,3.97418121288
2016,,England,North East,,,Undefined,Units,Percentage (%),E12000001,4.01664305236
2015,,England,North East,,,Undefined,Units,Percentage (%),E12000001,4.03105456833
2015,Public sector,,,18 to 24,Female,Undefined,Units,Percentage (%),,4.03275259384
2014,,England,North East,,,Undefined,Units,Percentage (%),E12000001,4.05393447646
2001,Public sector,,,18 to 24,Female,Undefined,Units,Percentage (%),,4.05599093461
2013,,England,North East,,,Undefined,Units,Percentage (%),E12000001,4.0721540724
2012,,England,North East,,,Undefined,Units,Percentage (%),E12000001,4.0849364642
2011,,England,North East,,,Undefined,Units,Percentage (%),E12000001,4.1027653488
2010,,England,North East,,,Undefined,Units,Percentage (%),E12000001,4.12187766573
2009,,England,North East,,,Undefined,Units,Percentage (%),E12000001,4.13655781614
2004,Public sector,,,18 to 24,Female,Undefined,Units,Percentage (%),,4.1433236466
2008,,England,North East,,,Undefined,Units,Percentage (%),E12000001,4.15586418765
2000,,,,18 to 24,Female,Undefined,Units,Percentage (%),,4.17554475749
2007,,England,North East,,,Undefined,Units,Percentage (%),E12000001,4.1782186049
2003,Public sector,,,18 to 24,Female,Undefined,Units,Percentage (%),,4.18755149902
2006,,England,North East,,,Undefined,Units,Percentage (%),E12000001,4.19643445902
2000,,,,18 to 24,Male,Undefined,Units,Percentage (%),,4.20792423471
2005,,England,North East,,,Undefined,Units,Percentage (%),E12000001,4.21617096216
2001,,,,18 to 24,Female,Undefined,Units,Percentage (%),,4.21810655034
2004,,England,North East,,,Undefined,Units,Percentage (%),E12000001,4.23767568784
2001,,,,18 to 24,Male,Undefined,Units,Percentage (%),,4.25636377613
2003,,England,North East,,,Undefined,Units,Percentage (%),E12000001,4.25989804728
2002,,England,North East,,,Undefined,Units,Percentage (%),E12000001,4.27957723787
2002,,,,18 to 24,Female,Undefined,Units,Percentage (%),,4.2923000777
2002,Public sector,,,18 to 24,Female,Undefined,Units,Percentage (%),,4.29276054862
2001,,England,North East,,,Undefined,Units,Percentage (%),E12000001,4.29700626339
2000,,England,North East,,,Undefined,Units,Percentage (%),E12000001,4.31922391146
2017,Public sector,England,North East,,,Undefined,Units,Percentage (%),E12000001,4.32955791012
2016,,,,18 to 24,Female,Undefined,Units,Percentage (%),,4.33201264427
2015,Public sector,England,North East,,,Undefined,Units,Percentage (%),E12000001,4.34148121124
2002,,,,18 to 24,Male,Undefined,Units,Percentage (%),,4.34710784146
2016,Public sector,England,North East,,,Undefined,Units,Percentage (%),E12000001,4.37248444932
2003,,,,18 to 24,Female,Undefined,Units,Percentage (%),,4.3821651185
2014,Public sector,England,North East,,,Undefined,Units,Percentage (%),E12000001,4.40353726764
2015,,,,18 to 24,Female,Undefined,Units,Percentage (%),,4.41712870247
2013,Public sector,England,North East,,,Undefined,Units,Percentage (%),E12000001,4.43146684988
2003,,,,18 to 24,Male,Undefined,Units,Percentage (%),,4.44771707712
2004,,,,18 to 24,Female,Undefined,Units,Percentage (%),,4.45129907802
2014,,,,18 to 24,Female,Undefined,Units,Percentage (%),,4.46108188226
2012,Public sector,England,North East,,,Undefined,Units,Percentage (%),E12000001,4.48117226103
2013,,,,18 to 24,Female,Undefined,Units,Percentage (%),,4.52387085857
2005,,,,18 to 24,Female,Undefined,Units,Percentage (%),,4.52557480909
2011,Public sector,England,North East,,,Undefined,Units,Percentage (%),E12000001,4.53522032808
2004,,,,18 to 24,Male,Undefined,Units,Percentage (%),,4.53687654007
2016,,,,18 to 24,Male,Undefined,Units,Percentage (%),,4.54715230401
2005,,,,18 to 24,Male,Undefined,Units,Percentage (%),,4.57021565922
2006,,,,18 to 24,Female,Undefined,Units,Percentage (%),,4.58088008748
2012,,,,18 to 24,Female,Undefined,Units,Percentage (%),,4.60067595918
2007,,,,18 to 24,Female,Undefined,Units,Percentage (%),,4.60884969318
2006,,,,18 to 24,Male,Undefined,Units,Percentage (%),,4.60968141042
2015,,,,18 to 24,Male,Undefined,Units,Percentage (%),,4.61139061915
2008,,,,18 to 24,Female,Undefined,Units,Percentage (%),,4.6304599467
2009,,,,18 to 24,Female,Undefined,Units,Percentage (%),,4.63860818562
2010,,,,18 to 24,Female,Undefined,Units,Percentage (%),,4.64157942988
2011,,,,18 to 24,Female,Undefined,Units,Percentage (%),,4.64341039275
2014,,,,18 to 24,Male,Undefined,Units,Percentage (%),,4.64790242085
2010,Public sector,England,North East,,,Undefined,Units,Percentage (%),E12000001,4.65949820789
2007,,,,18 to 24,Male,Undefined,Units,Percentage (%),,4.66589719431
2009,,,,18 to 24,Male,Undefined,Units,Percentage (%),,4.66898057943
2008,,,,18 to 24,Male,Undefined,Units,Percentage (%),,4.67053352875
2013,,,,18 to 24,Male,Undefined,Units,Percentage (%),,4.68126571176
2009,Public sector,England,North East,,,Undefined,Units,Percentage (%),E12000001,4.7018527168
2010,,,,18 to 24,Male,Undefined,Units,Percentage (%),,4.71051884197
2012,,,,18 to 24,Male,Undefined,Units,Percentage (%),,4.73668876696
2016,,Wales,,,,Undefined,Units,Percentage (%),W92000004,4.74218169513
2011,,,,18 to 24,Male,Undefined,Units,Percentage (%),,4.74659574534
2015,,Wales,,,,Undefined,Units,Percentage (%),W92000004,4.75976713512
2014,,Wales,,,,Undefined,Units,Percentage (%),W92000004,4.78667410399
2013,,Wales,,,,Undefined,Units,Percentage (%),W92000004,4.80833094691
2012,,Wales,,,,Undefined,Units,Percentage (%),W92000004,4.82546982554
2011,,Wales,,,,Undefined,Units,Percentage (%),W92000004,4.84119614485
2008,Public sector,England,North East,,,Undefined,Units,Percentage (%),E12000001,4.84676882079
2010,,Wales,,,,Undefined,Units,Percentage (%),W92000004,4.85977921797
2009,,Wales,,,,Undefined,Units,Percentage (%),W92000004,4.88089990175
2008,,Wales,,,,Undefined,Units,Percentage (%),W92000004,4.89434226045
2007,,Wales,,,,Undefined,Units,Percentage (%),W92000004,4.90271420435
2006,,Wales,,,,Undefined,Units,Percentage (%),W92000004,4.90845300826
2005,,Wales,,,,Undefined,Units,Percentage (%),W92000004,4.91499418108
2001,,Wales,,,,Undefined,Units,Percentage (%),W92000004,4.92316616022
2002,,Wales,,,,Undefined,Units,Percentage (%),W92000004,4.92351161093
2003,,Wales,,,,Undefined,Units,Percentage (%),W92000004,4.9260319097
2004,,Wales,,,,Undefined,Units,Percentage (%),W92000004,4.93311767048
2000,,Wales,,,,Undefined,Units,Percentage (%),W92000004,4.93643105546
2013,Public sector,,,18 to 24,,Undefined,Units,Percentage (%),,5.17394198762
2012,Public sector,,,18 to 24,,Undefined,Units,Percentage (%),,5.219714158
2011,Public sector,,,18 to 24,,Undefined,Units,Percentage (%),,5.43569890347
2016,Public sector,Wales,,,,Undefined,Units,Percentage (%),W92000004,5.56165386023
2015,Public sector,Wales,,,,Undefined,Units,Percentage (%),W92000004,5.58190441445
2017,Public sector,Wales,,,,Undefined,Units,Percentage (%),W92000004,5.5900621118
2010,Public sector,Wales,,,,Undefined,Units,Percentage (%),W92000004,5.59451457067
2011,Public sector,Wales,,,,Undefined,Units,Percentage (%),W92000004,5.61273721454
2009,Public sector,Wales,,,,Undefined,Units,Percentage (%),W92000004,5.63599564067
2008,Public sector,Wales,,,,Undefined,Units,Percentage (%),W92000004,5.82944703531
2014,Public sector,Wales,,,,Undefined,Units,Percentage (%),W92000004,5.88341454611
2012,Public sector,Wales,,,,Undefined,Units,Percentage (%),W92000004,5.89538251832
2013,Public sector,Wales,,,,Undefined,Units,Percentage (%),W92000004,5.94297492271
2014,Public sector,,,18 to 24,,Undefined,Units,Percentage (%),,5.9639265319
2010,Public sector,,,18 to 24,,Undefined,Units,Percentage (%),,6.09213247429
2016,Public sector,,,18 to 24,,Undefined,Units,Percentage (%),,6.11553069689
2013,Public sector,England,East Midlands,,,Undefined,Units,Percentage (%),E12000004,6.16626588801
2012,Public sector,England,East Midlands,,,Undefined,Units,Percentage (%),E12000004,6.18504004089
2010,Public sector,England,East Midlands,,,Undefined,Units,Percentage (%),E12000004,6.20227520648
2009,Public sector,England,East Midlands,,,Undefined,Units,Percentage (%),E12000004,6.21205044372
2016,Public sector,England,East Midlands,,,Undefined,Units,Percentage (%),E12000004,6.22027076473
2015,Public sector,England,East Midlands,,,Undefined,Units,Percentage (%),E12000004,6.22035753375
2006,Public sector,,,18 to 24,,Undefined,Units,Percentage (%),,6.22461549783
2000,Public sector,,,18 to 24,,Undefined,Units,Percentage (%),,6.23446949097
2017,Public sector,England,East Midlands,,,Undefined,Units,Percentage (%),E12000004,6.26598465473
2009,Public sector,,,18 to 24,,Undefined,Units,Percentage (%),,6.2677159459
2008,Public sector,England,East Midlands,,,Undefined,Units,Percentage (%),E12000004,6.27914723518
2014,Public sector,England,East Midlands,,,Undefined,Units,Percentage (%),E12000004,6.28045479155
2007,Public sector,,,18 to 24,,Undefined,Units,Percentage (%),,6.30711454975
2011,Public sector,England,East Midlands,,,Undefined,Units,Percentage (%),E12000004,6.32036024445
2008,Public sector,,,18 to 24,,Undefined,Units,Percentage (%),,6.36235937174
2015,Public sector,,,18 to 24,,Undefined,Units,Percentage (%),,6.40158549799
2005,Public sector,,,18 to 24,,Undefined,Units,Percentage (%),,6.40750160288
2001,Public sector,,,18 to 24,,Undefined,Units,Percentage (%),,6.47089052431
2007,,,,25 to 34,Male,Undefined,Units,Percentage (%),,6.53411846151
2006,,,,25 to 34,Male,Undefined,Units,Percentage (%),,6.56236967664
2008,,,,25 to 34,Male,Undefined,Units,Percentage (%),,6.56294313456
2009,,,,25 to 34,Male,Undefined,Units,Percentage (%),,6.58210409729
2000,,,,65 and over,Male,Undefined,Units,Percentage (%),,6.58489746258
2008,,,,25 to 34,Female,Undefined,Units,Percentage (%),,6.58916929236
2007,,,,25 to 34,Female,Undefined,Units,Percentage (%),,6.5927690527
2009,,,,25 to 34,Female,Undefined,Units,Percentage (%),,6.60221155357
2010,,,,25 to 34,Male,Undefined,Units,Percentage (%),,6.60799067474
2005,,,,25 to 34,Male,Undefined,Units,Percentage (%),,6.60918139913
2004,Public sector,,,18 to 24,,Undefined,Units,Percentage (%),,6.61335555655
2006,,,,25 to 34,Female,Undefined,Units,Percentage (%),,6.63546213728
2004,,,,25 to 34,Male,Undefined,Units,Percentage (%),,6.64541586436
2001,,,,65 and over,Male,Undefined,Units,Percentage (%),,6.64561929982
2010,,,,25 to 34,Female,Undefined,Units,Percentage (%),,6.6519888254
2011,,,,25 to 34,Male,Undefined,Units,Percentage (%),,6.67276657105
2005,,,,25 to 34,Female,Undefined,Units,Percentage (%),,6.6865484997
2012,,,,25 to 34,Male,Undefined,Units,Percentage (%),,6.68931950899
2002,,,,65 and over,Male,Undefined,Units,Percentage (%),,6.69528623417
2011,,,,25 to 34,Female,Undefined,Units,Percentage (%),,6.7001995492
2004,,,,25 to 34,Female,Undefined,Units,Percentage (%),,6.71202596868
2013,,,,25 to 34,Male,Undefined,Units,Percentage (%),,6.73993123914
2003,,,,65 and over,Male,Undefined,Units,Percentage (%),,6.74407296639
2012,,,,25 to 34,Female,Undefined,Units,Percentage (%),,6.74448626741
2014,,,,25 to 34,Male,Undefined,Units,Percentage (%),,6.75027283106
2002,Public sector,,,18 to 24,,Undefined,Units,Percentage (%),,6.76545805217
2003,Public sector,,,18 to 24,,Undefined,Units,Percentage (%),,6.76919716022
2003,,,,25 to 34,Male,Undefined,Units,Percentage (%),,6.76972832584
2016,,,,25 to 34,Female,Undefined,Units,Percentage (%),,6.77050381417
2015,,,,25 to 34,Male,Undefined,Units,Percentage (%),,6.77052787286
2015,,,,25 to 34,Female,Undefined,Units,Percentage (%),,6.7800056747
2004,,,,65 and over,Male,Undefined,Units,Percentage (%),,6.78841583014
2014,,,,25 to 34,Female,Undefined,Units,Percentage (%),,6.79344682841
2013,,,,25 to 34,Female,Undefined,Units,Percentage (%),,6.79664854523
2016,,,,25 to 34,Male,Undefined,Units,Percentage (%),,6.81529265133
2005,,,,65 and over,Male,Undefined,Units,Percentage (%),,6.81981722031
2003,,,,25 to 34,Female,Undefined,Units,Percentage (%),,6.83530208314
2006,,,,65 and over,Male,Undefined,Units,Percentage (%),,6.83703358572
2007,,,,65 and over,Male,Undefined,Units,Percentage (%),,6.88217165703
2002,,,,25 to 34,Male,Undefined,Units,Percentage (%),,6.93643062472
2008,,,,65 and over,Male,Undefined,Units,Percentage (%),,6.97353438739
2002,,,,25 to 34,Female,Undefined,Units,Percentage (%),,7.00484389321
2000,,England,East Midlands,,,Undefined,Units,Percentage (%),E12000004,7.07820432559
2001,,England,East Midlands,,,Undefined,Units,Percentage (%),E12000004,7.087477993
2009,,,,65 and over,Male,Undefined,Units,Percentage (%),,7.09346856046
2002,,England,East Midlands,,,Undefined,Units,Percentage (%),E12000004,7.11143747253
2001,,,,25 to 34,Male,Undefined,Units,Percentage (%),,7.13007605635
2003,,England,East Midlands,,,Undefined,Units,Percentage (%),E12000004,7.13500698614
2007,Public sector,,,25 to 34,Male,Undefined,Units,Percentage (%),,7.1385782522
2004,,England,East Midlands,,,Undefined,Units,Percentage (%),E12000004,7.15838189073
2005,,England,East Midlands,,,Undefined,Units,Percentage (%),E12000004,7.16582891482
2011,,England,East Midlands,,,Undefined,Units,Percentage (%),E12000004,7.16984688903
2012,,England,East Midlands,,,Undefined,Units,Percentage (%),E12000004,7.17012612662
2013,,England,East Midlands,,,Undefined,Units,Percentage (%),E12000004,7.17320659423
2006,,England,East Midlands,,,Undefined,Units,Percentage (%),E12000004,7.17883701346
2014,,England,East Midlands,,,Undefined,Units,Percentage (%),E12000004,7.17901884602
2010,,England,East Midlands,,,Undefined,Units,Percentage (%),E12000004,7.18150106336
2009,,England,East Midlands,,,Undefined,Units,Percentage (%),E12000004,7.18216847842
2015,,England,East Midlands,,,Undefined,Units,Percentage (%),E12000004,7.18328299445
2007,,England,East Midlands,,,Undefined,Units,Percentage (%),E12000004,7.18336667668
2008,,England,East Midlands,,,Undefined,Units,Percentage (%),E12000004,7.18352319234
2016,,England,East Midlands,,,Undefined,Units,Percentage (%),E12000004,7.19661393162
2001,,,,25 to 34,Female,Undefined,Units,Percentage (%),,7.20601364681
2010,,,,65 and over,Male,Undefined,Units,Percentage (%),,7.213050094
2000,,,,25 to 34,Male,Undefined,Units,Percentage (%),,7.28948011724
2011,,,,65 and over,Male,Undefined,Units,Percentage (%),,7.3279456024
2013,Public sector,,,25 to 34,Male,Undefined,Units,Percentage (%),,7.33275965194
2006,Public sector,,,25 to 34,Male,Undefined,Units,Percentage (%),,7.3404061719
2000,,,,25 to 34,Female,Undefined,Units,Percentage (%),,7.39279658099
2008,Public sector,,,25 to 34,Male,Undefined,Units,Percentage (%),,7.4418332021
2013,Public sector,England,East of England,,,Undefined,Units,Percentage (%),E12000006,7.48883545173
2015,Public sector,,,25 to 34,Male,Undefined,Units,Percentage (%),,7.51888870532
2009,Public sector,England,East of England,,,Undefined,Units,Percentage (%),E12000006,7.55098863459
2009,Public sector,,,25 to 34,Male,Undefined,Units,Percentage (%),,7.56083935641
2008,Public sector,England,East of England,,,Undefined,Units,Percentage (%),E12000006,7.56162558294
2010,Public sector,England,East of England,,,Undefined,Units,Percentage (%),E12000006,7.58921614462
2012,,,,65 and over,Male,Undefined,Units,Percentage (%),,7.59631068379
2004,Public sector,,,25 to 34,Male,Undefined,Units,Percentage (%),,7.64162000498
2014,Public sector,,,25 to 34,Male,Undefined,Units,Percentage (%),,7.64642236165
2014,Public sector,England,East of England,,,Undefined,Units,Percentage (%),E12000006,7.65204836672
2012,Public sector,England,East of England,,,Undefined,Units,Percentage (%),E12000006,7.68444368717
2015,Public sector,England,East of England,,,Undefined,Units,Percentage (%),E12000006,7.69792046698
2011,Public sector,England,East of England,,,Undefined,Units,Percentage (%),E12000006,7.71952396269
2002,Public sector,,,25 to 34,Male,Undefined,Units,Percentage (%),,7.75110907305
2016,Public sector,England,East of England,,,Undefined,Units,Percentage (%),E12000006,7.7570435419
2016,Public sector,,,25 to 34,Male,Undefined,Units,Percentage (%),,7.76886394711
2003,Public sector,,,25 to 34,Male,Undefined,Units,Percentage (%),,7.78605077905
2013,,,,65 and over,Male,Undefined,Units,Percentage (%),,7.79332662295
2010,Public sector,,,25 to 34,Male,Undefined,Units,Percentage (%),,7.79641284934
2017,Public sector,England,East of England,,,Undefined,Units,Percentage (%),E12000006,7.81877968579
2012,Public sector,,,25 to 34,Male,Undefined,Units,Percentage (%),,7.85414723108
2001,Public sector,,,25 to 34,Male,Undefined,Units,Percentage (%),,7.90060087268
2005,Public sector,,,25 to 34,Male,Undefined,Units,Percentage (%),,7.90987965283
2011,Public sector,,,25 to 34,Male,Undefined,Units,Percentage (%),,7.95620954698
2014,,,,65 and over,Male,Undefined,Units,Percentage (%),,7.95679169751
2014,Public sector,England,South West,,,Undefined,Units,Percentage (%),E12000009,8.04908861216
2015,,,,65 and over,Male,Undefined,Units,Percentage (%),,8.06677201244
2015,Public sector,England,South West,,,Undefined,Units,Percentage (%),E12000009,8.09923385626
2016,Public sector,England,South West,,,Undefined,Units,Percentage (%),E12000009,8.14123673619
2016,,,,65 and over,Male,Undefined,Units,Percentage (%),,8.16474316207
2017,Public sector,England,South West,,,Undefined,Units,Percentage (%),E12000009,8.16587504567
2013,Public sector,England,South West,,,Undefined,Units,Percentage (%),E12000009,8.21023703195
2016,,Scotland,,,,Undefined,Units,Percentage (%),S92000003,8.23284114408
2015,,Scotland,,,,Undefined,Units,Percentage (%),S92000003,8.25218429467
2016,,England,Yorkshire and the Humber,,,Undefined,Units,Percentage (%),E12000003,8.26489236071
2014,,Scotland,,,,Undefined,Units,Percentage (%),S92000003,8.27843480428
2015,,England,Yorkshire and the Humber,,,Undefined,Units,Percentage (%),E12000003,8.27917859788
2012,Public sector,England,South West,,,Undefined,Units,Percentage (%),E12000009,8.28079741012
2014,,England,Yorkshire and the Humber,,,Undefined,Units,Percentage (%),E12000003,8.29767261363
2013,,Scotland,,,,Undefined,Units,Percentage (%),S92000003,8.31081139894
2013,,England,Yorkshire and the Humber,,,Undefined,Units,Percentage (%),E12000003,8.3264278062
2012,,Scotland,,,,Undefined,Units,Percentage (%),S92000003,8.34094262258
2012,,England,Yorkshire and the Humber,,,Undefined,Units,Percentage (%),E12000003,8.34579467273
2000,,England,South West,,,Undefined,Units,Percentage (%),E12000009,8.35014871515
2011,,England,Yorkshire and the Humber,,,Undefined,Units,Percentage (%),E12000003,8.35616636416
2001,,England,South West,,,Undefined,Units,Percentage (%),E12000009,8.36256434623
2010,,England,Yorkshire and the Humber,,,Undefined,Units,Percentage (%),E12000003,8.37290240374
2011,,Scotland,,,,Undefined,Units,Percentage (%),S92000003,8.37463515332
2011,,England,South West,,,Undefined,Units,Percentage (%),E12000009,8.37610627265
2012,,England,South West,,,Undefined,Units,Percentage (%),E12000009,8.38181380654
2002,,England,South West,,,Undefined,Units,Percentage (%),E12000009,8.38216500083
2010,,England,South West,,,Undefined,Units,Percentage (%),E12000009,8.38323072781
2000,,,,18 to 24,,Undefined,Units,Percentage (%),,8.3834689922
2010,,Scotland,,,,Undefined,Units,Percentage (%),S92000003,8.38471257622
2013,,England,South West,,,Undefined,Units,Percentage (%),E12000009,8.38864540716
2009,,England,Yorkshire and the Humber,,,Undefined,Units,Percentage (%),E12000003,8.38950084649
2009,,England,South West,,,Undefined,Units,Percentage (%),E12000009,8.39508544794
2003,,England,South West,,,Undefined,Units,Percentage (%),E12000009,8.39526028469
2014,,England,South West,,,Undefined,Units,Percentage (%),E12000009,8.39562800309
2016,,England,South West,,,Undefined,Units,Percentage (%),E12000009,8.40230999079
2015,,England,South West,,,Undefined,Units,Percentage (%),E12000009,8.40297518505
2009,,Scotland,,,,Undefined,Units,Percentage (%),S92000003,8.40324310992
2004,,England,South West,,,Undefined,Units,Percentage (%),E12000009,8.40409242553
2008,,England,Yorkshire and the Humber,,,Undefined,Units,Percentage (%),E12000003,8.40886091518
2016,Public sector,England,West Midlands,,,Undefined,Units,Percentage (%),E12000005,8.4156604464
2008,,Scotland,,,,Undefined,Units,Percentage (%),S92000003,8.41569485602
2006,,England,South West,,,Undefined,Units,Percentage (%),E12000009,8.41704236701
2001,,England,Yorkshire and the Humber,,,Undefined,Units,Percentage (%),E12000003,8.41886159217
2005,,England,South West,,,Undefined,Units,Percentage (%),E12000009,8.41887965155
2008,,England,South West,,,Undefined,Units,Percentage (%),E12000009,8.41916277771
2000,,England,Yorkshire and the Humber,,,Undefined,Units,Percentage (%),E12000003,8.42068322956
2017,Public sector,England,West Midlands,,,Undefined,Units,Percentage (%),E12000005,8.42162952137
2007,,England,Yorkshire and the Humber,,,Undefined,Units,Percentage (%),E12000003,8.42174804496
2002,,England,Yorkshire and the Humber,,,Undefined,Units,Percentage (%),E12000003,8.42256208078
2003,,England,Yorkshire and the Humber,,,Undefined,Units,Percentage (%),E12000003,8.42822825999
2007,,Scotland,,,,Undefined,Units,Percentage (%),S92000003,8.43130787606
2007,,England,South West,,,Undefined,Units,Percentage (%),E12000009,8.43218362312
2013,Public sector,England,West Midlands,,,Undefined,Units,Percentage (%),E12000005,8.43352799725
2006,,Scotland,,,,Undefined,Units,Percentage (%),S92000003,8.43884187281
2006,,England,Yorkshire and the Humber,,,Undefined,Units,Percentage (%),E12000003,8.44034778136
2004,,England,Yorkshire and the Humber,,,Undefined,Units,Percentage (%),E12000003,8.44565180622
2005,,England,Yorkshire and the Humber,,,Undefined,Units,Percentage (%),E12000003,8.45577054951
2017,Public sector,England,Yorkshire and the Humber,,,Undefined,Units,Percentage (%),E12000003,8.45816587505
2005,,Scotland,,,,Undefined,Units,Percentage (%),S92000003,8.45873678494
2001,,,,18 to 24,,Undefined,Units,Percentage (%),,8.47447032647
2008,Public sector,England,South West,,,Undefined,Units,Percentage (%),E12000009,8.47768154564
2004,,Scotland,,,,Undefined,Units,Percentage (%),S92000003,8.48084925723
2014,Public sector,England,West Midlands,,,Undefined,Units,Percentage (%),E12000005,8.48222342537
2016,Public sector,England,Yorkshire and the Humber,,,Undefined,Units,Percentage (%),E12000003,8.48884010245
2003,,Scotland,,,,Undefined,Units,Percentage (%),S92000003,8.4989666256
2015,Public sector,England,Yorkshire and the Humber,,,Undefined,Units,Percentage (%),E12000003,8.50054724553
2015,Public sector,England,West Midlands,,,Undefined,Units,Percentage (%),E12000005,8.50054724553
2012,Public sector,England,West Midlands,,,Undefined,Units,Percentage (%),E12000005,8.5023002215
2008,Public sector,England,West Midlands,,,Undefined,Units,Percentage (%),E12000005,8.51099267155
2014,Public sector,England,Yorkshire and the Humber,,,Undefined,Units,Percentage (%),E12000003,8.51831799314
2011,Public sector,England,West Midlands,,,Undefined,Units,Percentage (%),E12000005,8.52364104214
2010,Public sector,England,West Midlands,,,Undefined,Units,Percentage (%),E12000005,8.5242325074
2000,,,,50 to 64,Male,Undefined,Units,Percentage (%),,8.53181138865
2009,Public sector,England,West Midlands,,,Undefined,Units,Percentage (%),E12000005,8.53183870466
2002,,Scotland,,,,Undefined,Units,Percentage (%),S92000003,8.53355045543
2011,Public sector,England,South West,,,Undefined,Units,Percentage (%),E12000009,8.55580572531
2009,Public sector,England,South West,,,Undefined,Units,Percentage (%),E12000009,8.56297680212
2000,Public sector,,,25 to 34,Male,Undefined,Units,Percentage (%),,8.56485700014
2001,,Scotland,,,,Undefined,Units,Percentage (%),S92000003,8.56697956335
2010,Public sector,England,South West,,,Undefined,Units,Percentage (%),E12000009,8.58656693159
2000,,Scotland,,,,Undefined,Units,Percentage (%),S92000003,8.59785757462
2001,,,,50 to 64,Male,Undefined,Units,Percentage (%),,8.59866294083
2002,,,,18 to 24,,Undefined,Units,Percentage (%),,8.63940791916
2002,,,,50 to 64,Male,Undefined,Units,Percentage (%),,8.64505091048
2003,,,,50 to 64,Male,Undefined,Units,Percentage (%),,8.68252653041
2013,Public sector,England,Yorkshire and the Humber,,,Undefined,Units,Percentage (%),E12000003,8.70834764686
2004,,,,50 to 64,Male,Undefined,Units,Percentage (%),,8.71810386339
2012,Public sector,England,Yorkshire and the Humber,,,Undefined,Units,Percentage (%),E12000003,8.72380303288
2005,,,,50 to 64,Male,Undefined,Units,Percentage (%),,8.74798777673
2000,,,,50 to 64,Female,Undefined,Units,Percentage (%),,8.74831252521
2008,Public sector,England,Yorkshire and the Humber,,,Undefined,Units,Percentage (%),E12000003,8.77748167888
2006,,,,50 to 64,Male,Undefined,Units,Percentage (%),,8.81470415136
2001,,,,50 to 64,Female,Undefined,Units,Percentage (%),,8.8209507023
2003,,,,18 to 24,,Undefined,Units,Percentage (%),,8.82988219562
2015,,England,West Midlands,,,Undefined,Units,Percentage (%),E12000005,8.83273997369
2016,,England,West Midlands,,,Undefined,Units,Percentage (%),E12000005,8.8361095974
2009,Public sector,England,Yorkshire and the Humber,,,Undefined,Units,Percentage (%),E12000003,8.84321967928
2014,,England,West Midlands,,,Undefined,Units,Percentage (%),E12000005,8.84453757056
2007,,,,50 to 64,Male,Undefined,Units,Percentage (%),,8.85067819435
2013,,England,West Midlands,,,Undefined,Units,Percentage (%),E12000005,8.85212402638
2012,,England,West Midlands,,,Undefined,Units,Percentage (%),E12000005,8.85733669696
2011,,England,West Midlands,,,Undefined,Units,Percentage (%),E12000005,8.86253322166
2010,,England,West Midlands,,,Undefined,Units,Percentage (%),E12000005,8.86856954273
2009,,England,West Midlands,,,Undefined,Units,Percentage (%),E12000005,8.87883689183
2016,,,,18 to 24,,Undefined,Units,Percentage (%),,8.87916494829
2002,,,,50 to 64,Female,Undefined,Units,Percentage (%),,8.88027942476
2008,,,,50 to 64,Male,Undefined,Units,Percentage (%),,8.88700061847
2008,,England,West Midlands,,,Undefined,Units,Percentage (%),E12000005,8.89017253752
2007,,England,West Midlands,,,Undefined,Units,Percentage (%),E12000005,8.89107345471
2011,Public sector,England,Yorkshire and the Humber,,,Undefined,Units,Percentage (%),E12000003,8.89353489868
2006,,England,West Midlands,,,Undefined,Units,Percentage (%),E12000005,8.90314339832
2005,,England,West Midlands,,,Undefined,Units,Percentage (%),E12000005,8.90646453273
2010,Public sector,England,Yorkshire and the Humber,,,Undefined,Units,Percentage (%),E12000003,8.91382265856
2004,,England,West Midlands,,,Undefined,Units,Percentage (%),E12000005,8.9180042343
2009,,,,50 to 64,Male,Undefined,Units,Percentage (%),,8.91878518263
2003,,,,50 to 64,Female,Undefined,Units,Percentage (%),,8.92089332565
2002,,England,West Midlands,,,Undefined,Units,Percentage (%),E12000005,8.92981141275
2003,,England,West Midlands,,,Undefined,Units,Percentage (%),E12000005,8.929867671
2001,,England,West Midlands,,,Undefined,Units,Percentage (%),E12000005,8.93327283453
2012,,,,50 to 64,Male,Undefined,Units,Percentage (%),,8.93793472823
2000,,England,West Midlands,,,Undefined,Units,Percentage (%),E12000005,8.94885063215
2013,,,,50 to 64,Male,Undefined,Units,Percentage (%),,8.95211832641
2010,,,,50 to 64,Male,Undefined,Units,Percentage (%),,8.95410725039
2004,,,,50 to 64,Female,Undefined,Units,Percentage (%),,8.95974876816
2005,,,,50 to 64,Female,Undefined,Units,Percentage (%),,8.97437510259
2004,,,,18 to 24,,Undefined,Units,Percentage (%),,8.98817561808
2011,,,,50 to 64,Male,Undefined,Units,Percentage (%),,8.99767552085
2007,,,,65 and over,Female,Undefined,Units,Percentage (%),,9.00680742493
2014,,,,50 to 64,Male,Undefined,Units,Percentage (%),,9.00800554183
2015,,,,18 to 24,,Undefined,Units,Percentage (%),,9.02851932161
2008,,,,65 and over,Female,Undefined,Units,Percentage (%),,9.02941671045
2006,,,,65 and over,Female,Undefined,Units,Percentage (%),,9.03460625514
2006,,,,50 to 64,Female,Undefined,Units,Percentage (%),,9.04432561248
2009,,,,65 and over,Female,Undefined,Units,Percentage (%),,9.08341769128
2015,,,,50 to 64,Male,Undefined,Units,Percentage (%),,9.08797252356
2007,,,,50 to 64,Female,Undefined,Units,Percentage (%),,9.09292092224
2005,,,,65 and over,Female,Undefined,Units,Percentage (%),,9.09547265737
2005,,,,18 to 24,,Undefined,Units,Percentage (%),,9.09579046831
2014,,,,18 to 24,,Undefined,Units,Percentage (%),,9.10898430311
2008,,,,50 to 64,Female,Undefined,Units,Percentage (%),,9.11800237617
2000,,England,East of England,,,Undefined,Units,Percentage (%),E12000006,9.12774864478
2001,,England,East of England,,,Undefined,Units,Percentage (%),E12000006,9.13582720936
2010,,,,65 and over,Female,Undefined,Units,Percentage (%),,9.13942912443
2004,,,,65 and over,Female,Undefined,Units,Percentage (%),,9.14075017126
2009,,,,50 to 64,Female,Undefined,Units,Percentage (%),,9.1486388333
2002,,England,East of England,,,Undefined,Units,Percentage (%),E12000006,9.15122723186
2003,,,,65 and over,Female,Undefined,Units,Percentage (%),,9.16806678415
2016,,,,50 to 64,Male,Undefined,Units,Percentage (%),,9.17044395558
2003,,England,East of England,,,Undefined,Units,Percentage (%),E12000006,9.17914050924
2010,,,,50 to 64,Female,Undefined,Units,Percentage (%),,9.18176059397
2012,,,,50 to 64,Female,Undefined,Units,Percentage (%),,9.18376147064
2004,,England,East of England,,,Undefined,Units,Percentage (%),E12000006,9.18854137399
2002,,,,65 and over,Female,Undefined,Units,Percentage (%),,9.18901674447
2006,,,,18 to 24,,Undefined,Units,Percentage (%),,9.19056149789
2011,,,,65 and over,Female,Undefined,Units,Percentage (%),,9.19755339108
2013,,,,18 to 24,,Undefined,Units,Percentage (%),,9.20513657032
2005,,England,East of England,,,Undefined,Units,Percentage (%),E12000006,9.20766654005
2013,,,,50 to 64,Female,Undefined,Units,Percentage (%),,9.20808638814
2001,,,,65 and over,Female,Undefined,Units,Percentage (%),,9.2101746255
2006,,England,East of England,,,Undefined,Units,Percentage (%),E12000006,9.21677515702
2007,,England,East of England,,,Undefined,Units,Percentage (%),E12000006,9.2198618456
2000,,,,65 and over,Female,Undefined,Units,Percentage (%),,9.22155352034
2008,,England,East of England,,,Undefined,Units,Percentage (%),E12000006,9.23326062991
2011,,,,50 to 64,Female,Undefined,Units,Percentage (%),,9.23673478191
2009,,England,East of England,,,Undefined,Units,Percentage (%),E12000006,9.2377097731
2010,,England,East of England,,,Undefined,Units,Percentage (%),E12000006,9.25342947523
2011,,England,East of England,,,Undefined,Units,Percentage (%),E12000006,9.26349777661
2012,,England,East of England,,,Undefined,Units,Percentage (%),E12000006,9.27296949707
2007,,,,18 to 24,,Undefined,Units,Percentage (%),,9.27474688749
2014,,,,50 to 64,Female,Undefined,Units,Percentage (%),,9.27864608425
2013,,England,East of England,,,Undefined,Units,Percentage (%),E12000006,9.28828524236
2008,,,,18 to 24,,Undefined,Units,Percentage (%),,9.30099347545
2009,,,,18 to 24,,Undefined,Units,Percentage (%),,9.30758876505
2014,,England,East of England,,,Undefined,Units,Percentage (%),E12000006,9.31685079151
2015,,England,East of England,,,Undefined,Units,Percentage (%),E12000006,9.33258766229
2012,,,,18 to 24,,Undefined,Units,Percentage (%),,9.33736472614
2016,,England,East of England,,,Undefined,Units,Percentage (%),E12000006,9.33849768037
2010,,,,18 to 24,,Undefined,Units,Percentage (%),,9.35209827185
2015,,,,50 to 64,Female,Undefined,Units,Percentage (%),,9.36957888856
2011,,,,18 to 24,,Undefined,Units,Percentage (%),,9.39000613809
2012,,,,65 and over,Female,Undefined,Units,Percentage (%),,9.42109908747
2016,,,,50 to 64,Female,Undefined,Units,Percentage (%),,9.46361791623
2013,,,,65 and over,Female,Undefined,Units,Percentage (%),,9.57150831033
2000,Public sector,,,50 to 64,Male,Undefined,Units,Percentage (%),,9.6928512743
2014,,,,65 and over,Female,Undefined,Units,Percentage (%),,9.70171379515
2015,,,,65 and over,Female,Undefined,Units,Percentage (%),,9.76637333656
2002,Public sector,,,50 to 64,Male,Undefined,Units,Percentage (%),,9.77184971225
2016,,,,35 to 49,Male,Undefined,Units,Percentage (%),,9.78853691535
2016,,,,65 and over,Female,Undefined,Units,Percentage (%),,9.83135006561
2004,Public sector,,,50 to 64,Male,Undefined,Units,Percentage (%),,9.8498252516
2015,,,,35 to 49,Male,Undefined,Units,Percentage (%),,9.89170885704
2001,Public sector,,,50 to 64,Male,Undefined,Units,Percentage (%),,9.90496985404
2011,Public sector,Scotland,,,,Undefined,Units,Percentage (%),S92000003,9.93888710196
2016,,,,35 to 49,Female,Undefined,Units,Percentage (%),,9.97251952053
2005,Public sector,,,50 to 64,Male,Undefined,Units,Percentage (%),,9.98248355525
2014,,,,35 to 49,Male,Undefined,Units,Percentage (%),,10.004696521
2010,Public sector,Scotland,,,,Undefined,Units,Percentage (%),S92000003,10.067009506
2015,,,,35 to 49,Female,Undefined,Units,Percentage (%),,10.088386684
2012,Public sector,,,50 to 64,Male,Undefined,Units,Percentage (%),,10.0936005803
2010,Public sector,,,50 to 64,Male,Undefined,Units,Percentage (%),,10.1307896378
2014,Public sector,,,50 to 64,Male,Undefined,Units,Percentage (%),,10.1493577263
2013,,,,35 to 49,Male,Undefined,Units,Percentage (%),,10.1508768634
2014,Public sector,Scotland,,,,Undefined,Units,Percentage (%),S92000003,10.1606208266
2006,Public sector,,,50 to 64,Male,Undefined,Units,Percentage (%),,10.1631679582
2009,Public sector,Scotland,,,,Undefined,Units,Percentage (%),S92000003,10.1665888214
2016,Public sector,,,50 to 64,Male,Undefined,Units,Percentage (%),,10.1782076725
2011,Public sector,,,50 to 64,Male,Undefined,Units,Percentage (%),,10.1947328607
2014,,,,35 to 49,Female,Undefined,Units,Percentage (%),,10.2088089506
2017,Public sector,Scotland,,,,Undefined,Units,Percentage (%),S92000003,10.2119108513
2015,Public sector,Scotland,,,,Undefined,Units,Percentage (%),S92000003,10.2152499088
2008,Public sector,Scotland,,,,Undefined,Units,Percentage (%),S92000003,10.2265156562
2012,Public sector,Scotland,,,,Undefined,Units,Percentage (%),S92000003,10.240245357
2016,Public sector,Scotland,,,,Undefined,Units,Percentage (%),S92000003,10.2451518478
2003,Public sector,,,50 to 64,Male,Undefined,Units,Percentage (%),,10.2503841154
2007,Public sector,,,50 to 64,Male,Undefined,Units,Percentage (%),,10.2697480207
2013,Public sector,Scotland,,,,Undefined,Units,Percentage (%),S92000003,10.3057368602
2015,Public sector,,,50 to 64,Male,Undefined,Units,Percentage (%),,10.3136940447
2012,,,,35 to 49,Male,Undefined,Units,Percentage (%),,10.3212038359
2013,,,,35 to 49,Female,Undefined,Units,Percentage (%),,10.3617740176
2008,Public sector,,,50 to 64,Male,Undefined,Units,Percentage (%),,10.4016582754
2000,,,,35 to 49,Male,Undefined,Units,Percentage (%),,10.4450144529
2009,Public sector,,,50 to 64,Male,Undefined,Units,Percentage (%),,10.4653375267
2013,Public sector,,,50 to 64,Male,Undefined,Units,Percentage (%),,10.4695503042
2011,,,,35 to 49,Male,Undefined,Units,Percentage (%),,10.5086873073
2012,,,,35 to 49,Female,Undefined,Units,Percentage (%),,10.5394550477
2001,,,,35 to 49,Male,Undefined,Units,Percentage (%),,10.5645057934
2000,,,,35 to 49,Female,Undefined,Units,Percentage (%),,10.6360460662
2010,,,,35 to 49,Male,Undefined,Units,Percentage (%),,10.675823895
2002,,,,35 to 49,Male,Undefined,Units,Percentage (%),,10.6934921335
2011,,,,35 to 49,Female,Undefined,Units,Percentage (%),,10.7214544582
2001,,,,35 to 49,Female,Undefined,Units,Percentage (%),,10.7538295796
2003,,,,35 to 49,Male,Undefined,Units,Percentage (%),,10.798288811
2009,,,,35 to 49,Male,Undefined,Units,Percentage (%),,10.8047951955
2004,,,,35 to 49,Male,Undefined,Units,Percentage (%),,10.8636921704
2002,,,,35 to 49,Female,Undefined,Units,Percentage (%),,10.8831067487
2008,,,,35 to 49,Male,Undefined,Units,Percentage (%),,10.8909886637
2010,,,,35 to 49,Female,Undefined,Units,Percentage (%),,10.8910807003
2005,,,,35 to 49,Male,Undefined,Units,Percentage (%),,10.9280516422
2007,,,,35 to 49,Male,Undefined,Units,Percentage (%),,10.9529391955
2006,,,,35 to 49,Male,Undefined,Units,Percentage (%),,10.9659010848
2003,,,,35 to 49,Female,Undefined,Units,Percentage (%),,10.978074192
2016,,England,North West,,,Undefined,Units,Percentage (%),E12000002,10.9974668861
2009,,,,35 to 49,Female,Undefined,Units,Percentage (%),,11.0157219139
2015,,England,North West,,,Undefined,Units,Percentage (%),E12000002,11.0180175916
2014,,England,North West,,,Undefined,Units,Percentage (%),E12000002,11.0423369274
2004,,,,35 to 49,Female,Undefined,Units,Percentage (%),,11.0638927897
2013,,England,North West,,,Undefined,Units,Percentage (%),E12000002,11.0805530507
2008,,,,35 to 49,Female,Undefined,Units,Percentage (%),,11.0955701635
2005,,,,35 to 49,Female,Undefined,Units,Percentage (%),,11.1094985149
2012,,England,North West,,,Undefined,Units,Percentage (%),E12000002,11.1205300429
2011,,England,North West,,,Undefined,Units,Percentage (%),E12000002,11.1494743356
2006,,,,35 to 49,Female,Undefined,Units,Percentage (%),,11.1557622859
2007,,,,35 to 49,Female,Undefined,Units,Percentage (%),,11.1620747704
2010,,England,North West,,,Undefined,Units,Percentage (%),E12000002,11.1854395296
2009,,England,North West,,,Undefined,Units,Percentage (%),E12000002,11.2208504123
2014,Public sector,England,North West,,,Undefined,Units,Percentage (%),E12000002,11.2254105757
2008,,England,North West,,,Undefined,Units,Percentage (%),E12000002,11.255455264
2017,Public sector,England,North West,,,Undefined,Units,Percentage (%),E12000002,11.2714651078
2015,Public sector,England,North West,,,Undefined,Units,Percentage (%),E12000002,11.2732579351
2016,Public sector,England,North West,,,Undefined,Units,Percentage (%),E12000002,11.2879619466
2012,Public sector,England,North West,,,Undefined,Units,Percentage (%),E12000002,11.2966433805
2007,,England,North West,,,Undefined,Units,Percentage (%),E12000002,11.300361266
2013,Public sector,England,North West,,,Undefined,Units,Percentage (%),E12000002,11.3191343181
2008,Public sector,England,South East,,,Undefined,Units,Percentage (%),E12000008,11.3424383744
2006,,England,North West,,,Undefined,Units,Percentage (%),E12000002,11.3462399889
2005,,England,North West,,,Undefined,Units,Percentage (%),E12000002,11.3717074373
2011,Public sector,England,North West,,,Undefined,Units,Percentage (%),E12000002,11.386297845
2009,Public sector,England,South East,,,Undefined,Units,Percentage (%),E12000008,11.3965436712
2010,Public sector,England,South East,,,Undefined,Units,Percentage (%),E12000008,11.407199626
2004,,England,North West,,,Undefined,Units,Percentage (%),E12000002,11.4100541575
2003,,England,North West,,,Undefined,Units,Percentage (%),E12000002,11.4269641718
2002,,England,North West,,,Undefined,Units,Percentage (%),E12000002,11.4289608792
2001,,England,North West,,,Undefined,Units,Percentage (%),E12000002,11.4576881004
2010,Public sector,England,North West,,,Undefined,Units,Percentage (%),E12000002,11.5007012623
2012,Public sector,England,South East,,,Undefined,Units,Percentage (%),E12000008,11.5011075141
2000,,England,North West,,,Undefined,Units,Percentage (%),E12000002,11.5039491941
2013,Public sector,England,South East,,,Undefined,Units,Percentage (%),E12000008,11.5080728272
2009,Public sector,England,North West,,,Undefined,Units,Percentage (%),E12000002,11.5678032072
2008,Public sector,England,North West,,,Undefined,Units,Percentage (%),E12000002,11.5756162558
2011,Public sector,England,South East,,,Undefined,Units,Percentage (%),E12000008,11.579285944
2014,Public sector,England,South East,,,Undefined,Units,Percentage (%),E12000008,11.6044035373
2017,Public sector,England,South East,,,Undefined,Units,Percentage (%),E12000008,11.7464377055
2015,Public sector,England,South East,,,Undefined,Units,Percentage (%),E12000008,11.7657789128
2016,Public sector,England,South East,,,Undefined,Units,Percentage (%),E12000008,11.800219539
2008,Public sector,England,London,,,Undefined,Units,Percentage (%),E12000007,12.2085276482
2000,,England,London,,,Undefined,Units,Percentage (%),E12000007,12.2893455353
2001,,England,London,,,Undefined,Units,Percentage (%),E12000007,12.3871246901
2004,,England,London,,,Undefined,Units,Percentage (%),E12000007,12.3981399012
2003,,England,London,,,Undefined,Units,Percentage (%),E12000007,12.3997835425
2002,,England,London,,,Undefined,Units,Percentage (%),E12000007,12.4258180362
2005,,England,London,,,Undefined,Units,Percentage (%),E12000007,12.44595476
2006,,England,London,,,Undefined,Units,Percentage (%),E12000007,12.4908620039
2007,,England,London,,,Undefined,Units,Percentage (%),E12000007,12.5466227271
2008,,England,London,,,Undefined,Units,Percentage (%),E12000007,12.6361765827
2009,Public sector,England,London,,,Undefined,Units,Percentage (%),E12000007,12.6420675697
2009,,England,London,,,Undefined,Units,Percentage (%),E12000007,12.7570382281
2016,Public sector,,,35 to 49,Male,Undefined,Units,Percentage (%),,12.7680089916
2007,Public sector,,,25 to 34,Female,Undefined,Units,Percentage (%),,12.812798731
2008,Public sector,,,25 to 34,Female,Undefined,Units,Percentage (%),,12.8361022924
2010,,England,London,,,Undefined,Units,Percentage (%),E12000007,12.8450683193
2011,Public sector,England,London,,,Undefined,Units,Percentage (%),E12000007,12.8980379543
2015,Public sector,,,35 to 49,Male,Undefined,Units,Percentage (%),,12.9185801811
2010,Public sector,England,London,,,Undefined,Units,Percentage (%),E12000007,12.9499766246
2011,,England,London,,,Undefined,Units,Percentage (%),E12000007,12.9641908856
2012,Public sector,England,London,,,Undefined,Units,Percentage (%),E12000007,13.0005111603
2006,Public sector,,,25 to 34,Female,Undefined,Units,Percentage (%),,13.0418164972
2012,,England,London,,,Undefined,Units,Percentage (%),E12000007,13.0419356211
2010,Public sector,,,25 to 34,Female,Undefined,Units,Percentage (%),,13.0662867395
2014,Public sector,,,35 to 49,Male,Undefined,Units,Percentage (%),,13.0703313491
2007,,,,25 to 34,,Undefined,Units,Percentage (%),,13.1268875142
2013,,England,London,,,Undefined,Units,Percentage (%),E12000007,13.1291742223
2008,,,,25 to 34,,Undefined,Units,Percentage (%),,13.1521124269
2014,Public sector,,,25 to 34,Female,Undefined,Units,Percentage (%),,13.1589312784
2009,,,,25 to 34,,Undefined,Units,Percentage (%),,13.1843156509
2006,,,,25 to 34,,Undefined,Units,Percentage (%),,13.1978318139
2002,Public sector,,,25 to 34,Female,Undefined,Units,Percentage (%),,13.208037711
2014,,England,London,,,Undefined,Units,Percentage (%),E12000007,13.2184494354
2009,Public sector,,,25 to 34,Female,Undefined,Units,Percentage (%),,13.2292126077
2011,Public sector,,,25 to 34,Female,Undefined,Units,Percentage (%),,13.2420761251
2012,Public sector,,,25 to 34,Female,Undefined,Units,Percentage (%),,13.2530769329
2010,,,,25 to 34,,Undefined,Units,Percentage (%),,13.2599795001
2013,Public sector,England,London,,,Undefined,Units,Percentage (%),E12000007,13.2600480934
2005,Public sector,,,25 to 34,Female,Undefined,Units,Percentage (%),,13.2659793531
2005,,,,25 to 34,,Undefined,Units,Percentage (%),,13.2957298988
2013,Public sector,,,35 to 49,Male,Undefined,Units,Percentage (%),,13.3084516429
2003,Public sector,,,25 to 34,Female,Undefined,Units,Percentage (%),,13.3192713446
2015,,England,London,,,Undefined,Units,Percentage (%),E12000007,13.3216225935
2013,Public sector,,,25 to 34,Female,Undefined,Units,Percentage (%),,13.3407221182
2004,,,,25 to 34,,Undefined,Units,Percentage (%),,13.357441833
2011,,,,25 to 34,,Undefined,Units,Percentage (%),,13.3729661202
2016,,England,London,,,Undefined,Units,Percentage (%),E12000007,13.3863709045
2014,Public sector,England,London,,,Undefined,Units,Percentage (%),E12000007,13.3910846418
2012,,,,25 to 34,,Undefined,Units,Percentage (%),,13.4338057764
2016,Public sector,,,25 to 34,Female,Undefined,Units,Percentage (%),,13.4411695995
2013,,,,25 to 34,,Undefined,Units,Percentage (%),,13.5365797844
2014,,,,25 to 34,,Undefined,Units,Percentage (%),,13.5437196595
2015,,,,25 to 34,,Undefined,Units,Percentage (%),,13.5505335476
2002,,England,South East,,,Undefined,Units,Percentage (%),E12000008,13.5519249616
2015,Public sector,England,London,,,Undefined,Units,Percentage (%),E12000007,13.5534476468
2003,,England,South East,,,Undefined,Units,Percentage (%),E12000008,13.5619998316
2004,Public sector,,,25 to 34,Female,Undefined,Units,Percentage (%),,13.5660510954
2004,,England,South East,,,Undefined,Units,Percentage (%),E12000008,13.5663896886
2000,,England,South East,,,Undefined,Units,Percentage (%),E12000008,13.5695907003
2001,,England,South East,,,Undefined,Units,Percentage (%),E12000008,13.5730665476
2016,Public sector,England,London,,,Undefined,Units,Percentage (%),E12000007,13.5748261983
2005,,England,South East,,,Undefined,Units,Percentage (%),E12000008,13.5779691868
2016,,,,25 to 34,,Undefined,Units,Percentage (%),,13.5857964655
2006,,England,South East,,,Undefined,Units,Percentage (%),E12000008,13.5973365278
2003,,,,25 to 34,,Undefined,Units,Percentage (%),,13.605030409
2017,Public sector,England,London,,,Undefined,Units,Percentage (%),E12000007,13.6097917428
2001,Public sector,,,25 to 34,Female,Undefined,Units,Percentage (%),,13.6161837119
2007,,England,South East,,,Undefined,Units,Percentage (%),E12000008,13.6195645482
2015,Public sector,,,25 to 34,Female,Undefined,Units,Percentage (%),,13.6220942991
2008,,England,South East,,,Undefined,Units,Percentage (%),E12000008,13.6297070324
2009,,England,South East,,,Undefined,Units,Percentage (%),E12000008,13.6377380671
2010,,England,South East,,,Undefined,Units,Percentage (%),E12000008,13.6676949526
2011,,England,South East,,,Undefined,Units,Percentage (%),E12000008,13.6726936471
2012,,England,South East,,,Undefined,Units,Percentage (%),E12000008,13.6955229438
2013,,England,South East,,,Undefined,Units,Percentage (%),E12000008,13.7160538133
2014,,England,South East,,,Undefined,Units,Percentage (%),E12000008,13.7372510618
2015,,England,South East,,,Undefined,Units,Percentage (%),E12000008,13.7427558401
2016,,England,South East,,,Undefined,Units,Percentage (%),E12000008,13.7495271375
2012,Public sector,,,35 to 49,Male,Undefined,Units,Percentage (%),,13.8758964889
2002,,,,25 to 34,,Undefined,Units,Percentage (%),,13.9412745179
2011,Public sector,,,35 to 49,Male,Undefined,Units,Percentage (%),,13.9631696497
2000,Public sector,,,25 to 34,Female,Undefined,Units,Percentage (%),,14.0718349969
2010,Public sector,,,35 to 49,Male,Undefined,Units,Percentage (%),,14.0818771025
2009,Public sector,,,35 to 49,Male,Undefined,Units,Percentage (%),,14.0951748905
2008,Public sector,,,35 to 49,Male,Undefined,Units,Percentage (%),,14.1780832571
2001,,,,25 to 34,,Undefined,Units,Percentage (%),,14.3360897032
2007,Public sector,,,35 to 49,Male,Undefined,Units,Percentage (%),,14.4700588668
2000,,,,25 to 34,,Undefined,Units,Percentage (%),,14.6822766982
2003,Public sector,,,35 to 49,Male,Undefined,Units,Percentage (%),,14.8935208128
2005,Public sector,,,35 to 49,Male,Undefined,Units,Percentage (%),,14.9895680222
2006,Public sector,,,35 to 49,Male,Undefined,Units,Percentage (%),,15.0190494313
2004,Public sector,,,35 to 49,Male,Undefined,Units,Percentage (%),,15.0889781
2002,Public sector,,,35 to 49,Male,Undefined,Units,Percentage (%),,15.2449257591
2001,Public sector,,,35 to 49,Male,Undefined,Units,Percentage (%),,15.6198128283
2000,,,,65 and over,,Undefined,Units,Percentage (%),,15.8064509829
2001,,,,65 and over,,Undefined,Units,Percentage (%),,15.8557939253
2006,,,,65 and over,,Undefined,Units,Percentage (%),,15.8716398409
2002,,,,65 and over,,Undefined,Units,Percentage (%),,15.8843029786
2007,,,,65 and over,,Undefined,Units,Percentage (%),,15.888979082
2003,,,,65 and over,,Undefined,Units,Percentage (%),,15.9121397505
2005,,,,65 and over,,Undefined,Units,Percentage (%),,15.9152898777
2004,,,,65 and over,,Undefined,Units,Percentage (%),,15.9291660014
2000,Public sector,,,35 to 49,Male,Undefined,Units,Percentage (%),,15.938509508
2000,Public sector,,,50 to 64,Female,Undefined,Units,Percentage (%),,15.9881473467
2008,,,,65 and over,,Undefined,Units,Percentage (%),,16.0029510978
2009,,,,65 and over,,Undefined,Units,Percentage (%),,16.1768862517
2010,,,,65 and over,,Undefined,Units,Percentage (%),,16.3524792184
2011,,,,65 and over,,Undefined,Units,Percentage (%),,16.5254989935
2001,Public sector,,,50 to 64,Female,Undefined,Units,Percentage (%),,16.8059895375
2003,Public sector,,,50 to 64,Female,Undefined,Units,Percentage (%),,16.954677745
2012,,,,65 and over,,Undefined,Units,Percentage (%),,17.0174097713
2002,Public sector,,,50 to 64,Female,Undefined,Units,Percentage (%),,17.0288015498
2004,Public sector,,,50 to 64,Female,Undefined,Units,Percentage (%),,17.2225928527
2000,,,,50 to 64,,Undefined,Units,Percentage (%),,17.2801239139
2005,Public sector,,,50 to 64,Female,Undefined,Units,Percentage (%),,17.3461949053
2013,,,,65 and over,,Undefined,Units,Percentage (%),,17.3648349333
2001,,,,50 to 64,,Undefined,Units,Percentage (%),,17.4196136431
2002,,,,50 to 64,,Undefined,Units,Percentage (%),,17.5253303352
2003,,,,50 to 64,,Undefined,Units,Percentage (%),,17.6034198561
2014,,,,65 and over,,Undefined,Units,Percentage (%),,17.6585054927
2004,,,,50 to 64,,Undefined,Units,Percentage (%),,17.6778526316
2005,,,,50 to 64,,Undefined,Units,Percentage (%),,17.7223628793
2015,,,,65 and over,,Undefined,Units,Percentage (%),,17.833145349
2006,,,,50 to 64,,Undefined,Units,Percentage (%),,17.8590297638
2007,,,,50 to 64,,Undefined,Units,Percentage (%),,17.9435991166
2016,,,,65 and over,,Undefined,Units,Percentage (%),,17.9960932277
2008,,,,50 to 64,,Undefined,Units,Percentage (%),,18.0050029946
2009,,,,50 to 64,,Undefined,Units,Percentage (%),,18.0674240159
2006,Public sector,,,50 to 64,Female,Undefined,Units,Percentage (%),,18.1147944628
2012,,,,50 to 64,,Undefined,Units,Percentage (%),,18.1216961989
2010,,,,50 to 64,,Undefined,Units,Percentage (%),,18.1358678444
2013,,,,50 to 64,,Undefined,Units,Percentage (%),,18.1602047145
2011,,,,50 to 64,,Undefined,Units,Percentage (%),,18.2344103028
2014,,,,50 to 64,,Undefined,Units,Percentage (%),,18.2866516261
2009,Public sector,,,50 to 64,Female,Undefined,Units,Percentage (%),,18.3526309593
2015,,,,50 to 64,,Undefined,Units,Percentage (%),,18.4575514121
2007,Public sector,,,50 to 64,Female,Undefined,Units,Percentage (%),,18.4763159623
2008,Public sector,,,50 to 64,Female,Undefined,Units,Percentage (%),,18.6179919171
2016,,,,50 to 64,,Undefined,Units,Percentage (%),,18.6340618718
2010,Public sector,,,50 to 64,Female,Undefined,Units,Percentage (%),,18.9382550447
2016,,,,35 to 49,,Undefined,Units,Percentage (%),,19.7610564359
2011,Public sector,,,50 to 64,Female,Undefined,Units,Percentage (%),,19.7675779956
2007,Public sector,,,25 to 34,,Undefined,Units,Percentage (%),,19.9513769832
2015,,,,35 to 49,,Undefined,Units,Percentage (%),,19.980095541
2012,Public sector,,,50 to 64,Female,Undefined,Units,Percentage (%),,20.0259707843
2014,,,,35 to 49,,Undefined,Units,Percentage (%),,20.2135054716
2008,Public sector,,,25 to 34,,Undefined,Units,Percentage (%),,20.2779354945
2006,Public sector,,,25 to 34,,Undefined,Units,Percentage (%),,20.3822226691
2014,Public sector,,,50 to 64,Female,Undefined,Units,Percentage (%),,20.4521203764
2013,,,,35 to 49,,Undefined,Units,Percentage (%),,20.512650881
2013,Public sector,,,25 to 34,,Undefined,Units,Percentage (%),,20.6734817701
2009,Public sector,,,25 to 34,,Undefined,Units,Percentage (%),,20.7900519641
2014,Public sector,,,25 to 34,,Undefined,Units,Percentage (%),,20.8053536401
2015,Public sector,,,50 to 64,Female,Undefined,Units,Percentage (%),,20.8417607502
2013,Public sector,,,50 to 64,Female,Undefined,Units,Percentage (%),,20.8591329714
2012,,,,35 to 49,,Undefined,Units,Percentage (%),,20.8606588836
2010,Public sector,,,25 to 34,,Undefined,Units,Percentage (%),,20.8626995888
2002,Public sector,,,25 to 34,,Undefined,Units,Percentage (%),,20.9591467841
2000,,,,35 to 49,,Undefined,Units,Percentage (%),,21.0810605192
2003,Public sector,,,25 to 34,,Undefined,Units,Percentage (%),,21.1053221237
2012,Public sector,,,25 to 34,,Undefined,Units,Percentage (%),,21.107224164
2015,Public sector,,,25 to 34,,Undefined,Units,Percentage (%),,21.1409830044
2005,Public sector,,,25 to 34,,Undefined,Units,Percentage (%),,21.1758590059
2011,Public sector,,,25 to 34,,Undefined,Units,Percentage (%),,21.1982856721
2004,Public sector,,,25 to 34,,Undefined,Units,Percentage (%),,21.2076711003
2016,Public sector,,,25 to 34,,Undefined,Units,Percentage (%),,21.2100335466
2011,,,,35 to 49,,Undefined,Units,Percentage (%),,21.2301417655
2001,,,,35 to 49,,Undefined,Units,Percentage (%),,21.318335373
2001,Public sector,,,25 to 34,,Undefined,Units,Percentage (%),,21.5167845846
2010,,,,35 to 49,,Undefined,Units,Percentage (%),,21.5669045952
2002,,,,35 to 49,,Undefined,Units,Percentage (%),,21.5765988822
2016,Public sector,,,50 to 64,Female,Undefined,Units,Percentage (%),,21.6017727987
2003,,,,35 to 49,,Undefined,Units,Percentage (%),,21.776363003
2009,,,,35 to 49,,Undefined,Units,Percentage (%),,21.8205171094
2004,,,,35 to 49,,Undefined,Units,Percentage (%),,21.9275849601
2008,,,,35 to 49,,Undefined,Units,Percentage (%),,21.9865588272
2005,,,,35 to 49,,Undefined,Units,Percentage (%),,22.037550157
2007,,,,35 to 49,,Undefined,Units,Percentage (%),,22.1150139659
2006,,,,35 to 49,,Undefined,Units,Percentage (%),,22.1216633707
2000,Public sector,,,25 to 34,,Undefined,Units,Percentage (%),,22.636691997
2016,Public sector,,,35 to 49,Female,Undefined,Units,Percentage (%),,25.3643129017
2015,Public sector,,,35 to 49,Female,Undefined,Units,Percentage (%),,25.6257124275
2000,Public sector,,,50 to 64,,Undefined,Units,Percentage (%),,25.680998621
2001,Public sector,,,50 to 64,,Undefined,Units,Percentage (%),,26.7109593916
2014,Public sector,,,35 to 49,Female,Undefined,Units,Percentage (%),,26.7669833775
2002,Public sector,,,50 to 64,,Undefined,Units,Percentage (%),,26.800651262
2013,Public sector,,,35 to 49,Female,Undefined,Units,Percentage (%),,26.9277151399
2004,Public sector,,,50 to 64,,Undefined,Units,Percentage (%),,27.0724181043
2011,Public sector,,,35 to 49,Female,Undefined,Units,Percentage (%),,27.1839585442
2003,Public sector,,,50 to 64,,Undefined,Units,Percentage (%),,27.2050618603
2005,Public sector,,,50 to 64,,Undefined,Units,Percentage (%),,27.3286784606
2012,Public sector,,,35 to 49,Female,Undefined,Units,Percentage (%),,27.4155397413
2010,Public sector,,,35 to 49,Female,Undefined,Units,Percentage (%),,27.8655384098
2009,Public sector,,,35 to 49,Female,Undefined,Units,Percentage (%),,27.9942516226
2000,Public sector,,,35 to 49,Female,Undefined,Units,Percentage (%),,28.236599936
2001,Public sector,,,35 to 49,Female,Undefined,Units,Percentage (%),,28.2723066731
2006,Public sector,,,50 to 64,,Undefined,Units,Percentage (%),,28.277962421
2008,Public sector,,,35 to 49,Female,Undefined,Units,Percentage (%),,28.284064517
2003,Public sector,,,35 to 49,Female,Undefined,Units,Percentage (%),,28.4491898373
2006,Public sector,,,35 to 49,Female,Undefined,Units,Percentage (%),,28.5104259077
2004,Public sector,,,35 to 49,Female,Undefined,Units,Percentage (%),,28.5331254718
2002,Public sector,,,35 to 49,Female,Undefined,Units,Percentage (%),,28.6568434076
2005,Public sector,,,35 to 49,Female,Undefined,Units,Percentage (%),,28.6885832698
2007,Public sector,,,50 to 64,,Undefined,Units,Percentage (%),,28.746063983
2009,Public sector,,,50 to 64,,Undefined,Units,Percentage (%),,28.817968486
2007,Public sector,,,35 to 49,Female,Undefined,Units,Percentage (%),,28.9592322127
2008,Public sector,,,50 to 64,,Undefined,Units,Percentage (%),,29.0196501925
2010,Public sector,,,50 to 64,,Undefined,Units,Percentage (%),,29.0690446825
2011,Public sector,,,50 to 64,,Undefined,Units,Percentage (%),,29.9623108564
2012,Public sector,,,50 to 64,,Undefined,Units,Percentage (%),,30.1195713646
2014,Public sector,,,50 to 64,,Undefined,Units,Percentage (%),,30.6014781028
2015,Public sector,,,50 to 64,,Undefined,Units,Percentage (%),,31.1554547949
2013,Public sector,,,50 to 64,,Undefined,Units,Percentage (%),,31.3286832756
2016,Public sector,,,50 to 64,,Undefined,Units,Percentage (%),,31.7799804712
2013,Public sector,,,,Male,Undefined,Units,Percentage (%),,33.9475857164
2014,Public sector,,,,Male,Undefined,Units,Percentage (%),,34.1538607435
2016,Public sector,,,,Male,Undefined,Units,Percentage (%),,34.1866640128
2015,Public sector,,,,Male,Undefined,Units,Percentage (%),,34.2844308769
2012,Public sector,,,,Male,Undefined,Units,Percentage (%),,34.6033104925
2007,Public sector,,,,Male,Undefined,Units,Percentage (%),,35.0169331186
2011,Public sector,,,,Male,Undefined,Units,Percentage (%),,35.1810710378
2010,Public sector,,,,Male,Undefined,Units,Percentage (%),,35.3015095629
2008,Public sector,,,,Male,Undefined,Units,Percentage (%),,35.3354522141
2009,Public sector,,,,Male,Undefined,Units,Percentage (%),,35.3834392864
2006,Public sector,,,,Male,Undefined,Units,Percentage (%),,35.6823592974
2004,Public sector,,,,Male,Undefined,Units,Percentage (%),,35.7183609674
2005,Public sector,,,,Male,Undefined,Units,Percentage (%),,35.8951885473
2002,Public sector,,,,Male,Undefined,Units,Percentage (%),,35.9305590857
2003,Public sector,,,,Male,Undefined,Units,Percentage (%),,36.1736743307
2001,Public sector,,,,Male,Undefined,Units,Percentage (%),,36.4793769329
2000,Public sector,,,,Male,Undefined,Units,Percentage (%),,37.3404896643
2016,Public sector,,,35 to 49,,Undefined,Units,Percentage (%),,38.1323218933
2015,Public sector,,,35 to 49,,Undefined,Units,Percentage (%),,38.5442926085
2014,Public sector,,,35 to 49,,Undefined,Units,Percentage (%),,39.8373147266
2013,Public sector,,,35 to 49,,Undefined,Units,Percentage (%),,40.2361667827
2011,Public sector,,,35 to 49,,Undefined,Units,Percentage (%),,41.1471281939
2012,Public sector,,,35 to 49,,Undefined,Units,Percentage (%),,41.2914362302
2010,Public sector,,,35 to 49,,Undefined,Units,Percentage (%),,41.9474155123
2009,Public sector,,,35 to 49,,Undefined,Units,Percentage (%),,42.0894265131
2008,Public sector,,,35 to 49,,Undefined,Units,Percentage (%),,42.462147774
2003,Public sector,,,35 to 49,,Undefined,Units,Percentage (%),,43.3427106501
2007,Public sector,,,35 to 49,,Undefined,Units,Percentage (%),,43.4292910795
2006,Public sector,,,35 to 49,,Undefined,Units,Percentage (%),,43.529475339
2004,Public sector,,,35 to 49,,Undefined,Units,Percentage (%),,43.6221035718
2005,Public sector,,,35 to 49,,Undefined,Units,Percentage (%),,43.678151292
2001,Public sector,,,35 to 49,,Undefined,Units,Percentage (%),,43.8921195014
2002,Public sector,,,35 to 49,,Undefined,Units,Percentage (%),,43.9017691667
2000,Public sector,,,35 to 49,,Undefined,Units,Percentage (%),,44.175109444
2000,Public sector,,,,Female,Undefined,Units,Percentage (%),,62.6595103357
2001,Public sector,,,,Female,Undefined,Units,Percentage (%),,63.5206230671
2003,Public sector,,,,Female,Undefined,Units,Percentage (%),,63.8263256693
2002,Public sector,,,,Female,Undefined,Units,Percentage (%),,64.0694409143
2005,Public sector,,,,Female,Undefined,Units,Percentage (%),,64.1048114527
2004,Public sector,,,,Female,Undefined,Units,Percentage (%),,64.2816390326
2006,Public sector,,,,Female,Undefined,Units,Percentage (%),,64.3176407026
2009,Public sector,,,,Female,Undefined,Units,Percentage (%),,64.6165607136
2008,Public sector,,,,Female,Undefined,Units,Percentage (%),,64.6645477859
2010,Public sector,,,,Female,Undefined,Units,Percentage (%),,64.6984904371
2011,Public sector,,,,Female,Undefined,Units,Percentage (%),,64.8189289622
2007,Public sector,,,,Female,Undefined,Units,Percentage (%),,64.9830668814
2012,Public sector,,,,Female,Undefined,Units,Percentage (%),,65.3966895075
2015,Public sector,,,,Female,Undefined,Units,Percentage (%),,65.7155691231
2016,Public sector,,,,Female,Undefined,Units,Percentage (%),,65.8133359872
2014,Public sector,,,,Female,Undefined,Units,Percentage (%),,65.8461392565
2013,Public sector,,,,Female,Undefined,Units,Percentage (%),,66.0524142836
2013,Public sector,England,,,,Undefined,Units,Percentage (%),E92000001,79.5431123325
2008,Public sector,England,,,,Undefined,Units,Percentage (%),E92000001,79.5636242505
2012,Public sector,England,,,,Undefined,Units,Percentage (%),E92000001,79.6217413529
2014,Public sector,England,,,,Undefined,Units,Percentage (%),E92000001,79.6246164952
2015,Public sector,England,,,,Undefined,Units,Percentage (%),E92000001,79.952572054
2009,Public sector,England,,,,Undefined,Units,Percentage (%),E92000001,80.024910478
2016,Public sector,England,,,,Undefined,Units,Percentage (%),E92000001,80.0768386389
2017,Public sector,England,,,,Undefined,Units,Percentage (%),E92000001,80.0876872488
2010,Public sector,England,,,,Undefined,Units,Percentage (%),E92000001,80.3179055633
2011,Public sector,England,,,,Undefined,Units,Percentage (%),E92000001,80.4117079447
2000,,England,,,,Undefined,Units,Percentage (%),E92000001,83.6077448884
2001,,England,,,,Undefined,Units,Percentage (%),E92000001,83.6528895768
2002,,England,,,,Undefined,Units,Percentage (%),E92000001,83.6834843137
2003,,England,,,,Undefined,Units,Percentage (%),E92000001,83.7161493043
2004,,England,,,,Undefined,Units,Percentage (%),E92000001,83.7269311659
2005,,England,,,,Undefined,Units,Percentage (%),E92000001,83.7664125349
2006,,England,,,,Undefined,Units,Percentage (%),E92000001,83.7870186968
2007,,England,,,,Undefined,Units,Percentage (%),E92000001,83.7930007914
2008,,England,,,,Undefined,Units,Percentage (%),E92000001,83.8121831195
2009,,England,,,,Undefined,Units,Percentage (%),E92000001,83.8354859614
2010,,England,,,,Undefined,Units,Percentage (%),E92000001,83.8797136801
2011,,England,,,,Undefined,Units,Percentage (%),E92000001,83.9172747412
2012,,England,,,,Undefined,Units,Percentage (%),E92000001,83.9709658719
2013,,England,,,,Undefined,Units,Percentage (%),E92000001,84.026624235
2014,,England,,,,Undefined,Units,Percentage (%),E92000001,84.0856797258
2015,,England,,,,Undefined,Units,Percentage (%),E92000001,84.1442150069
2016,,England,,,,Undefined,Units,Percentage (%),E92000001,84.1884315413
2008,Public sector,Great Britain,,,,Undefined,Units,Percentage (%),K03000001,95.619586942
2014,Public sector,Great Britain,,,,Undefined,Units,Percentage (%),K03000001,95.6686518679
2015,Public sector,Great Britain,,,,Undefined,Units,Percentage (%),K03000001,95.7497263772
2012,Public sector,Great Britain,,,,Undefined,Units,Percentage (%),K03000001,95.7744079059
2013,Public sector,Great Britain,,,,Undefined,Units,Percentage (%),K03000001,95.7746478873
2009,Public sector,Great Britain,,,,Undefined,Units,Percentage (%),K03000001,95.8274949401
2016,Public sector,Great Britain,,,,Undefined,Units,Percentage (%),K03000001,95.8836443469
2017,Public sector,Great Britain,,,,Undefined,Units,Percentage (%),K03000001,95.8896602119
2011,Public sector,Great Britain,,,,Undefined,Units,Percentage (%),K03000001,95.9633322612
2010,Public sector,Great Britain,,,,Undefined,Units,Percentage (%),K03000001,95.97942964
2009,,Great Britain,,,,Undefined,Units,Percentage (%),K03000001,97.119628973
2008,,Great Britain,,,,Undefined,Units,Percentage (%),K03000001,97.1222202359
2010,,Great Britain,,,,Undefined,Units,Percentage (%),K03000001,97.1242054743
2007,,Great Britain,,,,Undefined,Units,Percentage (%),K03000001,97.1270228718
2011,,Great Britain,,,,Undefined,Units,Percentage (%),K03000001,97.1331060393
2006,,Great Britain,,,,Undefined,Units,Percentage (%),K03000001,97.1343135779
2012,,Great Britain,,,,Undefined,Units,Percentage (%),K03000001,97.13737832
2005,,Great Britain,,,,Undefined,Units,Percentage (%),K03000001,97.1401435009
2002,,Great Britain,,,,Undefined,Units,Percentage (%),K03000001,97.14054638
2004,,Great Britain,,,,Undefined,Units,Percentage (%),K03000001,97.1408980936
2003,,Great Britain,,,,Undefined,Units,Percentage (%),K03000001,97.1411478396
2000,,Great Britain,,,,Undefined,Units,Percentage (%),K03000001,97.1420335185
2001,,Great Britain,,,,Undefined,Units,Percentage (%),K03000001,97.1430353004
2013,,Great Britain,,,,Undefined,Units,Percentage (%),K03000001,97.1457665809
2014,,Great Britain,,,,Undefined,Units,Percentage (%),K03000001,97.1507886341
2015,,Great Britain,,,,Undefined,Units,Percentage (%),K03000001,97.1561664367
2016,,Great Britain,,,,Undefined,Units,Percentage (%),K03000001,97.1634543805
