Year,Series,Country income classification,Observation status,Unit multiplier,Units,Value
2011,Value of all resources made available to strengthen statistical capacity in developing countries,LDCs,Normal value,Thousands,GBP (thousands),17771.05
2011,Value of all resources made available to strengthen statistical capacity in developing countries,LDCs,Normal value,Thousands,USD (thousands),28488.378
2011,Value of all resources made available to strengthen statistical capacity in developing countries,LMICs,Normal value,Thousands,GBP (thousands),2872.3
2011,Value of all resources made available to strengthen statistical capacity in developing countries,LMICs,Normal value,Thousands,USD (thousands),4604.521
2011,Value of all resources made available to strengthen statistical capacity in developing countries,Other LICs,Normal value,Thousands,GBP (thousands),477.38
2011,Value of all resources made available to strengthen statistical capacity in developing countries,Other LICs,Normal value,Thousands,USD (thousands),765.277
2011,Value of all resources made available to strengthen statistical capacity in developing countries,UMICs,Normal value,Thousands,GBP (thousands),176.47
2011,Value of all resources made available to strengthen statistical capacity in developing countries,UMICs,Normal value,Thousands,USD (thousands),282.895
2011,Value of all resources made available to strengthen statistical capacity in developing countries,Unspecified,Normal value,Thousands,GBP (thousands),27506.21
2011,Value of all resources made available to strengthen statistical capacity in developing countries,Unspecified,Normal value,Thousands,USD (thousands),44094.598
2011,Value of all resources made available to strengthen statistical capacity in developing countries,,Normal value,Thousands,GBP (thousands),48803.41
2011,Value of all resources made available to strengthen statistical capacity in developing countries,,Normal value,Thousands,USD (thousands),78235.668
2009,Value of all resources made available to strengthen statistical capacity in developing countries,LDCs,Normal value,Thousands,GBP (thousands),8510.87
2009,Value of all resources made available to strengthen statistical capacity in developing countries,LDCs,Normal value,Thousands,USD (thousands),13294.08
2009,Value of all resources made available to strengthen statistical capacity in developing countries,LMICs,Normal value,Thousands,GBP (thousands),294.22
2009,Value of all resources made available to strengthen statistical capacity in developing countries,LMICs,Normal value,Thousands,USD (thousands),459.575
2009,Value of all resources made available to strengthen statistical capacity in developing countries,Other LICs,Normal value,Thousands,GBP (thousands),2261.54
2009,Value of all resources made available to strengthen statistical capacity in developing countries,Other LICs,Normal value,Thousands,USD (thousands),3532.552
2009,Value of all resources made available to strengthen statistical capacity in developing countries,Unspecified,Normal value,Thousands,GBP (thousands),11910.69
2009,Value of all resources made available to strengthen statistical capacity in developing countries,Unspecified,Normal value,Thousands,USD (thousands),18604.639
2009,Value of all resources made available to strengthen statistical capacity in developing countries,,Normal value,Thousands,GBP (thousands),22977.32
2009,Value of all resources made available to strengthen statistical capacity in developing countries,,Normal value,Thousands,USD (thousands),35890.847
2010,Value of all resources made available to strengthen statistical capacity in developing countries,LDCs,Normal value,Thousands,GBP (thousands),9102.38
2010,Value of all resources made available to strengthen statistical capacity in developing countries,LDCs,Normal value,Thousands,USD (thousands),14057.73
2010,Value of all resources made available to strengthen statistical capacity in developing countries,LMICs,Normal value,Thousands,GBP (thousands),148.94
2010,Value of all resources made available to strengthen statistical capacity in developing countries,LMICs,Normal value,Thousands,USD (thousands),230.023
2010,Value of all resources made available to strengthen statistical capacity in developing countries,Other LICs,Normal value,Thousands,GBP (thousands),2409.04
2010,Value of all resources made available to strengthen statistical capacity in developing countries,Other LICs,Normal value,Thousands,USD (thousands),3720.525
2010,Value of all resources made available to strengthen statistical capacity in developing countries,Unspecified,Normal value,Thousands,GBP (thousands),22497.0
2010,Value of all resources made available to strengthen statistical capacity in developing countries,Unspecified,Normal value,Thousands,USD (thousands),34744.402
2010,Value of all resources made available to strengthen statistical capacity in developing countries,,Normal value,Thousands,GBP (thousands),34157.36
2010,Value of all resources made available to strengthen statistical capacity in developing countries,,Normal value,Thousands,USD (thousands),52752.68
2012,Value of all resources made available to strengthen statistical capacity in developing countries,LDCs,Normal value,Thousands,GBP (thousands),5008.99
2012,Value of all resources made available to strengthen statistical capacity in developing countries,LDCs,Normal value,Thousands,USD (thousands),7936.92
2012,Value of all resources made available to strengthen statistical capacity in developing countries,LMICs,Normal value,Thousands,GBP (thousands),2707.47
2012,Value of all resources made available to strengthen statistical capacity in developing countries,LMICs,Normal value,Thousands,USD (thousands),4290.081
2012,Value of all resources made available to strengthen statistical capacity in developing countries,Other LICs,Normal value,Thousands,GBP (thousands),2565.0
2012,Value of all resources made available to strengthen statistical capacity in developing countries,Other LICs,Normal value,Thousands,USD (thousands),4064.332
2012,Value of all resources made available to strengthen statistical capacity in developing countries,UMICs,Normal value,Thousands,GBP (thousands),41.06
2012,Value of all resources made available to strengthen statistical capacity in developing countries,UMICs,Normal value,Thousands,USD (thousands),65.061
2012,Value of all resources made available to strengthen statistical capacity in developing countries,Unspecified,Normal value,Thousands,GBP (thousands),13736.0
2012,Value of all resources made available to strengthen statistical capacity in developing countries,Unspecified,Normal value,Thousands,USD (thousands),21765.172
2012,Value of all resources made available to strengthen statistical capacity in developing countries,,Normal value,Thousands,GBP (thousands),24058.52
2012,Value of all resources made available to strengthen statistical capacity in developing countries,,Normal value,Thousands,USD (thousands),38121.566
2013,Value of all resources made available to strengthen statistical capacity in developing countries,LDCs,Normal value,Thousands,GBP (thousands),16159.44
2013,Value of all resources made available to strengthen statistical capacity in developing countries,LDCs,Normal value,Thousands,USD (thousands),25264.916
2013,Value of all resources made available to strengthen statistical capacity in developing countries,LMICs,Normal value,Thousands,GBP (thousands),3180.7
2013,Value of all resources made available to strengthen statistical capacity in developing countries,LMICs,Normal value,Thousands,USD (thousands),4972.952
2013,Value of all resources made available to strengthen statistical capacity in developing countries,Other LICs,Normal value,Thousands,GBP (thousands),1650.0
2013,Value of all resources made available to strengthen statistical capacity in developing countries,Other LICs,Normal value,Thousands,USD (thousands),2579.737
2013,Value of all resources made available to strengthen statistical capacity in developing countries,Unspecified,Normal value,Thousands,GBP (thousands),25023.73
2013,Value of all resources made available to strengthen statistical capacity in developing countries,Unspecified,Normal value,Thousands,USD (thousands),39124.031
2013,Value of all resources made available to strengthen statistical capacity in developing countries,,Normal value,Thousands,GBP (thousands),46013.87
2013,Value of all resources made available to strengthen statistical capacity in developing countries,,Normal value,Thousands,USD (thousands),71941.635
2014,Value of all resources made available to strengthen statistical capacity in developing countries,LDCs,Normal value,Thousands,GBP (thousands),3915.0
2014,Value of all resources made available to strengthen statistical capacity in developing countries,LDCs,Normal value,Thousands,USD (thousands),6445.505
2014,Value of all resources made available to strengthen statistical capacity in developing countries,LMICs,Normal value,Thousands,GBP (thousands),349.85
2014,Value of all resources made available to strengthen statistical capacity in developing countries,LMICs,Normal value,Thousands,USD (thousands),575.98
2014,Value of all resources made available to strengthen statistical capacity in developing countries,Other LICs,Normal value,Thousands,GBP (thousands),2600.0
2014,Value of all resources made available to strengthen statistical capacity in developing countries,Other LICs,Normal value,Thousands,USD (thousands),4280.54
2014,Value of all resources made available to strengthen statistical capacity in developing countries,UMICs,Normal value,Thousands,GBP (thousands),38.52
2014,Value of all resources made available to strengthen statistical capacity in developing countries,UMICs,Normal value,Thousands,USD (thousands),63.418
2014,Value of all resources made available to strengthen statistical capacity in developing countries,Unspecified,Normal value,Thousands,GBP (thousands),5990.6
2014,Value of all resources made available to strengthen statistical capacity in developing countries,Unspecified,Normal value,Thousands,USD (thousands),9862.693
2014,Value of all resources made available to strengthen statistical capacity in developing countries,,Normal value,Thousands,GBP (thousands),12893.97
2014,Value of all resources made available to strengthen statistical capacity in developing countries,,Normal value,Thousands,USD (thousands),21228.136
2015,Value of all resources made available to strengthen statistical capacity in developing countries,LDCs,Normal value,Thousands,GBP (thousands),9854.08
2015,Value of all resources made available to strengthen statistical capacity in developing countries,LDCs,Normal value,Thousands,USD (thousands),15055.89
2015,Value of all resources made available to strengthen statistical capacity in developing countries,LMICs,Normal value,Thousands,GBP (thousands),2413.22
2015,Value of all resources made available to strengthen statistical capacity in developing countries,LMICs,Normal value,Thousands,USD (thousands),3687.12
2015,Value of all resources made available to strengthen statistical capacity in developing countries,Other LICs,Normal value,Thousands,GBP (thousands),2000.0
2015,Value of all resources made available to strengthen statistical capacity in developing countries,Other LICs,Normal value,Thousands,USD (thousands),3055.768
2015,Value of all resources made available to strengthen statistical capacity in developing countries,UMICs,Normal value,Thousands,GBP (thousands),3.66
2015,Value of all resources made available to strengthen statistical capacity in developing countries,UMICs,Normal value,Thousands,USD (thousands),5.592
2015,Value of all resources made available to strengthen statistical capacity in developing countries,Unspecified,Normal value,Thousands,GBP (thousands),13537.35
2015,Value of all resources made available to strengthen statistical capacity in developing countries,Unspecified,Normal value,Thousands,USD (thousands),20683.499
2015,Value of all resources made available to strengthen statistical capacity in developing countries,,Normal value,Thousands,GBP (thousands),27808.31
2015,Value of all resources made available to strengthen statistical capacity in developing countries,,Normal value,Thousands,USD (thousands),42487.869
2016,Value of all resources made available to strengthen statistical capacity in developing countries,LDCs,Normal value,Thousands,GBP (thousands),7802.4
2016,Value of all resources made available to strengthen statistical capacity in developing countries,LDCs,Normal value,Thousands,USD (thousands),10529.555
2016,Value of all resources made available to strengthen statistical capacity in developing countries,UMICs,Normal value,Thousands,GBP (thousands),4.61
2016,Value of all resources made available to strengthen statistical capacity in developing countries,UMICs,Normal value,Thousands,USD (thousands),6.221
2016,Value of all resources made available to strengthen statistical capacity in developing countries,Unspecified,Normal value,Thousands,GBP (thousands),17016.02
2016,Value of all resources made available to strengthen statistical capacity in developing countries,Unspecified,Normal value,Thousands,USD (thousands),22963.59
2016,Value of all resources made available to strengthen statistical capacity in developing countries,,Normal value,Thousands,GBP (thousands),24823.03
2016,Value of all resources made available to strengthen statistical capacity in developing countries,,Normal value,Thousands,USD (thousands),33499.366
2017,Value of all resources made available to strengthen statistical capacity in developing countries,LDCs,Normal value,Thousands,GBP (thousands),9272.131
2017,Value of all resources made available to strengthen statistical capacity in developing countries,LDCs,Normal value,Thousands,USD (thousands),11939.391
2017,Value of all resources made available to strengthen statistical capacity in developing countries,LMICs,Normal value,Thousands,GBP (thousands),1801.958
2017,Value of all resources made available to strengthen statistical capacity in developing countries,LMICs,Normal value,Thousands,USD (thousands),2320.317
2017,Value of all resources made available to strengthen statistical capacity in developing countries,Unspecified,Normal value,Thousands,GBP (thousands),13592.67
2017,Value of all resources made available to strengthen statistical capacity in developing countries,Unspecified,Normal value,Thousands,USD (thousands),17502.794
2017,Value of all resources made available to strengthen statistical capacity in developing countries,,Normal value,Thousands,GBP (thousands),24666.759
2017,Value of all resources made available to strengthen statistical capacity in developing countries,,Normal value,Thousands,USD (thousands),31762.502
2018,Value of all resources made available to strengthen statistical capacity in developing countries,LDCs,Normal value,Thousands,GBP (thousands),14436.582
2018,Value of all resources made available to strengthen statistical capacity in developing countries,LDCs,Normal value,Thousands,USD (thousands),19256.479
2018,Value of all resources made available to strengthen statistical capacity in developing countries,LMICs,Normal value,Thousands,GBP (thousands),104.735
2018,Value of all resources made available to strengthen statistical capacity in developing countries,LMICs,Normal value,Thousands,USD (thousands),139.703
2018,Value of all resources made available to strengthen statistical capacity in developing countries,Unspecified,Normal value,Thousands,GBP (thousands),12101.455
2018,Value of all resources made available to strengthen statistical capacity in developing countries,Unspecified,Normal value,Thousands,USD (thousands),16141.73
2018,Value of all resources made available to strengthen statistical capacity in developing countries,,Normal value,Thousands,GBP (thousands),26642.772
2018,Value of all resources made available to strengthen statistical capacity in developing countries,,Normal value,Thousands,USD (thousands),35537.911
2019,Value of all resources made available to strengthen statistical capacity in developing countries,LDCs,Normal value,Thousands,GBP (thousands),5026.75
2019,Value of all resources made available to strengthen statistical capacity in developing countries,LDCs,Normal value,Thousands,USD (thousands),6414.943
2019,Value of all resources made available to strengthen statistical capacity in developing countries,LMICs,Normal value,Thousands,GBP (thousands),372.63
2019,Value of all resources made available to strengthen statistical capacity in developing countries,LMICs,Normal value,Thousands,USD (thousands),475.536
2019,Value of all resources made available to strengthen statistical capacity in developing countries,Other LICs,Normal value,Thousands,GBP (thousands),27.057
2019,Value of all resources made available to strengthen statistical capacity in developing countries,Other LICs,Normal value,Thousands,USD (thousands),34.529
2019,Value of all resources made available to strengthen statistical capacity in developing countries,Unspecified,Normal value,Thousands,GBP (thousands),12962.216
2019,Value of all resources made available to strengthen statistical capacity in developing countries,Unspecified,Normal value,Thousands,USD (thousands),16541.878
2019,Value of all resources made available to strengthen statistical capacity in developing countries,,Normal value,Thousands,GBP (thousands),18388.652
2019,Value of all resources made available to strengthen statistical capacity in developing countries,,Normal value,Thousands,USD (thousands),23466.887
2020,Value of all resources made available to strengthen statistical capacity in developing countries,LDCs,Normal value,Thousands,GBP (thousands),2704.369
2020,Value of all resources made available to strengthen statistical capacity in developing countries,LDCs,Normal value,Thousands,USD (thousands),3468.474
2020,Value of all resources made available to strengthen statistical capacity in developing countries,LMICs,Normal value,Thousands,GBP (thousands),309.359
2020,Value of all resources made available to strengthen statistical capacity in developing countries,LMICs,Normal value,Thousands,USD (thousands),396.766
2020,Value of all resources made available to strengthen statistical capacity in developing countries,Other LICs,Normal value,Thousands,GBP (thousands),65.606
2020,Value of all resources made available to strengthen statistical capacity in developing countries,Other LICs,Normal value,Thousands,USD (thousands),84.143
2020,Value of all resources made available to strengthen statistical capacity in developing countries,Unspecified,Normal value,Thousands,GBP (thousands),5518.287
2020,Value of all resources made available to strengthen statistical capacity in developing countries,Unspecified,Normal value,Thousands,USD (thousands),7077.45
2020,Value of all resources made available to strengthen statistical capacity in developing countries,,Normal value,Thousands,GBP (thousands),8597.622
2020,Value of all resources made available to strengthen statistical capacity in developing countries,,Normal value,Thousands,USD (thousands),11026.833
2021,Value of all resources made available to strengthen statistical capacity in developing countries,LDCs,Normal value,Thousands,GBP (thousands),1342.423
2021,Value of all resources made available to strengthen statistical capacity in developing countries,LDCs,Normal value,Thousands,USD (thousands),1846.524
2021,Value of all resources made available to strengthen statistical capacity in developing countries,LMICs,Normal value,Thousands,GBP (thousands),291.343
2021,Value of all resources made available to strengthen statistical capacity in developing countries,LMICs,Normal value,Thousands,USD (thousands),400.747
2021,Value of all resources made available to strengthen statistical capacity in developing countries,Other LICs,Normal value,Thousands,GBP (thousands),91.207
2021,Value of all resources made available to strengthen statistical capacity in developing countries,Other LICs,Normal value,Thousands,USD (thousands),125.456
2021,Value of all resources made available to strengthen statistical capacity in developing countries,Unspecified,Normal value,Thousands,GBP (thousands),4958.619
2021,Value of all resources made available to strengthen statistical capacity in developing countries,Unspecified,Normal value,Thousands,USD (thousands),6820.659
2021,Value of all resources made available to strengthen statistical capacity in developing countries,,Normal value,Thousands,GBP (thousands),6683.592
2021,Value of all resources made available to strengthen statistical capacity in developing countries,,Normal value,Thousands,USD (thousands),9193.387
