Year,Series,Country income classification,Aid description (CRS code),Observation status,Unit multiplier,Units,Value
2009,"Total official development assistance to medical research and basic heath sectors, net disbursement, by recipient countries",LDCs,Basic health,Normal value,Thousands,GBP (£ thousands),85148.15
2009,"Total official development assistance to medical research and basic heath sectors, net disbursement, by recipient countries",LDCs,Medical research,Normal value,Thousands,GBP (£ thousands),907.82
2009,"Total official development assistance to medical research and basic heath sectors, net disbursement, by recipient countries",LDCs,,Normal value,Thousands,GBP (£ thousands),86055.97
2010,"Total official development assistance to medical research and basic heath sectors, net disbursement, by recipient countries",LDCs,Basic health,Normal value,Thousands,GBP (£ thousands),87597.08706
2010,"Total official development assistance to medical research and basic heath sectors, net disbursement, by recipient countries",LDCs,Medical research,Normal value,Thousands,GBP (£ thousands),672.32024
2010,"Total official development assistance to medical research and basic heath sectors, net disbursement, by recipient countries",LDCs,,Normal value,Thousands,GBP (£ thousands),88269.4073
2011,"Total official development assistance to medical research and basic heath sectors, net disbursement, by recipient countries",LDCs,Basic health,Normal value,Thousands,GBP (£ thousands),168291.456331
2011,"Total official development assistance to medical research and basic heath sectors, net disbursement, by recipient countries",LDCs,Medical research,Normal value,Thousands,GBP (£ thousands),7991.934289
2011,"Total official development assistance to medical research and basic heath sectors, net disbursement, by recipient countries",LDCs,,Normal value,Thousands,GBP (£ thousands),176283.39062
2012,"Total official development assistance to medical research and basic heath sectors, net disbursement, by recipient countries",LDCs,Basic health,Normal value,Thousands,GBP (£ thousands),238877.93662
2012,"Total official development assistance to medical research and basic heath sectors, net disbursement, by recipient countries",LDCs,Medical research,Normal value,Thousands,GBP (£ thousands),16360.695939
2012,"Total official development assistance to medical research and basic heath sectors, net disbursement, by recipient countries",LDCs,,Normal value,Thousands,GBP (£ thousands),255238.632559
2013,"Total official development assistance to medical research and basic heath sectors, net disbursement, by recipient countries",LDCs,Basic health,Normal value,Thousands,GBP (£ thousands),290811.069921
2013,"Total official development assistance to medical research and basic heath sectors, net disbursement, by recipient countries",LDCs,Medical research,Normal value,Thousands,GBP (£ thousands),4722.032602
2013,"Total official development assistance to medical research and basic heath sectors, net disbursement, by recipient countries",LDCs,,Normal value,Thousands,GBP (£ thousands),295533.102523
2014,"Total official development assistance to medical research and basic heath sectors, net disbursement, by recipient countries",LDCs,Basic health,Normal value,Thousands,GBP (£ thousands),275662.312242
2014,"Total official development assistance to medical research and basic heath sectors, net disbursement, by recipient countries",LDCs,Medical research,Normal value,Thousands,GBP (£ thousands),3615.090275
2014,"Total official development assistance to medical research and basic heath sectors, net disbursement, by recipient countries",LDCs,,Normal value,Thousands,GBP (£ thousands),279277.402517
2015,"Total official development assistance to medical research and basic heath sectors, net disbursement, by recipient countries",LDCs,Basic health,Normal value,Thousands,GBP (£ thousands),197874.242118
2015,"Total official development assistance to medical research and basic heath sectors, net disbursement, by recipient countries",LDCs,Medical research,Normal value,Thousands,GBP (£ thousands),2361.371167
2015,"Total official development assistance to medical research and basic heath sectors, net disbursement, by recipient countries",LDCs,,Normal value,Thousands,GBP (£ thousands),200235.613285
2016,"Total official development assistance to medical research and basic heath sectors, net disbursement, by recipient countries",LDCs,Basic health,Normal value,Thousands,GBP (£ thousands),230260.478134
2016,"Total official development assistance to medical research and basic heath sectors, net disbursement, by recipient countries",LDCs,Medical research,Normal value,Thousands,GBP (£ thousands),11233.882596
2016,"Total official development assistance to medical research and basic heath sectors, net disbursement, by recipient countries",LDCs,,Normal value,Thousands,GBP (£ thousands),241494.36073
2017,"Total official development assistance to medical research and basic heath sectors, net disbursement, by recipient countries",LDCs,Basic health,Normal value,Thousands,GBP (£ thousands),181724.4096
2017,"Total official development assistance to medical research and basic heath sectors, net disbursement, by recipient countries",LDCs,Medical research,Normal value,Thousands,GBP (£ thousands),31968.822978
2017,"Total official development assistance to medical research and basic heath sectors, net disbursement, by recipient countries",LDCs,,Normal value,Thousands,GBP (£ thousands),213693.232578
2018,"Total official development assistance to medical research and basic heath sectors, net disbursement, by recipient countries",LDCs,Basic health,Normal value,Thousands,GBP (£ thousands),153021.397249
2018,"Total official development assistance to medical research and basic heath sectors, net disbursement, by recipient countries",LDCs,Medical research,Normal value,Thousands,GBP (£ thousands),33364.749694
2018,"Total official development assistance to medical research and basic heath sectors, net disbursement, by recipient countries",LDCs,,Normal value,Thousands,GBP (£ thousands),186386.146943
2019,"Total official development assistance to medical research and basic heath sectors, net disbursement, by recipient countries",LDCs,Basic health,Normal value,Thousands,GBP (£ thousands),241867.346373
2019,"Total official development assistance to medical research and basic heath sectors, net disbursement, by recipient countries",LDCs,Medical research,Normal value,Thousands,GBP (£ thousands),34978.757577
2019,"Total official development assistance to medical research and basic heath sectors, net disbursement, by recipient countries",LDCs,,Normal value,Thousands,GBP (£ thousands),276846.10395
2020,"Total official development assistance to medical research and basic heath sectors, net disbursement, by recipient countries",LDCs,Basic health,Normal value,Thousands,GBP (£ thousands),156312.134914
2020,"Total official development assistance to medical research and basic heath sectors, net disbursement, by recipient countries",LDCs,Medical research,Normal value,Thousands,GBP (£ thousands),37396.692562
2020,"Total official development assistance to medical research and basic heath sectors, net disbursement, by recipient countries",LDCs,,Normal value,Thousands,GBP (£ thousands),193708.827476
2009,"Total official development assistance to medical research and basic heath sectors, net disbursement, by recipient countries",LMICs,Basic health,Normal value,Thousands,GBP (£ thousands),13313.18
2009,"Total official development assistance to medical research and basic heath sectors, net disbursement, by recipient countries",LMICs,Medical research,Normal value,Thousands,GBP (£ thousands),1.03
2009,"Total official development assistance to medical research and basic heath sectors, net disbursement, by recipient countries",LMICs,,Normal value,Thousands,GBP (£ thousands),13314.21
2010,"Total official development assistance to medical research and basic heath sectors, net disbursement, by recipient countries",LMICs,Basic health,Normal value,Thousands,GBP (£ thousands),20210.19183
2010,"Total official development assistance to medical research and basic heath sectors, net disbursement, by recipient countries",LMICs,Medical research,Normal value,Thousands,GBP (£ thousands),15.0
2010,"Total official development assistance to medical research and basic heath sectors, net disbursement, by recipient countries",LMICs,,Normal value,Thousands,GBP (£ thousands),20225.19183
2011,"Total official development assistance to medical research and basic heath sectors, net disbursement, by recipient countries",LMICs,Basic health,Normal value,Thousands,GBP (£ thousands),58412.37873
2011,"Total official development assistance to medical research and basic heath sectors, net disbursement, by recipient countries",LMICs,Medical research,Normal value,Thousands,GBP (£ thousands),1739.157954
2011,"Total official development assistance to medical research and basic heath sectors, net disbursement, by recipient countries",LMICs,,Normal value,Thousands,GBP (£ thousands),60151.536684
2012,"Total official development assistance to medical research and basic heath sectors, net disbursement, by recipient countries",LMICs,Basic health,Normal value,Thousands,GBP (£ thousands),71090.049
2012,"Total official development assistance to medical research and basic heath sectors, net disbursement, by recipient countries",LMICs,Medical research,Normal value,Thousands,GBP (£ thousands),2381.846884
2012,"Total official development assistance to medical research and basic heath sectors, net disbursement, by recipient countries",LMICs,,Normal value,Thousands,GBP (£ thousands),73471.895884
2013,"Total official development assistance to medical research and basic heath sectors, net disbursement, by recipient countries",LMICs,Basic health,Normal value,Thousands,GBP (£ thousands),71299.363444
2013,"Total official development assistance to medical research and basic heath sectors, net disbursement, by recipient countries",LMICs,Medical research,Normal value,Thousands,GBP (£ thousands),580.44472
2013,"Total official development assistance to medical research and basic heath sectors, net disbursement, by recipient countries",LMICs,,Normal value,Thousands,GBP (£ thousands),71879.808164
2014,"Total official development assistance to medical research and basic heath sectors, net disbursement, by recipient countries",LMICs,Basic health,Normal value,Thousands,GBP (£ thousands),60786.240288
2014,"Total official development assistance to medical research and basic heath sectors, net disbursement, by recipient countries",LMICs,Medical research,Normal value,Thousands,GBP (£ thousands),705.33388
2014,"Total official development assistance to medical research and basic heath sectors, net disbursement, by recipient countries",LMICs,,Normal value,Thousands,GBP (£ thousands),61491.574168
2015,"Total official development assistance to medical research and basic heath sectors, net disbursement, by recipient countries",LMICs,Basic health,Normal value,Thousands,GBP (£ thousands),43137.452865
2015,"Total official development assistance to medical research and basic heath sectors, net disbursement, by recipient countries",LMICs,Medical research,Normal value,Thousands,GBP (£ thousands),2864.34777
2015,"Total official development assistance to medical research and basic heath sectors, net disbursement, by recipient countries",LMICs,,Normal value,Thousands,GBP (£ thousands),46001.800635
2016,"Total official development assistance to medical research and basic heath sectors, net disbursement, by recipient countries",LMICs,Basic health,Normal value,Thousands,GBP (£ thousands),73135.601244
2016,"Total official development assistance to medical research and basic heath sectors, net disbursement, by recipient countries",LMICs,Medical research,Normal value,Thousands,GBP (£ thousands),3618.93917
2016,"Total official development assistance to medical research and basic heath sectors, net disbursement, by recipient countries",LMICs,,Normal value,Thousands,GBP (£ thousands),76754.540414
2017,"Total official development assistance to medical research and basic heath sectors, net disbursement, by recipient countries",LMICs,Basic health,Normal value,Thousands,GBP (£ thousands),111111.832962
2017,"Total official development assistance to medical research and basic heath sectors, net disbursement, by recipient countries",LMICs,Medical research,Normal value,Thousands,GBP (£ thousands),16281.602395
2017,"Total official development assistance to medical research and basic heath sectors, net disbursement, by recipient countries",LMICs,,Normal value,Thousands,GBP (£ thousands),127393.435357
2018,"Total official development assistance to medical research and basic heath sectors, net disbursement, by recipient countries",LMICs,Basic health,Normal value,Thousands,GBP (£ thousands),81136.074334
2018,"Total official development assistance to medical research and basic heath sectors, net disbursement, by recipient countries",LMICs,Medical research,Normal value,Thousands,GBP (£ thousands),21256.066603
2018,"Total official development assistance to medical research and basic heath sectors, net disbursement, by recipient countries",LMICs,,Normal value,Thousands,GBP (£ thousands),102392.140937
2019,"Total official development assistance to medical research and basic heath sectors, net disbursement, by recipient countries",LMICs,Basic health,Normal value,Thousands,GBP (£ thousands),47038.172891
2019,"Total official development assistance to medical research and basic heath sectors, net disbursement, by recipient countries",LMICs,Medical research,Normal value,Thousands,GBP (£ thousands),21924.096948
2019,"Total official development assistance to medical research and basic heath sectors, net disbursement, by recipient countries",LMICs,,Normal value,Thousands,GBP (£ thousands),68962.269839
2020,"Total official development assistance to medical research and basic heath sectors, net disbursement, by recipient countries",LMICs,Basic health,Normal value,Thousands,GBP (£ thousands),58742.258755
2020,"Total official development assistance to medical research and basic heath sectors, net disbursement, by recipient countries",LMICs,Medical research,Normal value,Thousands,GBP (£ thousands),15523.040692
2020,"Total official development assistance to medical research and basic heath sectors, net disbursement, by recipient countries",LMICs,,Normal value,Thousands,GBP (£ thousands),74265.299447
2009,"Total official development assistance to medical research and basic heath sectors, net disbursement, by recipient countries",Other LICs,Basic health,Normal value,Thousands,GBP (£ thousands),59797.06
2009,"Total official development assistance to medical research and basic heath sectors, net disbursement, by recipient countries",Other LICs,Medical research,Normal value,Thousands,GBP (£ thousands),451.85
2009,"Total official development assistance to medical research and basic heath sectors, net disbursement, by recipient countries",Other LICs,,Normal value,Thousands,GBP (£ thousands),60248.91
2010,"Total official development assistance to medical research and basic heath sectors, net disbursement, by recipient countries",Other LICs,Basic health,Normal value,Thousands,GBP (£ thousands),77054.87892
2010,"Total official development assistance to medical research and basic heath sectors, net disbursement, by recipient countries",Other LICs,Medical research,Normal value,Thousands,GBP (£ thousands),2308.45345
2010,"Total official development assistance to medical research and basic heath sectors, net disbursement, by recipient countries",Other LICs,,Normal value,Thousands,GBP (£ thousands),79363.33237
2011,"Total official development assistance to medical research and basic heath sectors, net disbursement, by recipient countries",Other LICs,Basic health,Normal value,Thousands,GBP (£ thousands),20595.5125
2011,"Total official development assistance to medical research and basic heath sectors, net disbursement, by recipient countries",Other LICs,Medical research,Normal value,Thousands,GBP (£ thousands),1781.109386
2011,"Total official development assistance to medical research and basic heath sectors, net disbursement, by recipient countries",Other LICs,,Normal value,Thousands,GBP (£ thousands),22376.621886
2012,"Total official development assistance to medical research and basic heath sectors, net disbursement, by recipient countries",Other LICs,Basic health,Normal value,Thousands,GBP (£ thousands),13408.86045
2012,"Total official development assistance to medical research and basic heath sectors, net disbursement, by recipient countries",Other LICs,Medical research,Normal value,Thousands,GBP (£ thousands),2031.866211
2012,"Total official development assistance to medical research and basic heath sectors, net disbursement, by recipient countries",Other LICs,,Normal value,Thousands,GBP (£ thousands),15440.726661
2013,"Total official development assistance to medical research and basic heath sectors, net disbursement, by recipient countries",Other LICs,Basic health,Normal value,Thousands,GBP (£ thousands),14691.812553
2013,"Total official development assistance to medical research and basic heath sectors, net disbursement, by recipient countries",Other LICs,Medical research,Normal value,Thousands,GBP (£ thousands),897.88883
2013,"Total official development assistance to medical research and basic heath sectors, net disbursement, by recipient countries",Other LICs,,Normal value,Thousands,GBP (£ thousands),15589.701383
2014,"Total official development assistance to medical research and basic heath sectors, net disbursement, by recipient countries",Other LICs,Basic health,Normal value,Thousands,GBP (£ thousands),7689.493452
2014,"Total official development assistance to medical research and basic heath sectors, net disbursement, by recipient countries",Other LICs,Medical research,Normal value,Thousands,GBP (£ thousands),1466.7556
2014,"Total official development assistance to medical research and basic heath sectors, net disbursement, by recipient countries",Other LICs,,Normal value,Thousands,GBP (£ thousands),9156.249052
2015,"Total official development assistance to medical research and basic heath sectors, net disbursement, by recipient countries",Other LICs,Basic health,Normal value,Thousands,GBP (£ thousands),10275.367881
2015,"Total official development assistance to medical research and basic heath sectors, net disbursement, by recipient countries",Other LICs,Medical research,Normal value,Thousands,GBP (£ thousands),11.23115
2015,"Total official development assistance to medical research and basic heath sectors, net disbursement, by recipient countries",Other LICs,,Normal value,Thousands,GBP (£ thousands),10286.599031
2016,"Total official development assistance to medical research and basic heath sectors, net disbursement, by recipient countries",Other LICs,Basic health,Normal value,Thousands,GBP (£ thousands),11142.12085
2016,"Total official development assistance to medical research and basic heath sectors, net disbursement, by recipient countries",Other LICs,Medical research,Normal value,Thousands,GBP (£ thousands),105.1804
2016,"Total official development assistance to medical research and basic heath sectors, net disbursement, by recipient countries",Other LICs,,Normal value,Thousands,GBP (£ thousands),11247.30125
2017,"Total official development assistance to medical research and basic heath sectors, net disbursement, by recipient countries",Other LICs,Basic health,Normal value,Thousands,GBP (£ thousands),26165.196009
2017,"Total official development assistance to medical research and basic heath sectors, net disbursement, by recipient countries",Other LICs,Medical research,Normal value,Thousands,GBP (£ thousands),5220.263825
2017,"Total official development assistance to medical research and basic heath sectors, net disbursement, by recipient countries",Other LICs,,Normal value,Thousands,GBP (£ thousands),31385.459834
2018,"Total official development assistance to medical research and basic heath sectors, net disbursement, by recipient countries",Other LICs,Basic health,Normal value,Thousands,GBP (£ thousands),17497.816642
2018,"Total official development assistance to medical research and basic heath sectors, net disbursement, by recipient countries",Other LICs,Medical research,Normal value,Thousands,GBP (£ thousands),511.80668
2018,"Total official development assistance to medical research and basic heath sectors, net disbursement, by recipient countries",Other LICs,,Normal value,Thousands,GBP (£ thousands),18009.623322
2019,"Total official development assistance to medical research and basic heath sectors, net disbursement, by recipient countries",Other LICs,Basic health,Normal value,Thousands,GBP (£ thousands),20491.004236
2019,"Total official development assistance to medical research and basic heath sectors, net disbursement, by recipient countries",Other LICs,Medical research,Normal value,Thousands,GBP (£ thousands),626.3712
2019,"Total official development assistance to medical research and basic heath sectors, net disbursement, by recipient countries",Other LICs,,Normal value,Thousands,GBP (£ thousands),21117.375436
2020,"Total official development assistance to medical research and basic heath sectors, net disbursement, by recipient countries",Other LICs,Basic health,Normal value,Thousands,GBP (£ thousands),21163.861646
2020,"Total official development assistance to medical research and basic heath sectors, net disbursement, by recipient countries",Other LICs,Medical research,Normal value,Thousands,GBP (£ thousands),578.973442
2020,"Total official development assistance to medical research and basic heath sectors, net disbursement, by recipient countries",Other LICs,,Normal value,Thousands,GBP (£ thousands),21742.835088
2009,"Total official development assistance to medical research and basic heath sectors, net disbursement, by recipient countries",UMICs,Basic health,Normal value,Thousands,GBP (£ thousands),773.25
2009,"Total official development assistance to medical research and basic heath sectors, net disbursement, by recipient countries",UMICs,,Normal value,Thousands,GBP (£ thousands),773.25
2010,"Total official development assistance to medical research and basic heath sectors, net disbursement, by recipient countries",UMICs,Basic health,Normal value,Thousands,GBP (£ thousands),223.09498
2010,"Total official development assistance to medical research and basic heath sectors, net disbursement, by recipient countries",UMICs,,Normal value,Thousands,GBP (£ thousands),223.09498
2011,"Total official development assistance to medical research and basic heath sectors, net disbursement, by recipient countries",UMICs,Basic health,Normal value,Thousands,GBP (£ thousands),2193.35735
2011,"Total official development assistance to medical research and basic heath sectors, net disbursement, by recipient countries",UMICs,Medical research,Normal value,Thousands,GBP (£ thousands),2353.567797
2011,"Total official development assistance to medical research and basic heath sectors, net disbursement, by recipient countries",UMICs,,Normal value,Thousands,GBP (£ thousands),4546.925147
2012,"Total official development assistance to medical research and basic heath sectors, net disbursement, by recipient countries",UMICs,Basic health,Normal value,Thousands,GBP (£ thousands),2161.05234
2012,"Total official development assistance to medical research and basic heath sectors, net disbursement, by recipient countries",UMICs,Medical research,Normal value,Thousands,GBP (£ thousands),1866.863187
2012,"Total official development assistance to medical research and basic heath sectors, net disbursement, by recipient countries",UMICs,,Normal value,Thousands,GBP (£ thousands),4027.915527
2013,"Total official development assistance to medical research and basic heath sectors, net disbursement, by recipient countries",UMICs,Basic health,Normal value,Thousands,GBP (£ thousands),12539.968446
2013,"Total official development assistance to medical research and basic heath sectors, net disbursement, by recipient countries",UMICs,Medical research,Normal value,Thousands,GBP (£ thousands),1280.881494
2013,"Total official development assistance to medical research and basic heath sectors, net disbursement, by recipient countries",UMICs,,Normal value,Thousands,GBP (£ thousands),13820.84994
2014,"Total official development assistance to medical research and basic heath sectors, net disbursement, by recipient countries",UMICs,Basic health,Normal value,Thousands,GBP (£ thousands),405.710951
2014,"Total official development assistance to medical research and basic heath sectors, net disbursement, by recipient countries",UMICs,,Normal value,Thousands,GBP (£ thousands),405.710951
2015,"Total official development assistance to medical research and basic heath sectors, net disbursement, by recipient countries",UMICs,Basic health,Normal value,Thousands,GBP (£ thousands),1838.825647
2015,"Total official development assistance to medical research and basic heath sectors, net disbursement, by recipient countries",UMICs,Medical research,Normal value,Thousands,GBP (£ thousands),4604.096188
2015,"Total official development assistance to medical research and basic heath sectors, net disbursement, by recipient countries",UMICs,,Normal value,Thousands,GBP (£ thousands),6442.921835
2016,"Total official development assistance to medical research and basic heath sectors, net disbursement, by recipient countries",UMICs,Basic health,Normal value,Thousands,GBP (£ thousands),7965.071329
2016,"Total official development assistance to medical research and basic heath sectors, net disbursement, by recipient countries",UMICs,Medical research,Normal value,Thousands,GBP (£ thousands),6569.129616
2016,"Total official development assistance to medical research and basic heath sectors, net disbursement, by recipient countries",UMICs,,Normal value,Thousands,GBP (£ thousands),14534.200945
2017,"Total official development assistance to medical research and basic heath sectors, net disbursement, by recipient countries",UMICs,Basic health,Normal value,Thousands,GBP (£ thousands),2275.950388
2017,"Total official development assistance to medical research and basic heath sectors, net disbursement, by recipient countries",UMICs,Medical research,Normal value,Thousands,GBP (£ thousands),15031.776129
2017,"Total official development assistance to medical research and basic heath sectors, net disbursement, by recipient countries",UMICs,,Normal value,Thousands,GBP (£ thousands),17307.726517
2018,"Total official development assistance to medical research and basic heath sectors, net disbursement, by recipient countries",UMICs,Basic health,Normal value,Thousands,GBP (£ thousands),1803.744931
2018,"Total official development assistance to medical research and basic heath sectors, net disbursement, by recipient countries",UMICs,Medical research,Normal value,Thousands,GBP (£ thousands),22710.300837
2018,"Total official development assistance to medical research and basic heath sectors, net disbursement, by recipient countries",UMICs,,Normal value,Thousands,GBP (£ thousands),24514.045768
2019,"Total official development assistance to medical research and basic heath sectors, net disbursement, by recipient countries",UMICs,Basic health,Normal value,Thousands,GBP (£ thousands),4130.45584
2019,"Total official development assistance to medical research and basic heath sectors, net disbursement, by recipient countries",UMICs,Medical research,Normal value,Thousands,GBP (£ thousands),17625.25371
2019,"Total official development assistance to medical research and basic heath sectors, net disbursement, by recipient countries",UMICs,,Normal value,Thousands,GBP (£ thousands),21755.70955
2020,"Total official development assistance to medical research and basic heath sectors, net disbursement, by recipient countries",UMICs,Basic health,Normal value,Thousands,GBP (£ thousands),11410.413656
2020,"Total official development assistance to medical research and basic heath sectors, net disbursement, by recipient countries",UMICs,Medical research,Normal value,Thousands,GBP (£ thousands),14124.942753
2020,"Total official development assistance to medical research and basic heath sectors, net disbursement, by recipient countries",UMICs,,Normal value,Thousands,GBP (£ thousands),25535.356409
2009,"Total official development assistance to medical research and basic heath sectors, net disbursement, by recipient countries",Unspecified,Basic health,Normal value,Thousands,GBP (£ thousands),93685.34
2009,"Total official development assistance to medical research and basic heath sectors, net disbursement, by recipient countries",Unspecified,Medical research,Normal value,Thousands,GBP (£ thousands),19628.48
2009,"Total official development assistance to medical research and basic heath sectors, net disbursement, by recipient countries",Unspecified,,Normal value,Thousands,GBP (£ thousands),113313.82
2010,"Total official development assistance to medical research and basic heath sectors, net disbursement, by recipient countries",Unspecified,Basic health,Normal value,Thousands,GBP (£ thousands),84164.46252
2010,"Total official development assistance to medical research and basic heath sectors, net disbursement, by recipient countries",Unspecified,Medical research,Normal value,Thousands,GBP (£ thousands),52611.9137
2010,"Total official development assistance to medical research and basic heath sectors, net disbursement, by recipient countries",Unspecified,,Normal value,Thousands,GBP (£ thousands),136776.37622
2011,"Total official development assistance to medical research and basic heath sectors, net disbursement, by recipient countries",Unspecified,Basic health,Normal value,Thousands,GBP (£ thousands),173323.379665
2011,"Total official development assistance to medical research and basic heath sectors, net disbursement, by recipient countries",Unspecified,Medical research,Normal value,Thousands,GBP (£ thousands),54109.901093
2011,"Total official development assistance to medical research and basic heath sectors, net disbursement, by recipient countries",Unspecified,,Normal value,Thousands,GBP (£ thousands),227433.280758
2012,"Total official development assistance to medical research and basic heath sectors, net disbursement, by recipient countries",Unspecified,Basic health,Normal value,Thousands,GBP (£ thousands),147963.18358
2012,"Total official development assistance to medical research and basic heath sectors, net disbursement, by recipient countries",Unspecified,Medical research,Normal value,Thousands,GBP (£ thousands),61312.80145
2012,"Total official development assistance to medical research and basic heath sectors, net disbursement, by recipient countries",Unspecified,,Normal value,Thousands,GBP (£ thousands),209275.98503
2013,"Total official development assistance to medical research and basic heath sectors, net disbursement, by recipient countries",Unspecified,Basic health,Normal value,Thousands,GBP (£ thousands),350205.929722
2013,"Total official development assistance to medical research and basic heath sectors, net disbursement, by recipient countries",Unspecified,Medical research,Normal value,Thousands,GBP (£ thousands),70490.446058
2013,"Total official development assistance to medical research and basic heath sectors, net disbursement, by recipient countries",Unspecified,,Normal value,Thousands,GBP (£ thousands),420696.37578
2014,"Total official development assistance to medical research and basic heath sectors, net disbursement, by recipient countries",Unspecified,Basic health,Normal value,Thousands,GBP (£ thousands),242479.03241
2014,"Total official development assistance to medical research and basic heath sectors, net disbursement, by recipient countries",Unspecified,Medical research,Normal value,Thousands,GBP (£ thousands),60140.06078
2014,"Total official development assistance to medical research and basic heath sectors, net disbursement, by recipient countries",Unspecified,,Normal value,Thousands,GBP (£ thousands),302619.09319
2015,"Total official development assistance to medical research and basic heath sectors, net disbursement, by recipient countries",Unspecified,Basic health,Normal value,Thousands,GBP (£ thousands),204576.814741
2015,"Total official development assistance to medical research and basic heath sectors, net disbursement, by recipient countries",Unspecified,Medical research,Normal value,Thousands,GBP (£ thousands),75785.37444
2015,"Total official development assistance to medical research and basic heath sectors, net disbursement, by recipient countries",Unspecified,,Normal value,Thousands,GBP (£ thousands),280362.189181
2016,"Total official development assistance to medical research and basic heath sectors, net disbursement, by recipient countries",Unspecified,Basic health,Normal value,Thousands,GBP (£ thousands),168043.123224
2016,"Total official development assistance to medical research and basic heath sectors, net disbursement, by recipient countries",Unspecified,Medical research,Normal value,Thousands,GBP (£ thousands),81158.692278
2016,"Total official development assistance to medical research and basic heath sectors, net disbursement, by recipient countries",Unspecified,,Normal value,Thousands,GBP (£ thousands),249201.815502
2017,"Total official development assistance to medical research and basic heath sectors, net disbursement, by recipient countries",Unspecified,Basic health,Normal value,Thousands,GBP (£ thousands),199254.256771
2017,"Total official development assistance to medical research and basic heath sectors, net disbursement, by recipient countries",Unspecified,Medical research,Normal value,Thousands,GBP (£ thousands),178560.734795
2017,"Total official development assistance to medical research and basic heath sectors, net disbursement, by recipient countries",Unspecified,,Normal value,Thousands,GBP (£ thousands),377814.991566
2018,"Total official development assistance to medical research and basic heath sectors, net disbursement, by recipient countries",Unspecified,Basic health,Normal value,Thousands,GBP (£ thousands),182160.898406
2018,"Total official development assistance to medical research and basic heath sectors, net disbursement, by recipient countries",Unspecified,Medical research,Normal value,Thousands,GBP (£ thousands),266327.937212
2018,"Total official development assistance to medical research and basic heath sectors, net disbursement, by recipient countries",Unspecified,,Normal value,Thousands,GBP (£ thousands),448488.835618
2019,"Total official development assistance to medical research and basic heath sectors, net disbursement, by recipient countries",Unspecified,Basic health,Normal value,Thousands,GBP (£ thousands),174756.797295
2019,"Total official development assistance to medical research and basic heath sectors, net disbursement, by recipient countries",Unspecified,Medical research,Normal value,Thousands,GBP (£ thousands),258944.629905
2019,"Total official development assistance to medical research and basic heath sectors, net disbursement, by recipient countries",Unspecified,,Normal value,Thousands,GBP (£ thousands),433701.4272
2020,"Total official development assistance to medical research and basic heath sectors, net disbursement, by recipient countries",Unspecified,Basic health,Normal value,Thousands,GBP (£ thousands),489530.222587
2020,"Total official development assistance to medical research and basic heath sectors, net disbursement, by recipient countries",Unspecified,Medical research,Normal value,Thousands,GBP (£ thousands),305450.005974
2020,"Total official development assistance to medical research and basic heath sectors, net disbursement, by recipient countries",Unspecified,,Normal value,Thousands,GBP (£ thousands),794980.228561
2009,"Total official development assistance to medical research and basic heath sectors, net disbursement, by recipient countries",,,Normal value,Thousands,GBP (£ thousands),273706.16
2010,"Total official development assistance to medical research and basic heath sectors, net disbursement, by recipient countries",,,Normal value,Thousands,GBP (£ thousands),324857.4027
2011,"Total official development assistance to medical research and basic heath sectors, net disbursement, by recipient countries",,,Normal value,Thousands,GBP (£ thousands),490791.755095
2012,"Total official development assistance to medical research and basic heath sectors, net disbursement, by recipient countries",,,Normal value,Thousands,GBP (£ thousands),557455.155661
2013,"Total official development assistance to medical research and basic heath sectors, net disbursement, by recipient countries",,,Normal value,Thousands,GBP (£ thousands),817519.83779
2014,"Total official development assistance to medical research and basic heath sectors, net disbursement, by recipient countries",,,Normal value,Thousands,GBP (£ thousands),652950.029878
2015,"Total official development assistance to medical research and basic heath sectors, net disbursement, by recipient countries",,,Normal value,Thousands,GBP (£ thousands),543329.123967
2016,"Total official development assistance to medical research and basic heath sectors, net disbursement, by recipient countries",,,Normal value,Thousands,GBP (£ thousands),593232.218841
2017,"Total official development assistance to medical research and basic heath sectors, net disbursement, by recipient countries",,,Normal value,Thousands,GBP (£ thousands),767594.845852
2018,"Total official development assistance to medical research and basic heath sectors, net disbursement, by recipient countries",,,Normal value,Thousands,GBP (£ thousands),779790.792588
2019,"Total official development assistance to medical research and basic heath sectors, net disbursement, by recipient countries",,,Normal value,Thousands,GBP (£ thousands),822382.885975
2020,"Total official development assistance to medical research and basic heath sectors, net disbursement, by recipient countries",,,Normal value,Thousands,GBP (£ thousands),1110232.546981
2009,"Total official development assistance to medical research and basic heath sectors, net disbursement, by recipient countries",LDCs,Basic health,Normal value,Thousands,Constant USD ($ thousands),129800.09823287846
2009,"Total official development assistance to medical research and basic heath sectors, net disbursement, by recipient countries",LDCs,Medical research,Normal value,Thousands,Constant USD ($ thousands),1383.8835626818873
2009,"Total official development assistance to medical research and basic heath sectors, net disbursement, by recipient countries",LDCs,,Normal value,Thousands,Constant USD ($ thousands),131183.9817955604
2010,"Total official development assistance to medical research and basic heath sectors, net disbursement, by recipient countries",LDCs,Basic health,Normal value,Thousands,Constant USD ($ thousands),131421.6250876222
2010,"Total official development assistance to medical research and basic heath sectors, net disbursement, by recipient countries",LDCs,Medical research,Normal value,Thousands,Constant USD ($ thousands),1008.6798715073636
2010,"Total official development assistance to medical research and basic heath sectors, net disbursement, by recipient countries",LDCs,,Normal value,Thousands,Constant USD ($ thousands),132430.30495912954
2011,"Total official development assistance to medical research and basic heath sectors, net disbursement, by recipient countries",LDCs,Basic health,Normal value,Thousands,Constant USD ($ thousands),247373.0567227132
2011,"Total official development assistance to medical research and basic heath sectors, net disbursement, by recipient countries",LDCs,Medical research,Normal value,Thousands,Constant USD ($ thousands),11747.41283543592
2011,"Total official development assistance to medical research and basic heath sectors, net disbursement, by recipient countries",LDCs,,Normal value,Thousands,Constant USD ($ thousands),259120.46955814908
2012,"Total official development assistance to medical research and basic heath sectors, net disbursement, by recipient countries",LDCs,Basic health,Normal value,Thousands,Constant USD ($ thousands),345409.1365447892
2012,"Total official development assistance to medical research and basic heath sectors, net disbursement, by recipient countries",LDCs,Medical research,Normal value,Thousands,Constant USD ($ thousands),23656.99376645021
2012,"Total official development assistance to medical research and basic heath sectors, net disbursement, by recipient countries",LDCs,,Normal value,Thousands,Constant USD ($ thousands),369066.1303112394
2013,"Total official development assistance to medical research and basic heath sectors, net disbursement, by recipient countries",LDCs,Basic health,Normal value,Thousands,Constant USD ($ thousands),413146.6764278293
2013,"Total official development assistance to medical research and basic heath sectors, net disbursement, by recipient countries",LDCs,Medical research,Normal value,Thousands,Constant USD ($ thousands),6708.451903258439
2013,"Total official development assistance to medical research and basic heath sectors, net disbursement, by recipient countries",LDCs,,Normal value,Thousands,Constant USD ($ thousands),419855.1283310877
2014,"Total official development assistance to medical research and basic heath sectors, net disbursement, by recipient countries",LDCs,Basic health,Normal value,Thousands,Constant USD ($ thousands),384960.3680224024
2014,"Total official development assistance to medical research and basic heath sectors, net disbursement, by recipient countries",LDCs,Medical research,Normal value,Thousands,Constant USD ($ thousands),5048.446671507579
2014,"Total official development assistance to medical research and basic heath sectors, net disbursement, by recipient countries",LDCs,,Normal value,Thousands,Constant USD ($ thousands),390008.81469391
2015,"Total official development assistance to medical research and basic heath sectors, net disbursement, by recipient countries",LDCs,Basic health,Normal value,Thousands,Constant USD ($ thousands),274514.88005768246
2015,"Total official development assistance to medical research and basic heath sectors, net disbursement, by recipient countries",LDCs,Medical research,Normal value,Thousands,Constant USD ($ thousands),3275.977286089158
2015,"Total official development assistance to medical research and basic heath sectors, net disbursement, by recipient countries",LDCs,,Normal value,Thousands,Constant USD ($ thousands),277790.8573437716
2016,"Total official development assistance to medical research and basic heath sectors, net disbursement, by recipient countries",LDCs,Basic health,Normal value,Thousands,Constant USD ($ thousands),312717.6442323127
2016,"Total official development assistance to medical research and basic heath sectors, net disbursement, by recipient countries",LDCs,Medical research,Normal value,Thousands,Constant USD ($ thousands),15256.779319979909
2016,"Total official development assistance to medical research and basic heath sectors, net disbursement, by recipient countries",LDCs,,Normal value,Thousands,Constant USD ($ thousands),327974.4235522926
2017,"Total official development assistance to medical research and basic heath sectors, net disbursement, by recipient countries",LDCs,Basic health,Normal value,Thousands,Constant USD ($ thousands),242108.4920807001
2017,"Total official development assistance to medical research and basic heath sectors, net disbursement, by recipient countries",LDCs,Medical research,Normal value,Thousands,Constant USD ($ thousands),42591.545856910656
2017,"Total official development assistance to medical research and basic heath sectors, net disbursement, by recipient countries",LDCs,,Normal value,Thousands,Constant USD ($ thousands),284700.03793761064
2018,"Total official development assistance to medical research and basic heath sectors, net disbursement, by recipient countries",LDCs,Basic health,Normal value,Thousands,Constant USD ($ thousands),199382.59897377808
2018,"Total official development assistance to medical research and basic heath sectors, net disbursement, by recipient countries",LDCs,Medical research,Normal value,Thousands,Constant USD ($ thousands),43473.33528313315
2018,"Total official development assistance to medical research and basic heath sectors, net disbursement, by recipient countries",LDCs,,Normal value,Thousands,Constant USD ($ thousands),242855.9342569112
2019,"Total official development assistance to medical research and basic heath sectors, net disbursement, by recipient countries",LDCs,Basic health,Normal value,Thousands,Constant USD ($ thousands),308661.7488169985
2019,"Total official development assistance to medical research and basic heath sectors, net disbursement, by recipient countries",LDCs,Medical research,Normal value,Thousands,Constant USD ($ thousands),44638.536979326185
2019,"Total official development assistance to medical research and basic heath sectors, net disbursement, by recipient countries",LDCs,,Normal value,Thousands,Constant USD ($ thousands),353300.2857963247
2020,"Total official development assistance to medical research and basic heath sectors, net disbursement, by recipient countries",LDCs,Basic health,Normal value,Thousands,Constant USD ($ thousands),188323.0316751008
2020,"Total official development assistance to medical research and basic heath sectors, net disbursement, by recipient countries",LDCs,Medical research,Normal value,Thousands,Constant USD ($ thousands),45055.0977489513
2020,"Total official development assistance to medical research and basic heath sectors, net disbursement, by recipient countries",LDCs,,Normal value,Thousands,Constant USD ($ thousands),233378.1294240521
2009,"Total official development assistance to medical research and basic heath sectors, net disbursement, by recipient countries",LMICs,Basic health,Normal value,Thousands,Constant USD ($ thousands),20294.651989408965
2009,"Total official development assistance to medical research and basic heath sectors, net disbursement, by recipient countries",LMICs,Medical research,Normal value,Thousands,Constant USD ($ thousands),1.5701351254239209
2009,"Total official development assistance to medical research and basic heath sectors, net disbursement, by recipient countries",LMICs,,Normal value,Thousands,Constant USD ($ thousands),20296.22212453439
2010,"Total official development assistance to medical research and basic heath sectors, net disbursement, by recipient countries",LMICs,Basic health,Normal value,Thousands,Constant USD ($ thousands),30321.28513373861
2010,"Total official development assistance to medical research and basic heath sectors, net disbursement, by recipient countries",LMICs,Medical research,Normal value,Thousands,Constant USD ($ thousands),22.504451260623146
2010,"Total official development assistance to medical research and basic heath sectors, net disbursement, by recipient countries",LMICs,,Normal value,Thousands,Constant USD ($ thousands),30343.789584999235
2011,"Total official development assistance to medical research and basic heath sectors, net disbursement, by recipient countries",LMICs,Basic health,Normal value,Thousands,Constant USD ($ thousands),85860.85706255313
2011,"Total official development assistance to medical research and basic heath sectors, net disbursement, by recipient countries",LMICs,Medical research,Normal value,Thousands,Constant USD ($ thousands),2556.403210145322
2011,"Total official development assistance to medical research and basic heath sectors, net disbursement, by recipient countries",LMICs,,Normal value,Thousands,Constant USD ($ thousands),88417.26027269846
2012,"Total official development assistance to medical research and basic heath sectors, net disbursement, by recipient countries",LMICs,Basic health,Normal value,Thousands,Constant USD ($ thousands),102793.72297609205
2012,"Total official development assistance to medical research and basic heath sectors, net disbursement, by recipient countries",LMICs,Medical research,Normal value,Thousands,Constant USD ($ thousands),3444.0672387968684
2012,"Total official development assistance to medical research and basic heath sectors, net disbursement, by recipient countries",LMICs,,Normal value,Thousands,Constant USD ($ thousands),106237.79021488893
2013,"Total official development assistance to medical research and basic heath sectors, net disbursement, by recipient countries",LMICs,Basic health,Normal value,Thousands,Constant USD ($ thousands),101292.8945459697
2013,"Total official development assistance to medical research and basic heath sectors, net disbursement, by recipient countries",LMICs,Medical research,Normal value,Thousands,Constant USD ($ thousands),824.6206273482883
2013,"Total official development assistance to medical research and basic heath sectors, net disbursement, by recipient countries",LMICs,,Normal value,Thousands,Constant USD ($ thousands),102117.51517331798
2014,"Total official development assistance to medical research and basic heath sectors, net disbursement, by recipient countries",LMICs,Basic health,Normal value,Thousands,Constant USD ($ thousands),84887.53229140688
2014,"Total official development assistance to medical research and basic heath sectors, net disbursement, by recipient countries",LMICs,Medical research,Normal value,Thousands,Constant USD ($ thousands),984.9935154904332
2014,"Total official development assistance to medical research and basic heath sectors, net disbursement, by recipient countries",LMICs,,Normal value,Thousands,Constant USD ($ thousands),85872.52580689732
2015,"Total official development assistance to medical research and basic heath sectors, net disbursement, by recipient countries",LMICs,Basic health,Normal value,Thousands,Constant USD ($ thousands),59845.448161805936
2015,"Total official development assistance to medical research and basic heath sectors, net disbursement, by recipient countries",LMICs,Medical research,Normal value,Thousands,Constant USD ($ thousands),3973.766752603078
2015,"Total official development assistance to medical research and basic heath sectors, net disbursement, by recipient countries",LMICs,,Normal value,Thousands,Constant USD ($ thousands),63819.21491440902
2016,"Total official development assistance to medical research and basic heath sectors, net disbursement, by recipient countries",LMICs,Basic health,Normal value,Thousands,Constant USD ($ thousands),99325.74237610953
2016,"Total official development assistance to medical research and basic heath sectors, net disbursement, by recipient countries",LMICs,Medical research,Normal value,Thousands,Constant USD ($ thousands),4914.8952570308
2016,"Total official development assistance to medical research and basic heath sectors, net disbursement, by recipient countries",LMICs,,Normal value,Thousands,Constant USD ($ thousands),104240.6376331403
2017,"Total official development assistance to medical research and basic heath sectors, net disbursement, by recipient countries",LMICs,Basic health,Normal value,Thousands,Constant USD ($ thousands),148032.49816557634
2017,"Total official development assistance to medical research and basic heath sectors, net disbursement, by recipient countries",LMICs,Medical research,Normal value,Thousands,Constant USD ($ thousands),21691.71556637686
2017,"Total official development assistance to medical research and basic heath sectors, net disbursement, by recipient countries",LMICs,,Normal value,Thousands,Constant USD ($ thousands),169724.21373195318
2018,"Total official development assistance to medical research and basic heath sectors, net disbursement, by recipient countries",LMICs,Basic health,Normal value,Thousands,Constant USD ($ thousands),105718.0346152426
2018,"Total official development assistance to medical research and basic heath sectors, net disbursement, by recipient countries",LMICs,Medical research,Normal value,Thousands,Constant USD ($ thousands),27696.06002466143
2018,"Total official development assistance to medical research and basic heath sectors, net disbursement, by recipient countries",LMICs,,Normal value,Thousands,Constant USD ($ thousands),133414.094639904
2019,"Total official development assistance to medical research and basic heath sectors, net disbursement, by recipient countries",LMICs,Basic health,Normal value,Thousands,Constant USD ($ thousands),60028.29618555386
2019,"Total official development assistance to medical research and basic heath sectors, net disbursement, by recipient countries",LMICs,Medical research,Normal value,Thousands,Constant USD ($ thousands),27978.684211332315
2019,"Total official development assistance to medical research and basic heath sectors, net disbursement, by recipient countries",LMICs,,Normal value,Thousands,Constant USD ($ thousands),88006.98039688617
2020,"Total official development assistance to medical research and basic heath sectors, net disbursement, by recipient countries",LMICs,Basic health,Normal value,Thousands,Constant USD ($ thousands),70771.98620741264
2020,"Total official development assistance to medical research and basic heath sectors, net disbursement, by recipient countries",LMICs,Medical research,Normal value,Thousands,Constant USD ($ thousands),18701.97784414988
2020,"Total official development assistance to medical research and basic heath sectors, net disbursement, by recipient countries",LMICs,,Normal value,Thousands,Constant USD ($ thousands),89473.96405156254
2009,"Total official development assistance to medical research and basic heath sectors, net disbursement, by recipient countries",Other LICs,Basic health,Normal value,Thousands,Constant USD ($ thousands),91154.81971172984
2009,"Total official development assistance to medical research and basic heath sectors, net disbursement, by recipient countries",Other LICs,Medical research,Normal value,Thousands,Constant USD ($ thousands),688.8015110900958
2009,"Total official development assistance to medical research and basic heath sectors, net disbursement, by recipient countries",Other LICs,,Normal value,Thousands,Constant USD ($ thousands),91843.62122281991
2010,"Total official development assistance to medical research and basic heath sectors, net disbursement, by recipient countries",Other LICs,Basic health,Normal value,Thousands,Constant USD ($ thousands),115605.18446989052
2010,"Total official development assistance to medical research and basic heath sectors, net disbursement, by recipient countries",Other LICs,Medical research,Normal value,Thousands,Constant USD ($ thousands),3463.365210196157
2010,"Total official development assistance to medical research and basic heath sectors, net disbursement, by recipient countries",Other LICs,,Normal value,Thousands,Constant USD ($ thousands),119068.5496800867
2011,"Total official development assistance to medical research and basic heath sectors, net disbursement, by recipient countries",Other LICs,Basic health,Normal value,Thousands,Constant USD ($ thousands),30273.520670445163
2011,"Total official development assistance to medical research and basic heath sectors, net disbursement, by recipient countries",Other LICs,Medical research,Normal value,Thousands,Constant USD ($ thousands),2618.0679802648706
2011,"Total official development assistance to medical research and basic heath sectors, net disbursement, by recipient countries",Other LICs,,Normal value,Thousands,Constant USD ($ thousands),32891.58865071004
2012,"Total official development assistance to medical research and basic heath sectors, net disbursement, by recipient countries",Other LICs,Basic health,Normal value,Thousands,Constant USD ($ thousands),19388.74295222918
2012,"Total official development assistance to medical research and basic heath sectors, net disbursement, by recipient countries",Other LICs,Medical research,Normal value,Thousands,Constant USD ($ thousands),2938.0074336144544
2012,"Total official development assistance to medical research and basic heath sectors, net disbursement, by recipient countries",Other LICs,,Normal value,Thousands,Constant USD ($ thousands),22326.750385843632
2013,"Total official development assistance to medical research and basic heath sectors, net disbursement, by recipient countries",Other LICs,Basic health,Normal value,Thousands,Constant USD ($ thousands),20872.22308497925
2013,"Total official development assistance to medical research and basic heath sectors, net disbursement, by recipient countries",Other LICs,Medical research,Normal value,Thousands,Constant USD ($ thousands),1275.604075240138
2013,"Total official development assistance to medical research and basic heath sectors, net disbursement, by recipient countries",Other LICs,,Normal value,Thousands,Constant USD ($ thousands),22147.827160219396
2014,"Total official development assistance to medical research and basic heath sectors, net disbursement, by recipient countries",Other LICs,Basic health,Normal value,Thousands,Constant USD ($ thousands),10738.320393210295
2014,"Total official development assistance to medical research and basic heath sectors, net disbursement, by recipient countries",Other LICs,Medical research,Normal value,Thousands,Constant USD ($ thousands),2048.313282227814
2014,"Total official development assistance to medical research and basic heath sectors, net disbursement, by recipient countries",Other LICs,,Normal value,Thousands,Constant USD ($ thousands),12786.633675438112
2015,"Total official development assistance to medical research and basic heath sectors, net disbursement, by recipient countries",Other LICs,Basic health,Normal value,Thousands,Constant USD ($ thousands),14255.222666723654
2015,"Total official development assistance to medical research and basic heath sectors, net disbursement, by recipient countries",Other LICs,Medical research,Normal value,Thousands,Constant USD ($ thousands),15.58119825076201
2015,"Total official development assistance to medical research and basic heath sectors, net disbursement, by recipient countries",Other LICs,,Normal value,Thousands,Constant USD ($ thousands),14270.803864974414
2016,"Total official development assistance to medical research and basic heath sectors, net disbursement, by recipient countries",Other LICs,Basic health,Normal value,Thousands,Constant USD ($ thousands),15132.157338507845
2016,"Total official development assistance to medical research and basic heath sectors, net disbursement, by recipient countries",Other LICs,Medical research,Normal value,Thousands,Constant USD ($ thousands),142.84590726972692
2016,"Total official development assistance to medical research and basic heath sectors, net disbursement, by recipient countries",Other LICs,,Normal value,Thousands,Constant USD ($ thousands),15275.003245777574
2017,"Total official development assistance to medical research and basic heath sectors, net disbursement, by recipient countries",Other LICs,Basic health,Normal value,Thousands,Constant USD ($ thousands),34859.467501799714
2017,"Total official development assistance to medical research and basic heath sectors, net disbursement, by recipient countries",Other LICs,Medical research,Normal value,Thousands,Constant USD ($ thousands),6954.873072451448
2017,"Total official development assistance to medical research and basic heath sectors, net disbursement, by recipient countries",Other LICs,,Normal value,Thousands,Constant USD ($ thousands),41814.34057425117
2018,"Total official development assistance to medical research and basic heath sectors, net disbursement, by recipient countries",Other LICs,Basic health,Normal value,Thousands,Constant USD ($ thousands),22799.16548384141
2018,"Total official development assistance to medical research and basic heath sectors, net disbursement, by recipient countries",Other LICs,Medical research,Normal value,Thousands,Constant USD ($ thousands),666.8697833446794
2018,"Total official development assistance to medical research and basic heath sectors, net disbursement, by recipient countries",Other LICs,,Normal value,Thousands,Constant USD ($ thousands),23466.03526718609
2019,"Total official development assistance to medical research and basic heath sectors, net disbursement, by recipient countries",Other LICs,Basic health,Normal value,Thousands,Constant USD ($ thousands),26149.82674323635
2019,"Total official development assistance to medical research and basic heath sectors, net disbursement, by recipient countries",Other LICs,Medical research,Normal value,Thousands,Constant USD ($ thousands),799.3506891271057
2019,"Total official development assistance to medical research and basic heath sectors, net disbursement, by recipient countries",Other LICs,,Normal value,Thousands,Constant USD ($ thousands),26949.17743236345
2020,"Total official development assistance to medical research and basic heath sectors, net disbursement, by recipient countries",Other LICs,Basic health,Normal value,Thousands,Constant USD ($ thousands),25497.97294573409
2020,"Total official development assistance to medical research and basic heath sectors, net disbursement, by recipient countries",Other LICs,Medical research,Normal value,Thousands,Constant USD ($ thousands),697.5404303498037
2020,"Total official development assistance to medical research and basic heath sectors, net disbursement, by recipient countries",Other LICs,,Normal value,Thousands,Constant USD ($ thousands),26195.513376083894
2009,"Total official development assistance to medical research and basic heath sectors, net disbursement, by recipient countries",UMICs,Basic health,Normal value,Thousands,Constant USD ($ thousands),1178.7446463437348
2009,"Total official development assistance to medical research and basic heath sectors, net disbursement, by recipient countries",UMICs,,Normal value,Thousands,Constant USD ($ thousands),1178.7446463437348
2010,"Total official development assistance to medical research and basic heath sectors, net disbursement, by recipient countries",UMICs,Basic health,Normal value,Thousands,Constant USD ($ thousands),334.7086735933131
2010,"Total official development assistance to medical research and basic heath sectors, net disbursement, by recipient countries",UMICs,,Normal value,Thousands,Constant USD ($ thousands),334.7086735933131
2011,"Total official development assistance to medical research and basic heath sectors, net disbursement, by recipient countries",UMICs,Basic health,Normal value,Thousands,Constant USD ($ thousands),3224.0348023822103
2011,"Total official development assistance to medical research and basic heath sectors, net disbursement, by recipient countries",UMICs,Medical research,Normal value,Thousands,Constant USD ($ thousands),3459.5295141003944
2011,"Total official development assistance to medical research and basic heath sectors, net disbursement, by recipient countries",UMICs,,Normal value,Thousands,Constant USD ($ thousands),6683.564316482604
2012,"Total official development assistance to medical research and basic heath sectors, net disbursement, by recipient countries",UMICs,Basic health,Normal value,Thousands,Constant USD ($ thousands),3124.8060551315066
2012,"Total official development assistance to medical research and basic heath sectors, net disbursement, by recipient countries",UMICs,Medical research,Normal value,Thousands,Constant USD ($ thousands),2699.4188353807763
2012,"Total official development assistance to medical research and basic heath sectors, net disbursement, by recipient countries",UMICs,,Normal value,Thousands,Constant USD ($ thousands),5824.224890512282
2013,"Total official development assistance to medical research and basic heath sectors, net disbursement, by recipient countries",UMICs,Basic health,Normal value,Thousands,Constant USD ($ thousands),17815.161875997877
2013,"Total official development assistance to medical research and basic heath sectors, net disbursement, by recipient countries",UMICs,Medical research,Normal value,Thousands,Constant USD ($ thousands),1819.7104129762656
2013,"Total official development assistance to medical research and basic heath sectors, net disbursement, by recipient countries",UMICs,,Normal value,Thousands,Constant USD ($ thousands),19634.872288974144
2014,"Total official development assistance to medical research and basic heath sectors, net disbursement, by recipient countries",UMICs,Basic health,Normal value,Thousands,Constant USD ($ thousands),566.5723244408122
2014,"Total official development assistance to medical research and basic heath sectors, net disbursement, by recipient countries",UMICs,,Normal value,Thousands,Constant USD ($ thousands),566.5723244408122
2015,"Total official development assistance to medical research and basic heath sectors, net disbursement, by recipient countries",UMICs,Basic health,Normal value,Thousands,Constant USD ($ thousands),2551.039470979617
2015,"Total official development assistance to medical research and basic heath sectors, net disbursement, by recipient countries",UMICs,Medical research,Normal value,Thousands,Constant USD ($ thousands),6387.354409014719
2015,"Total official development assistance to medical research and basic heath sectors, net disbursement, by recipient countries",UMICs,,Normal value,Thousands,Constant USD ($ thousands),8938.393879994335
2016,"Total official development assistance to medical research and basic heath sectors, net disbursement, by recipient countries",UMICs,Basic health,Normal value,Thousands,Constant USD ($ thousands),10817.39411961824
2016,"Total official development assistance to medical research and basic heath sectors, net disbursement, by recipient countries",UMICs,Medical research,Normal value,Thousands,Constant USD ($ thousands),8921.560290414875
2016,"Total official development assistance to medical research and basic heath sectors, net disbursement, by recipient countries",UMICs,,Normal value,Thousands,Constant USD ($ thousands),19738.954410033115
2017,"Total official development assistance to medical research and basic heath sectors, net disbursement, by recipient countries",UMICs,Basic health,Normal value,Thousands,Constant USD ($ thousands),3032.2118954853063
2017,"Total official development assistance to medical research and basic heath sectors, net disbursement, by recipient countries",UMICs,Medical research,Normal value,Thousands,Constant USD ($ thousands),20026.592244253203
2017,"Total official development assistance to medical research and basic heath sectors, net disbursement, by recipient countries",UMICs,,Normal value,Thousands,Constant USD ($ thousands),23058.80413973851
2018,"Total official development assistance to medical research and basic heath sectors, net disbursement, by recipient countries",UMICs,Basic health,Normal value,Thousands,Constant USD ($ thousands),2350.229175096022
2018,"Total official development assistance to medical research and basic heath sectors, net disbursement, by recipient countries",UMICs,Medical research,Normal value,Thousands,Constant USD ($ thousands),29590.886541110955
2018,"Total official development assistance to medical research and basic heath sectors, net disbursement, by recipient countries",UMICs,,Normal value,Thousands,Constant USD ($ thousands),31941.115716206976
2019,"Total official development assistance to medical research and basic heath sectors, net disbursement, by recipient countries",UMICs,Basic health,Normal value,Thousands,Constant USD ($ thousands),5271.127922409392
2019,"Total official development assistance to medical research and basic heath sectors, net disbursement, by recipient countries",UMICs,Medical research,Normal value,Thousands,Constant USD ($ thousands),22492.66680704441
2019,"Total official development assistance to medical research and basic heath sectors, net disbursement, by recipient countries",UMICs,,Normal value,Thousands,Constant USD ($ thousands),27763.794729453803
2020,"Total official development assistance to medical research and basic heath sectors, net disbursement, by recipient countries",UMICs,Basic health,Normal value,Thousands,Constant USD ($ thousands),13747.132898844637
2020,"Total official development assistance to medical research and basic heath sectors, net disbursement, by recipient countries",UMICs,Medical research,Normal value,Thousands,Constant USD ($ thousands),17017.565801565666
2020,"Total official development assistance to medical research and basic heath sectors, net disbursement, by recipient countries",UMICs,,Normal value,Thousands,Constant USD ($ thousands),30764.698700410303
2009,"Total official development assistance to medical research and basic heath sectors, net disbursement, by recipient countries",Unspecified,Basic health,Normal value,Thousands,Constant USD ($ thousands),142814.21657406085
2009,"Total official development assistance to medical research and basic heath sectors, net disbursement, by recipient countries",Unspecified,Medical research,Normal value,Thousands,Constant USD ($ thousands),29921.714472505748
2009,"Total official development assistance to medical research and basic heath sectors, net disbursement, by recipient countries",Unspecified,,Normal value,Thousands,Constant USD ($ thousands),172735.93104656663
2010,"Total official development assistance to medical research and basic heath sectors, net disbursement, by recipient countries",Unspecified,Basic health,Normal value,Thousands,Constant USD ($ thousands),126271.66964385891
2010,"Total official development assistance to medical research and basic heath sectors, net disbursement, by recipient countries",Unspecified,Medical research,Normal value,Thousands,Constant USD ($ thousands),78933.48317265074
2010,"Total official development assistance to medical research and basic heath sectors, net disbursement, by recipient countries",Unspecified,,Normal value,Thousands,Constant USD ($ thousands),205205.15281650968
2011,"Total official development assistance to medical research and basic heath sectors, net disbursement, by recipient countries",Unspecified,Basic health,Normal value,Thousands,Constant USD ($ thousands),254769.52403878237
2011,"Total official development assistance to medical research and basic heath sectors, net disbursement, by recipient countries",Unspecified,Medical research,Normal value,Thousands,Constant USD ($ thousands),79536.60824000757
2011,"Total official development assistance to medical research and basic heath sectors, net disbursement, by recipient countries",Unspecified,,Normal value,Thousands,Constant USD ($ thousands),334306.1322787899
2012,"Total official development assistance to medical research and basic heath sectors, net disbursement, by recipient countries",Unspecified,Basic health,Normal value,Thousands,Constant USD ($ thousands),213949.58531514267
2012,"Total official development assistance to medical research and basic heath sectors, net disbursement, by recipient countries",Unspecified,Medical research,Normal value,Thousands,Constant USD ($ thousands),88656.16518479871
2012,"Total official development assistance to medical research and basic heath sectors, net disbursement, by recipient countries",Unspecified,,Normal value,Thousands,Constant USD ($ thousands),302605.7504999414
2013,"Total official development assistance to medical research and basic heath sectors, net disbursement, by recipient countries",Unspecified,Basic health,Normal value,Thousands,Constant USD ($ thousands),497527.19512798096
2013,"Total official development assistance to medical research and basic heath sectors, net disbursement, by recipient countries",Unspecified,Medical research,Normal value,Thousands,Constant USD ($ thousands),100143.68956686975
2013,"Total official development assistance to medical research and basic heath sectors, net disbursement, by recipient countries",Unspecified,,Normal value,Thousands,Constant USD ($ thousands),597670.8846948507
2014,"Total official development assistance to medical research and basic heath sectors, net disbursement, by recipient countries",Unspecified,Basic health,Normal value,Thousands,Constant USD ($ thousands),338620.1646321662
2014,"Total official development assistance to medical research and basic heath sectors, net disbursement, by recipient countries",Unspecified,Medical research,Normal value,Thousands,Constant USD ($ thousands),83985.14741628534
2014,"Total official development assistance to medical research and basic heath sectors, net disbursement, by recipient countries",Unspecified,,Normal value,Thousands,Constant USD ($ thousands),422605.31204845145
2015,"Total official development assistance to medical research and basic heath sectors, net disbursement, by recipient countries",Unspecified,Basic health,Normal value,Thousands,Constant USD ($ thousands),283813.4926511473
2015,"Total official development assistance to medical research and basic heath sectors, net disbursement, by recipient countries",Unspecified,Medical research,Normal value,Thousands,Constant USD ($ thousands),105138.56049094455
2015,"Total official development assistance to medical research and basic heath sectors, net disbursement, by recipient countries",Unspecified,,Normal value,Thousands,Constant USD ($ thousands),388952.0531420919
2016,"Total official development assistance to medical research and basic heath sectors, net disbursement, by recipient countries",Unspecified,Basic health,Normal value,Thousands,Constant USD ($ thousands),228220.0143503048
2016,"Total official development assistance to medical research and basic heath sectors, net disbursement, by recipient countries",Unspecified,Medical research,Normal value,Thousands,Constant USD ($ thousands),110221.93328106272
2016,"Total official development assistance to medical research and basic heath sectors, net disbursement, by recipient countries",Unspecified,,Normal value,Thousands,Constant USD ($ thousands),338441.94763136754
2017,"Total official development assistance to medical research and basic heath sectors, net disbursement, by recipient countries",Unspecified,Basic health,Normal value,Thousands,Constant USD ($ thousands),265463.2239756492
2017,"Total official development assistance to medical research and basic heath sectors, net disbursement, by recipient countries",Unspecified,Medical research,Normal value,Thousands,Constant USD ($ thousands),237893.5793006381
2017,"Total official development assistance to medical research and basic heath sectors, net disbursement, by recipient countries",Unspecified,,Normal value,Thousands,Constant USD ($ thousands),503356.8032762873
2018,"Total official development assistance to medical research and basic heath sectors, net disbursement, by recipient countries",Unspecified,Basic health,Normal value,Thousands,Constant USD ($ thousands),237350.5536384976
2018,"Total official development assistance to medical research and basic heath sectors, net disbursement, by recipient countries",Unspecified,Medical research,Normal value,Thousands,Constant USD ($ thousands),347017.85015233065
2018,"Total official development assistance to medical research and basic heath sectors, net disbursement, by recipient countries",Unspecified,,Normal value,Thousands,Constant USD ($ thousands),584368.4037908282
2019,"Total official development assistance to medical research and basic heath sectors, net disbursement, by recipient countries",Unspecified,Basic health,Normal value,Thousands,Constant USD ($ thousands),223017.86280627872
2019,"Total official development assistance to medical research and basic heath sectors, net disbursement, by recipient countries",Unspecified,Medical research,Normal value,Thousands,Constant USD ($ thousands),330455.11728560494
2019,"Total official development assistance to medical research and basic heath sectors, net disbursement, by recipient countries",Unspecified,,Normal value,Thousands,Constant USD ($ thousands),553472.9800918836
2020,"Total official development assistance to medical research and basic heath sectors, net disbursement, by recipient countries",Unspecified,Basic health,Normal value,Thousands,Constant USD ($ thousands),589780.2858677086
2020,"Total official development assistance to medical research and basic heath sectors, net disbursement, by recipient countries",Unspecified,Medical research,Normal value,Thousands,Constant USD ($ thousands),368002.5941802252
2020,"Total official development assistance to medical research and basic heath sectors, net disbursement, by recipient countries",Unspecified,,Normal value,Thousands,Constant USD ($ thousands),957782.8800479335
2009,"Total official development assistance to medical research and basic heath sectors, net disbursement, by recipient countries",,,Normal value,Thousands,Constant USD ($ thousands),417238.5008358249
2010,"Total official development assistance to medical research and basic heath sectors, net disbursement, by recipient countries",,,Normal value,Thousands,Constant USD ($ thousands),487382.5057143184
2011,"Total official development assistance to medical research and basic heath sectors, net disbursement, by recipient countries",,,Normal value,Thousands,Constant USD ($ thousands),721419.01507683
2012,"Total official development assistance to medical research and basic heath sectors, net disbursement, by recipient countries",,,Normal value,Thousands,Constant USD ($ thousands),806060.6463024257
2013,"Total official development assistance to medical research and basic heath sectors, net disbursement, by recipient countries",,,Normal value,Thousands,Constant USD ($ thousands),1161426.22764845
2014,"Total official development assistance to medical research and basic heath sectors, net disbursement, by recipient countries",,,Normal value,Thousands,Constant USD ($ thousands),911839.8585491376
2015,"Total official development assistance to medical research and basic heath sectors, net disbursement, by recipient countries",,,Normal value,Thousands,Constant USD ($ thousands),753771.3231452415
2016,"Total official development assistance to medical research and basic heath sectors, net disbursement, by recipient countries",,,Normal value,Thousands,Constant USD ($ thousands),805670.9664726112
2017,"Total official development assistance to medical research and basic heath sectors, net disbursement, by recipient countries",,,Normal value,Thousands,Constant USD ($ thousands),1022654.1996598408
2018,"Total official development assistance to medical research and basic heath sectors, net disbursement, by recipient countries",,,Normal value,Thousands,Constant USD ($ thousands),1016045.5836710364
2019,"Total official development assistance to medical research and basic heath sectors, net disbursement, by recipient countries",,,Normal value,Thousands,Constant USD ($ thousands),1049493.2184469118
2020,"Total official development assistance to medical research and basic heath sectors, net disbursement, by recipient countries",,,Normal value,Thousands,Constant USD ($ thousands),1337595.1856000428
