Year,Series,Country income classification,Aid description (CRS code),Observation status,Units,Value
2009,"Total official development assistance to medical research and basic heath sectors, net disbursement, by recipient countries",LDCs,Basic health,Normal value,GBP (£ thousands),85148.15
2009,"Total official development assistance to medical research and basic heath sectors, net disbursement, by recipient countries",LDCs,Basic health,Normal value,Constant USD ($ thousands),136996.88
2009,"Total official development assistance to medical research and basic heath sectors, net disbursement, by recipient countries",LDCs,Medical research,Normal value,GBP (£ thousands),907.82
2009,"Total official development assistance to medical research and basic heath sectors, net disbursement, by recipient countries",LDCs,Medical research,Normal value,Constant USD ($ thousands),1460.613
2009,"Total official development assistance to medical research and basic heath sectors, net disbursement, by recipient countries",LDCs,,Normal value,GBP (£ thousands),86055.97
2009,"Total official development assistance to medical research and basic heath sectors, net disbursement, by recipient countries",LDCs,,Normal value,Constant USD ($ thousands),138457.493
2009,"Total official development assistance to medical research and basic heath sectors, net disbursement, by recipient countries",LMICs,Basic health,Normal value,GBP (£ thousands),13313.18
2009,"Total official development assistance to medical research and basic heath sectors, net disbursement, by recipient countries",LMICs,Basic health,Normal value,Constant USD ($ thousands),21419.891
2009,"Total official development assistance to medical research and basic heath sectors, net disbursement, by recipient countries",LMICs,Medical research,Normal value,GBP (£ thousands),1.03
2009,"Total official development assistance to medical research and basic heath sectors, net disbursement, by recipient countries",LMICs,Medical research,Normal value,Constant USD ($ thousands),1.657
2009,"Total official development assistance to medical research and basic heath sectors, net disbursement, by recipient countries",LMICs,,Normal value,GBP (£ thousands),13314.21
2009,"Total official development assistance to medical research and basic heath sectors, net disbursement, by recipient countries",LMICs,,Normal value,Constant USD ($ thousands),21421.549
2009,"Total official development assistance to medical research and basic heath sectors, net disbursement, by recipient countries",Other LICs,Basic health,Normal value,GBP (£ thousands),59797.06
2009,"Total official development assistance to medical research and basic heath sectors, net disbursement, by recipient countries",Other LICs,Basic health,Normal value,Constant USD ($ thousands),96208.91
2009,"Total official development assistance to medical research and basic heath sectors, net disbursement, by recipient countries",Other LICs,Medical research,Normal value,GBP (£ thousands),451.85
2009,"Total official development assistance to medical research and basic heath sectors, net disbursement, by recipient countries",Other LICs,Medical research,Normal value,Constant USD ($ thousands),726.992
2009,"Total official development assistance to medical research and basic heath sectors, net disbursement, by recipient countries",Other LICs,,Normal value,GBP (£ thousands),60248.91
2009,"Total official development assistance to medical research and basic heath sectors, net disbursement, by recipient countries",Other LICs,,Normal value,Constant USD ($ thousands),96935.902
2009,"Total official development assistance to medical research and basic heath sectors, net disbursement, by recipient countries",UMICs,Basic health,Normal value,GBP (£ thousands),773.25
2009,"Total official development assistance to medical research and basic heath sectors, net disbursement, by recipient countries",UMICs,Basic health,Normal value,Constant USD ($ thousands),1244.1
2009,"Total official development assistance to medical research and basic heath sectors, net disbursement, by recipient countries",UMICs,,Normal value,GBP (£ thousands),773.25
2009,"Total official development assistance to medical research and basic heath sectors, net disbursement, by recipient countries",UMICs,,Normal value,Constant USD ($ thousands),1244.1
2009,"Total official development assistance to medical research and basic heath sectors, net disbursement, by recipient countries",Unspecified,Basic health,Normal value,GBP (£ thousands),93685.34
2009,"Total official development assistance to medical research and basic heath sectors, net disbursement, by recipient countries",Unspecified,Basic health,Normal value,Constant USD ($ thousands),150732.568
2009,"Total official development assistance to medical research and basic heath sectors, net disbursement, by recipient countries",Unspecified,Medical research,Normal value,GBP (£ thousands),19628.48
2009,"Total official development assistance to medical research and basic heath sectors, net disbursement, by recipient countries",Unspecified,Medical research,Normal value,Constant USD ($ thousands),31580.728
2009,"Total official development assistance to medical research and basic heath sectors, net disbursement, by recipient countries",Unspecified,,Normal value,GBP (£ thousands),113313.82
2009,"Total official development assistance to medical research and basic heath sectors, net disbursement, by recipient countries",Unspecified,,Normal value,Constant USD ($ thousands),182313.295
2009,"Total official development assistance to medical research and basic heath sectors, net disbursement, by recipient countries",,Basic health,Normal value,GBP (£ thousands),252716.98
2009,"Total official development assistance to medical research and basic heath sectors, net disbursement, by recipient countries",,Basic health,Normal value,Constant USD ($ thousands),406602.35
2009,"Total official development assistance to medical research and basic heath sectors, net disbursement, by recipient countries",,Medical research,Normal value,GBP (£ thousands),20989.18
2009,"Total official development assistance to medical research and basic heath sectors, net disbursement, by recipient countries",,Medical research,Normal value,Constant USD ($ thousands),33769.99
2009,"Total official development assistance to medical research and basic heath sectors, net disbursement, by recipient countries",,,Normal value,GBP (£ thousands),273706.16
2009,"Total official development assistance to medical research and basic heath sectors, net disbursement, by recipient countries",,,Normal value,Constant USD ($ thousands),440372.34
2010,"Total official development assistance to medical research and basic heath sectors, net disbursement, by recipient countries",LDCs,Basic health,Normal value,GBP (£ thousands),87597.07
2010,"Total official development assistance to medical research and basic heath sectors, net disbursement, by recipient countries",LDCs,Basic health,Normal value,Constant USD ($ thousands),139023.751
2010,"Total official development assistance to medical research and basic heath sectors, net disbursement, by recipient countries",LDCs,Medical research,Normal value,GBP (£ thousands),672.32
2010,"Total official development assistance to medical research and basic heath sectors, net disbursement, by recipient countries",LDCs,Medical research,Normal value,Constant USD ($ thousands),1067.027
2010,"Total official development assistance to medical research and basic heath sectors, net disbursement, by recipient countries",LDCs,,Normal value,GBP (£ thousands),88269.39
2010,"Total official development assistance to medical research and basic heath sectors, net disbursement, by recipient countries",LDCs,,Normal value,Constant USD ($ thousands),140090.778
2010,"Total official development assistance to medical research and basic heath sectors, net disbursement, by recipient countries",LMICs,Basic health,Normal value,GBP (£ thousands),20210.2
2010,"Total official development assistance to medical research and basic heath sectors, net disbursement, by recipient countries",LMICs,Basic health,Normal value,Constant USD ($ thousands),32075.249
2010,"Total official development assistance to medical research and basic heath sectors, net disbursement, by recipient countries",LMICs,Medical research,Normal value,GBP (£ thousands),15.0
2010,"Total official development assistance to medical research and basic heath sectors, net disbursement, by recipient countries",LMICs,Medical research,Normal value,Constant USD ($ thousands),23.806
2010,"Total official development assistance to medical research and basic heath sectors, net disbursement, by recipient countries",LMICs,,Normal value,GBP (£ thousands),20225.2
2010,"Total official development assistance to medical research and basic heath sectors, net disbursement, by recipient countries",LMICs,,Normal value,Constant USD ($ thousands),32099.055
2010,"Total official development assistance to medical research and basic heath sectors, net disbursement, by recipient countries",Other LICs,Basic health,Normal value,GBP (£ thousands),77054.86
2010,"Total official development assistance to medical research and basic heath sectors, net disbursement, by recipient countries",Other LICs,Basic health,Normal value,Constant USD ($ thousands),122292.397
2010,"Total official development assistance to medical research and basic heath sectors, net disbursement, by recipient countries",Other LICs,Medical research,Normal value,GBP (£ thousands),2308.46
2010,"Total official development assistance to medical research and basic heath sectors, net disbursement, by recipient countries",Other LICs,Medical research,Normal value,Constant USD ($ thousands),3663.716
2010,"Total official development assistance to medical research and basic heath sectors, net disbursement, by recipient countries",Other LICs,,Normal value,GBP (£ thousands),79363.32
2010,"Total official development assistance to medical research and basic heath sectors, net disbursement, by recipient countries",Other LICs,,Normal value,Constant USD ($ thousands),125956.113
2010,"Total official development assistance to medical research and basic heath sectors, net disbursement, by recipient countries",UMICs,Basic health,Normal value,GBP (£ thousands),223.1
2010,"Total official development assistance to medical research and basic heath sectors, net disbursement, by recipient countries",UMICs,Basic health,Normal value,Constant USD ($ thousands),354.078
2010,"Total official development assistance to medical research and basic heath sectors, net disbursement, by recipient countries",UMICs,,Normal value,GBP (£ thousands),223.1
2010,"Total official development assistance to medical research and basic heath sectors, net disbursement, by recipient countries",UMICs,,Normal value,Constant USD ($ thousands),354.078
2010,"Total official development assistance to medical research and basic heath sectors, net disbursement, by recipient countries",Unspecified,Basic health,Normal value,GBP (£ thousands),84164.48
2010,"Total official development assistance to medical research and basic heath sectors, net disbursement, by recipient countries",Unspecified,Basic health,Normal value,Constant USD ($ thousands),133575.948
2010,"Total official development assistance to medical research and basic heath sectors, net disbursement, by recipient countries",Unspecified,Medical research,Normal value,GBP (£ thousands),52611.9
2010,"Total official development assistance to medical research and basic heath sectors, net disbursement, by recipient countries",Unspecified,Medical research,Normal value,Constant USD ($ thousands),83499.41
2010,"Total official development assistance to medical research and basic heath sectors, net disbursement, by recipient countries",Unspecified,,Normal value,GBP (£ thousands),136776.38
2010,"Total official development assistance to medical research and basic heath sectors, net disbursement, by recipient countries",Unspecified,,Normal value,Constant USD ($ thousands),217075.358
2010,"Total official development assistance to medical research and basic heath sectors, net disbursement, by recipient countries",,Basic health,Normal value,GBP (£ thousands),269249.71
2010,"Total official development assistance to medical research and basic heath sectors, net disbursement, by recipient countries",,Basic health,Normal value,Constant USD ($ thousands),427321.422
2010,"Total official development assistance to medical research and basic heath sectors, net disbursement, by recipient countries",,Medical research,Normal value,GBP (£ thousands),55607.68
2010,"Total official development assistance to medical research and basic heath sectors, net disbursement, by recipient countries",,Medical research,Normal value,Constant USD ($ thousands),88253.959
2010,"Total official development assistance to medical research and basic heath sectors, net disbursement, by recipient countries",,,Normal value,GBP (£ thousands),324857.39
2010,"Total official development assistance to medical research and basic heath sectors, net disbursement, by recipient countries",,,Normal value,Constant USD ($ thousands),515575.381
2011,"Total official development assistance to medical research and basic heath sectors, net disbursement, by recipient countries",LDCs,Basic health,Normal value,GBP (£ thousands),168291.45
2011,"Total official development assistance to medical research and basic heath sectors, net disbursement, by recipient countries",LDCs,Basic health,Normal value,Constant USD ($ thousands),261682.516
2011,"Total official development assistance to medical research and basic heath sectors, net disbursement, by recipient countries",LDCs,Medical research,Normal value,GBP (£ thousands),7991.96
2011,"Total official development assistance to medical research and basic heath sectors, net disbursement, by recipient countries",LDCs,Medical research,Normal value,Constant USD ($ thousands),12426.99
2011,"Total official development assistance to medical research and basic heath sectors, net disbursement, by recipient countries",LDCs,,Normal value,GBP (£ thousands),176283.41
2011,"Total official development assistance to medical research and basic heath sectors, net disbursement, by recipient countries",LDCs,,Normal value,Constant USD ($ thousands),274109.506
2011,"Total official development assistance to medical research and basic heath sectors, net disbursement, by recipient countries",LMICs,Basic health,Normal value,GBP (£ thousands),58412.38
2011,"Total official development assistance to medical research and basic heath sectors, net disbursement, by recipient countries",LMICs,Basic health,Normal value,Constant USD ($ thousands),90827.541
2011,"Total official development assistance to medical research and basic heath sectors, net disbursement, by recipient countries",LMICs,Medical research,Normal value,GBP (£ thousands),1739.15
2011,"Total official development assistance to medical research and basic heath sectors, net disbursement, by recipient countries",LMICs,Medical research,Normal value,Constant USD ($ thousands),2704.268
2011,"Total official development assistance to medical research and basic heath sectors, net disbursement, by recipient countries",LMICs,,Normal value,GBP (£ thousands),60151.53
2011,"Total official development assistance to medical research and basic heath sectors, net disbursement, by recipient countries",LMICs,,Normal value,Constant USD ($ thousands),93531.809
2011,"Total official development assistance to medical research and basic heath sectors, net disbursement, by recipient countries",Other LICs,Basic health,Normal value,GBP (£ thousands),20595.53
2011,"Total official development assistance to medical research and basic heath sectors, net disbursement, by recipient countries",Other LICs,Basic health,Normal value,Constant USD ($ thousands),32024.741
2011,"Total official development assistance to medical research and basic heath sectors, net disbursement, by recipient countries",Other LICs,Medical research,Normal value,GBP (£ thousands),1781.12
2011,"Total official development assistance to medical research and basic heath sectors, net disbursement, by recipient countries",Other LICs,Medical research,Normal value,Constant USD ($ thousands),2769.528
2011,"Total official development assistance to medical research and basic heath sectors, net disbursement, by recipient countries",Other LICs,,Normal value,GBP (£ thousands),22376.65
2011,"Total official development assistance to medical research and basic heath sectors, net disbursement, by recipient countries",Other LICs,,Normal value,Constant USD ($ thousands),34794.27
2011,"Total official development assistance to medical research and basic heath sectors, net disbursement, by recipient countries",UMICs,Basic health,Normal value,GBP (£ thousands),2193.36
2011,"Total official development assistance to medical research and basic heath sectors, net disbursement, by recipient countries",UMICs,Basic health,Normal value,Constant USD ($ thousands),3410.535
2011,"Total official development assistance to medical research and basic heath sectors, net disbursement, by recipient countries",UMICs,Medical research,Normal value,GBP (£ thousands),2353.56
2011,"Total official development assistance to medical research and basic heath sectors, net disbursement, by recipient countries",UMICs,Medical research,Normal value,Constant USD ($ thousands),3659.636
2011,"Total official development assistance to medical research and basic heath sectors, net disbursement, by recipient countries",UMICs,,Normal value,GBP (£ thousands),4546.92
2011,"Total official development assistance to medical research and basic heath sectors, net disbursement, by recipient countries",UMICs,,Normal value,Constant USD ($ thousands),7070.172
2011,"Total official development assistance to medical research and basic heath sectors, net disbursement, by recipient countries",Unspecified,Basic health,Normal value,GBP (£ thousands),173323.39
2011,"Total official development assistance to medical research and basic heath sectors, net disbursement, by recipient countries",Unspecified,Basic health,Normal value,Constant USD ($ thousands),269506.863
2011,"Total official development assistance to medical research and basic heath sectors, net disbursement, by recipient countries",Unspecified,Medical research,Normal value,GBP (£ thousands),54109.95
2011,"Total official development assistance to medical research and basic heath sectors, net disbursement, by recipient countries",Unspecified,Medical research,Normal value,Constant USD ($ thousands),84137.535
2011,"Total official development assistance to medical research and basic heath sectors, net disbursement, by recipient countries",Unspecified,,Normal value,GBP (£ thousands),227433.34
2011,"Total official development assistance to medical research and basic heath sectors, net disbursement, by recipient countries",Unspecified,,Normal value,Constant USD ($ thousands),353644.398
2011,"Total official development assistance to medical research and basic heath sectors, net disbursement, by recipient countries",,Basic health,Normal value,GBP (£ thousands),422816.11
2011,"Total official development assistance to medical research and basic heath sectors, net disbursement, by recipient countries",,Basic health,Normal value,Constant USD ($ thousands),657452.196
2011,"Total official development assistance to medical research and basic heath sectors, net disbursement, by recipient countries",,Medical research,Normal value,GBP (£ thousands),67975.74
2011,"Total official development assistance to medical research and basic heath sectors, net disbursement, by recipient countries",,Medical research,Normal value,Constant USD ($ thousands),105697.958
2011,"Total official development assistance to medical research and basic heath sectors, net disbursement, by recipient countries",,,Normal value,GBP (£ thousands),490791.85
2011,"Total official development assistance to medical research and basic heath sectors, net disbursement, by recipient countries",,,Normal value,Constant USD ($ thousands),763150.154
2012,"Total official development assistance to medical research and basic heath sectors, net disbursement, by recipient countries",LDCs,Basic health,Normal value,GBP (£ thousands),238877.94
2012,"Total official development assistance to medical research and basic heath sectors, net disbursement, by recipient countries",LDCs,Basic health,Normal value,Constant USD ($ thousands),365547.82
2012,"Total official development assistance to medical research and basic heath sectors, net disbursement, by recipient countries",LDCs,Medical research,Normal value,GBP (£ thousands),16360.71
2012,"Total official development assistance to medical research and basic heath sectors, net disbursement, by recipient countries",LDCs,Medical research,Normal value,Constant USD ($ thousands),25036.309
2012,"Total official development assistance to medical research and basic heath sectors, net disbursement, by recipient countries",LDCs,,Normal value,GBP (£ thousands),255238.65
2012,"Total official development assistance to medical research and basic heath sectors, net disbursement, by recipient countries",LDCs,,Normal value,Constant USD ($ thousands),390584.129
2012,"Total official development assistance to medical research and basic heath sectors, net disbursement, by recipient countries",LMICs,Basic health,Normal value,GBP (£ thousands),71090.04
2012,"Total official development assistance to medical research and basic heath sectors, net disbursement, by recipient countries",LMICs,Basic health,Normal value,Constant USD ($ thousands),108786.978
2012,"Total official development assistance to medical research and basic heath sectors, net disbursement, by recipient countries",LMICs,Medical research,Normal value,GBP (£ thousands),2381.86
2012,"Total official development assistance to medical research and basic heath sectors, net disbursement, by recipient countries",LMICs,Medical research,Normal value,Constant USD ($ thousands),3644.89
2012,"Total official development assistance to medical research and basic heath sectors, net disbursement, by recipient countries",LMICs,,Normal value,GBP (£ thousands),73471.9
2012,"Total official development assistance to medical research and basic heath sectors, net disbursement, by recipient countries",LMICs,,Normal value,Constant USD ($ thousands),112431.867
2012,"Total official development assistance to medical research and basic heath sectors, net disbursement, by recipient countries",Other LICs,Basic health,Normal value,GBP (£ thousands),13408.86
2012,"Total official development assistance to medical research and basic heath sectors, net disbursement, by recipient countries",Other LICs,Basic health,Normal value,Constant USD ($ thousands),20519.18
2012,"Total official development assistance to medical research and basic heath sectors, net disbursement, by recipient countries",Other LICs,Medical research,Normal value,GBP (£ thousands),2031.86
2012,"Total official development assistance to medical research and basic heath sectors, net disbursement, by recipient countries",Other LICs,Medical research,Normal value,Constant USD ($ thousands),3109.295
2012,"Total official development assistance to medical research and basic heath sectors, net disbursement, by recipient countries",Other LICs,,Normal value,GBP (£ thousands),15440.72
2012,"Total official development assistance to medical research and basic heath sectors, net disbursement, by recipient countries",Other LICs,,Normal value,Constant USD ($ thousands),23628.475
2012,"Total official development assistance to medical research and basic heath sectors, net disbursement, by recipient countries",UMICs,Basic health,Normal value,GBP (£ thousands),2161.05
2012,"Total official development assistance to medical research and basic heath sectors, net disbursement, by recipient countries",UMICs,Basic health,Normal value,Constant USD ($ thousands),3306.991
2012,"Total official development assistance to medical research and basic heath sectors, net disbursement, by recipient countries",UMICs,Medical research,Normal value,GBP (£ thousands),1866.83
2012,"Total official development assistance to medical research and basic heath sectors, net disbursement, by recipient countries",UMICs,Medical research,Normal value,Constant USD ($ thousands),2856.755
2012,"Total official development assistance to medical research and basic heath sectors, net disbursement, by recipient countries",UMICs,,Normal value,GBP (£ thousands),4027.88
2012,"Total official development assistance to medical research and basic heath sectors, net disbursement, by recipient countries",UMICs,,Normal value,Constant USD ($ thousands),6163.745
2012,"Total official development assistance to medical research and basic heath sectors, net disbursement, by recipient countries",Unspecified,Basic health,Normal value,GBP (£ thousands),147963.16
2012,"Total official development assistance to medical research and basic heath sectors, net disbursement, by recipient countries",Unspecified,Basic health,Normal value,Constant USD ($ thousands),226423.631
2012,"Total official development assistance to medical research and basic heath sectors, net disbursement, by recipient countries",Unspecified,Medical research,Normal value,GBP (£ thousands),61312.83
2012,"Total official development assistance to medical research and basic heath sectors, net disbursement, by recipient countries",Unspecified,Medical research,Normal value,Constant USD ($ thousands),93825.204
2012,"Total official development assistance to medical research and basic heath sectors, net disbursement, by recipient countries",Unspecified,,Normal value,GBP (£ thousands),209275.99
2012,"Total official development assistance to medical research and basic heath sectors, net disbursement, by recipient countries",Unspecified,,Normal value,Constant USD ($ thousands),320248.835
2012,"Total official development assistance to medical research and basic heath sectors, net disbursement, by recipient countries",,Basic health,Normal value,GBP (£ thousands),473501.05
2012,"Total official development assistance to medical research and basic heath sectors, net disbursement, by recipient countries",,Basic health,Normal value,Constant USD ($ thousands),724584.601
2012,"Total official development assistance to medical research and basic heath sectors, net disbursement, by recipient countries",,Medical research,Normal value,GBP (£ thousands),83954.09
2012,"Total official development assistance to medical research and basic heath sectors, net disbursement, by recipient countries",,Medical research,Normal value,Constant USD ($ thousands),128472.452
2012,"Total official development assistance to medical research and basic heath sectors, net disbursement, by recipient countries",,,Normal value,GBP (£ thousands),557455.14
2012,"Total official development assistance to medical research and basic heath sectors, net disbursement, by recipient countries",,,Normal value,Constant USD ($ thousands),853057.052
2013,"Total official development assistance to medical research and basic heath sectors, net disbursement, by recipient countries",LDCs,Basic health,Normal value,GBP (£ thousands),290811.1
2013,"Total official development assistance to medical research and basic heath sectors, net disbursement, by recipient countries",LDCs,Basic health,Normal value,Constant USD ($ thousands),435274.662
2013,"Total official development assistance to medical research and basic heath sectors, net disbursement, by recipient countries",LDCs,Medical research,Normal value,GBP (£ thousands),4722.04
2013,"Total official development assistance to medical research and basic heath sectors, net disbursement, by recipient countries",LDCs,Medical research,Normal value,Constant USD ($ thousands),7067.764
2013,"Total official development assistance to medical research and basic heath sectors, net disbursement, by recipient countries",LDCs,,Normal value,GBP (£ thousands),295533.14
2013,"Total official development assistance to medical research and basic heath sectors, net disbursement, by recipient countries",LDCs,,Normal value,Constant USD ($ thousands),442342.427
2013,"Total official development assistance to medical research and basic heath sectors, net disbursement, by recipient countries",LMICs,Basic health,Normal value,GBP (£ thousands),71299.37
2013,"Total official development assistance to medical research and basic heath sectors, net disbursement, by recipient countries",LMICs,Basic health,Normal value,Constant USD ($ thousands),106718.104
2013,"Total official development assistance to medical research and basic heath sectors, net disbursement, by recipient countries",LMICs,Medical research,Normal value,GBP (£ thousands),580.45
2013,"Total official development assistance to medical research and basic heath sectors, net disbursement, by recipient countries",LMICs,Medical research,Normal value,Constant USD ($ thousands),868.795
2013,"Total official development assistance to medical research and basic heath sectors, net disbursement, by recipient countries",LMICs,,Normal value,GBP (£ thousands),71879.82
2013,"Total official development assistance to medical research and basic heath sectors, net disbursement, by recipient countries",LMICs,,Normal value,Constant USD ($ thousands),107586.899
2013,"Total official development assistance to medical research and basic heath sectors, net disbursement, by recipient countries",Other LICs,Basic health,Normal value,GBP (£ thousands),14691.83
2013,"Total official development assistance to medical research and basic heath sectors, net disbursement, by recipient countries",Other LICs,Basic health,Normal value,Constant USD ($ thousands),21990.156
2013,"Total official development assistance to medical research and basic heath sectors, net disbursement, by recipient countries",Other LICs,Medical research,Normal value,GBP (£ thousands),897.9
2013,"Total official development assistance to medical research and basic heath sectors, net disbursement, by recipient countries",Other LICs,Medical research,Normal value,Constant USD ($ thousands),1343.942
2013,"Total official development assistance to medical research and basic heath sectors, net disbursement, by recipient countries",Other LICs,,Normal value,GBP (£ thousands),15589.73
2013,"Total official development assistance to medical research and basic heath sectors, net disbursement, by recipient countries",Other LICs,,Normal value,Constant USD ($ thousands),23334.097
2013,"Total official development assistance to medical research and basic heath sectors, net disbursement, by recipient countries",UMICs,Basic health,Normal value,GBP (£ thousands),12539.97
2013,"Total official development assistance to medical research and basic heath sectors, net disbursement, by recipient countries",UMICs,Basic health,Normal value,Constant USD ($ thousands),18769.336
2013,"Total official development assistance to medical research and basic heath sectors, net disbursement, by recipient countries",UMICs,Medical research,Normal value,GBP (£ thousands),1280.9
2013,"Total official development assistance to medical research and basic heath sectors, net disbursement, by recipient countries",UMICs,Medical research,Normal value,Constant USD ($ thousands),1917.201
2013,"Total official development assistance to medical research and basic heath sectors, net disbursement, by recipient countries",UMICs,,Normal value,GBP (£ thousands),13820.87
2013,"Total official development assistance to medical research and basic heath sectors, net disbursement, by recipient countries",UMICs,,Normal value,Constant USD ($ thousands),20686.537
2013,"Total official development assistance to medical research and basic heath sectors, net disbursement, by recipient countries",Unspecified,Basic health,Normal value,GBP (£ thousands),350205.93
2013,"Total official development assistance to medical research and basic heath sectors, net disbursement, by recipient countries",Unspecified,Basic health,Normal value,Constant USD ($ thousands),524174.517
2013,"Total official development assistance to medical research and basic heath sectors, net disbursement, by recipient countries",Unspecified,Medical research,Normal value,GBP (£ thousands),70490.43
2013,"Total official development assistance to medical research and basic heath sectors, net disbursement, by recipient countries",Unspecified,Medical research,Normal value,Constant USD ($ thousands),105507.314
2013,"Total official development assistance to medical research and basic heath sectors, net disbursement, by recipient countries",Unspecified,,Normal value,GBP (£ thousands),420696.36
2013,"Total official development assistance to medical research and basic heath sectors, net disbursement, by recipient countries",Unspecified,,Normal value,Constant USD ($ thousands),629681.831
2013,"Total official development assistance to medical research and basic heath sectors, net disbursement, by recipient countries",,Basic health,Normal value,GBP (£ thousands),739548.2
2013,"Total official development assistance to medical research and basic heath sectors, net disbursement, by recipient countries",,Basic health,Normal value,Constant USD ($ thousands),1106926.774
2013,"Total official development assistance to medical research and basic heath sectors, net disbursement, by recipient countries",,Medical research,Normal value,GBP (£ thousands),77971.72
2013,"Total official development assistance to medical research and basic heath sectors, net disbursement, by recipient countries",,Medical research,Normal value,Constant USD ($ thousands),116705.016
2013,"Total official development assistance to medical research and basic heath sectors, net disbursement, by recipient countries",,,Normal value,GBP (£ thousands),817519.92
2013,"Total official development assistance to medical research and basic heath sectors, net disbursement, by recipient countries",,,Normal value,Constant USD ($ thousands),1223631.79
2014,"Total official development assistance to medical research and basic heath sectors, net disbursement, by recipient countries",LDCs,Basic health,Normal value,GBP (£ thousands),275662.31
2014,"Total official development assistance to medical research and basic heath sectors, net disbursement, by recipient countries",LDCs,Basic health,Normal value,Constant USD ($ thousands),406141.401
2014,"Total official development assistance to medical research and basic heath sectors, net disbursement, by recipient countries",LDCs,Medical research,Normal value,GBP (£ thousands),3615.09
2014,"Total official development assistance to medical research and basic heath sectors, net disbursement, by recipient countries",LDCs,Medical research,Normal value,Constant USD ($ thousands),5326.219
2014,"Total official development assistance to medical research and basic heath sectors, net disbursement, by recipient countries",LDCs,,Normal value,GBP (£ thousands),279277.4
2014,"Total official development assistance to medical research and basic heath sectors, net disbursement, by recipient countries",LDCs,,Normal value,Constant USD ($ thousands),411467.62
2014,"Total official development assistance to medical research and basic heath sectors, net disbursement, by recipient countries",LMICs,Basic health,Normal value,GBP (£ thousands),60786.22
2014,"Total official development assistance to medical research and basic heath sectors, net disbursement, by recipient countries",LMICs,Basic health,Normal value,Constant USD ($ thousands),89558.129
2014,"Total official development assistance to medical research and basic heath sectors, net disbursement, by recipient countries",LMICs,Medical research,Normal value,GBP (£ thousands),705.33
2014,"Total official development assistance to medical research and basic heath sectors, net disbursement, by recipient countries",LMICs,Medical research,Normal value,Constant USD ($ thousands),1039.183
2014,"Total official development assistance to medical research and basic heath sectors, net disbursement, by recipient countries",LMICs,,Normal value,GBP (£ thousands),61491.55
2014,"Total official development assistance to medical research and basic heath sectors, net disbursement, by recipient countries",LMICs,,Normal value,Constant USD ($ thousands),90597.312
2014,"Total official development assistance to medical research and basic heath sectors, net disbursement, by recipient countries",Other LICs,Basic health,Normal value,GBP (£ thousands),7689.48
2014,"Total official development assistance to medical research and basic heath sectors, net disbursement, by recipient countries",Other LICs,Basic health,Normal value,Constant USD ($ thousands),11329.137
2014,"Total official development assistance to medical research and basic heath sectors, net disbursement, by recipient countries",Other LICs,Medical research,Normal value,GBP (£ thousands),1466.76
2014,"Total official development assistance to medical research and basic heath sectors, net disbursement, by recipient countries",Other LICs,Medical research,Normal value,Constant USD ($ thousands),2161.021
2014,"Total official development assistance to medical research and basic heath sectors, net disbursement, by recipient countries",Other LICs,,Normal value,GBP (£ thousands),9156.24
2014,"Total official development assistance to medical research and basic heath sectors, net disbursement, by recipient countries",Other LICs,,Normal value,Constant USD ($ thousands),13490.158
2014,"Total official development assistance to medical research and basic heath sectors, net disbursement, by recipient countries",UMICs,Basic health,Normal value,GBP (£ thousands),405.71
2014,"Total official development assistance to medical research and basic heath sectors, net disbursement, by recipient countries",UMICs,Basic health,Normal value,Constant USD ($ thousands),597.744
2014,"Total official development assistance to medical research and basic heath sectors, net disbursement, by recipient countries",UMICs,,Normal value,GBP (£ thousands),405.71
2014,"Total official development assistance to medical research and basic heath sectors, net disbursement, by recipient countries",UMICs,,Normal value,Constant USD ($ thousands),597.744
2014,"Total official development assistance to medical research and basic heath sectors, net disbursement, by recipient countries",Unspecified,Basic health,Normal value,GBP (£ thousands),242479.06
2014,"Total official development assistance to medical research and basic heath sectors, net disbursement, by recipient countries",Unspecified,Basic health,Normal value,Constant USD ($ thousands),357251.542
2014,"Total official development assistance to medical research and basic heath sectors, net disbursement, by recipient countries",Unspecified,Medical research,Normal value,GBP (£ thousands),60140.06
2014,"Total official development assistance to medical research and basic heath sectors, net disbursement, by recipient countries",Unspecified,Medical research,Normal value,Constant USD ($ thousands),88606.122
2014,"Total official development assistance to medical research and basic heath sectors, net disbursement, by recipient countries",Unspecified,,Normal value,GBP (£ thousands),302619.12
2014,"Total official development assistance to medical research and basic heath sectors, net disbursement, by recipient countries",Unspecified,,Normal value,Constant USD ($ thousands),445857.664
2014,"Total official development assistance to medical research and basic heath sectors, net disbursement, by recipient countries",,Basic health,Normal value,GBP (£ thousands),587022.78
2014,"Total official development assistance to medical research and basic heath sectors, net disbursement, by recipient countries",,Basic health,Normal value,Constant USD ($ thousands),864877.954
2014,"Total official development assistance to medical research and basic heath sectors, net disbursement, by recipient countries",,Medical research,Normal value,GBP (£ thousands),65927.24
2014,"Total official development assistance to medical research and basic heath sectors, net disbursement, by recipient countries",,Medical research,Normal value,Constant USD ($ thousands),97132.545
2014,"Total official development assistance to medical research and basic heath sectors, net disbursement, by recipient countries",,,Normal value,GBP (£ thousands),652950.02
2014,"Total official development assistance to medical research and basic heath sectors, net disbursement, by recipient countries",,,Normal value,Constant USD ($ thousands),962010.498
2015,"Total official development assistance to medical research and basic heath sectors, net disbursement, by recipient countries",LDCs,Basic health,Normal value,GBP (£ thousands),197874.24
2015,"Total official development assistance to medical research and basic heath sectors, net disbursement, by recipient countries",LDCs,Basic health,Normal value,Constant USD ($ thousands),290050.702
2015,"Total official development assistance to medical research and basic heath sectors, net disbursement, by recipient countries",LDCs,Medical research,Normal value,GBP (£ thousands),2361.38
2015,"Total official development assistance to medical research and basic heath sectors, net disbursement, by recipient countries",LDCs,Medical research,Normal value,Constant USD ($ thousands),3461.39
2015,"Total official development assistance to medical research and basic heath sectors, net disbursement, by recipient countries",LDCs,,Normal value,GBP (£ thousands),200235.62
2015,"Total official development assistance to medical research and basic heath sectors, net disbursement, by recipient countries",LDCs,,Normal value,Constant USD ($ thousands),293512.092
2015,"Total official development assistance to medical research and basic heath sectors, net disbursement, by recipient countries",LMICs,Basic health,Normal value,GBP (£ thousands),43137.43
2015,"Total official development assistance to medical research and basic heath sectors, net disbursement, by recipient countries",LMICs,Basic health,Normal value,Constant USD ($ thousands),63232.293
2015,"Total official development assistance to medical research and basic heath sectors, net disbursement, by recipient countries",LMICs,Medical research,Normal value,GBP (£ thousands),2864.36
2015,"Total official development assistance to medical research and basic heath sectors, net disbursement, by recipient countries",LMICs,Medical research,Normal value,Constant USD ($ thousands),4198.675
2015,"Total official development assistance to medical research and basic heath sectors, net disbursement, by recipient countries",LMICs,,Normal value,GBP (£ thousands),46001.79
2015,"Total official development assistance to medical research and basic heath sectors, net disbursement, by recipient countries",LMICs,,Normal value,Constant USD ($ thousands),67430.968
2015,"Total official development assistance to medical research and basic heath sectors, net disbursement, by recipient countries",Other LICs,Basic health,Normal value,GBP (£ thousands),10275.36
2015,"Total official development assistance to medical research and basic heath sectors, net disbursement, by recipient countries",Other LICs,Basic health,Normal value,Constant USD ($ thousands),15061.968
2015,"Total official development assistance to medical research and basic heath sectors, net disbursement, by recipient countries",Other LICs,Medical research,Normal value,GBP (£ thousands),11.23
2015,"Total official development assistance to medical research and basic heath sectors, net disbursement, by recipient countries",Other LICs,Medical research,Normal value,Constant USD ($ thousands),16.461
2015,"Total official development assistance to medical research and basic heath sectors, net disbursement, by recipient countries",Other LICs,,Normal value,GBP (£ thousands),10286.59
2015,"Total official development assistance to medical research and basic heath sectors, net disbursement, by recipient countries",Other LICs,,Normal value,Constant USD ($ thousands),15078.429
2015,"Total official development assistance to medical research and basic heath sectors, net disbursement, by recipient countries",UMICs,Basic health,Normal value,GBP (£ thousands),1838.86
2015,"Total official development assistance to medical research and basic heath sectors, net disbursement, by recipient countries",UMICs,Basic health,Normal value,Constant USD ($ thousands),2695.463
2015,"Total official development assistance to medical research and basic heath sectors, net disbursement, by recipient countries",UMICs,Medical research,Normal value,GBP (£ thousands),4604.11
2015,"Total official development assistance to medical research and basic heath sectors, net disbursement, by recipient countries",UMICs,Medical research,Normal value,Constant USD ($ thousands),6748.859
2015,"Total official development assistance to medical research and basic heath sectors, net disbursement, by recipient countries",UMICs,,Normal value,GBP (£ thousands),6442.97
2015,"Total official development assistance to medical research and basic heath sectors, net disbursement, by recipient countries",UMICs,,Normal value,Constant USD ($ thousands),9444.322
2015,"Total official development assistance to medical research and basic heath sectors, net disbursement, by recipient countries",Unspecified,Basic health,Normal value,GBP (£ thousands),204576.83
2015,"Total official development assistance to medical research and basic heath sectors, net disbursement, by recipient countries",Unspecified,Basic health,Normal value,Constant USD ($ thousands),299875.584
2015,"Total official development assistance to medical research and basic heath sectors, net disbursement, by recipient countries",Unspecified,Medical research,Normal value,GBP (£ thousands),75785.39
2015,"Total official development assistance to medical research and basic heath sectors, net disbursement, by recipient countries",Unspecified,Medical research,Normal value,Constant USD ($ thousands),111088.768
2015,"Total official development assistance to medical research and basic heath sectors, net disbursement, by recipient countries",Unspecified,,Normal value,GBP (£ thousands),280362.22
2015,"Total official development assistance to medical research and basic heath sectors, net disbursement, by recipient countries",Unspecified,,Normal value,Constant USD ($ thousands),410964.352
2015,"Total official development assistance to medical research and basic heath sectors, net disbursement, by recipient countries",,Basic health,Normal value,GBP (£ thousands),457702.72
2015,"Total official development assistance to medical research and basic heath sectors, net disbursement, by recipient countries",,Basic health,Normal value,Constant USD ($ thousands),670916.009
2015,"Total official development assistance to medical research and basic heath sectors, net disbursement, by recipient countries",,Medical research,Normal value,GBP (£ thousands),85626.47
2015,"Total official development assistance to medical research and basic heath sectors, net disbursement, by recipient countries",,Medical research,Normal value,Constant USD ($ thousands),125514.154
2015,"Total official development assistance to medical research and basic heath sectors, net disbursement, by recipient countries",,,Normal value,GBP (£ thousands),543329.19
2015,"Total official development assistance to medical research and basic heath sectors, net disbursement, by recipient countries",,,Normal value,Constant USD ($ thousands),796430.162
2016,"Total official development assistance to medical research and basic heath sectors, net disbursement, by recipient countries",LDCs,Basic health,Normal value,GBP (£ thousands),230260.49
2016,"Total official development assistance to medical research and basic heath sectors, net disbursement, by recipient countries",LDCs,Basic health,Normal value,Constant USD ($ thousands),331226.583
2016,"Total official development assistance to medical research and basic heath sectors, net disbursement, by recipient countries",LDCs,Medical research,Normal value,GBP (£ thousands),11233.89
2016,"Total official development assistance to medical research and basic heath sectors, net disbursement, by recipient countries",LDCs,Medical research,Normal value,Constant USD ($ thousands),16159.798
2016,"Total official development assistance to medical research and basic heath sectors, net disbursement, by recipient countries",LDCs,,Normal value,GBP (£ thousands),241494.38
2016,"Total official development assistance to medical research and basic heath sectors, net disbursement, by recipient countries",LDCs,,Normal value,Constant USD ($ thousands),347386.381
2016,"Total official development assistance to medical research and basic heath sectors, net disbursement, by recipient countries",LMICs,Basic health,Normal value,GBP (£ thousands),73135.58
2016,"Total official development assistance to medical research and basic heath sectors, net disbursement, by recipient countries",LMICs,Basic health,Normal value,Constant USD ($ thousands),105204.537
2016,"Total official development assistance to medical research and basic heath sectors, net disbursement, by recipient countries",LMICs,Medical research,Normal value,GBP (£ thousands),3618.95
2016,"Total official development assistance to medical research and basic heath sectors, net disbursement, by recipient countries",LMICs,Medical research,Normal value,Constant USD ($ thousands),5205.81
2016,"Total official development assistance to medical research and basic heath sectors, net disbursement, by recipient countries",LMICs,,Normal value,GBP (£ thousands),76754.53
2016,"Total official development assistance to medical research and basic heath sectors, net disbursement, by recipient countries",LMICs,,Normal value,Constant USD ($ thousands),110410.347
2016,"Total official development assistance to medical research and basic heath sectors, net disbursement, by recipient countries",Other LICs,Basic health,Normal value,GBP (£ thousands),11142.11
2016,"Total official development assistance to medical research and basic heath sectors, net disbursement, by recipient countries",Other LICs,Basic health,Normal value,Constant USD ($ thousands),16027.774
2016,"Total official development assistance to medical research and basic heath sectors, net disbursement, by recipient countries",Other LICs,Medical research,Normal value,GBP (£ thousands),105.18
2016,"Total official development assistance to medical research and basic heath sectors, net disbursement, by recipient countries",Other LICs,Medical research,Normal value,Constant USD ($ thousands),151.3
2016,"Total official development assistance to medical research and basic heath sectors, net disbursement, by recipient countries",Other LICs,,Normal value,GBP (£ thousands),11247.29
2016,"Total official development assistance to medical research and basic heath sectors, net disbursement, by recipient countries",Other LICs,,Normal value,Constant USD ($ thousands),16179.074
2016,"Total official development assistance to medical research and basic heath sectors, net disbursement, by recipient countries",UMICs,Basic health,Normal value,GBP (£ thousands),7965.07
2016,"Total official development assistance to medical research and basic heath sectors, net disbursement, by recipient countries",UMICs,Basic health,Normal value,Constant USD ($ thousands),11457.645
2016,"Total official development assistance to medical research and basic heath sectors, net disbursement, by recipient countries",UMICs,Medical research,Normal value,GBP (£ thousands),6569.13
2016,"Total official development assistance to medical research and basic heath sectors, net disbursement, by recipient countries",UMICs,Medical research,Normal value,Constant USD ($ thousands),9449.604
2016,"Total official development assistance to medical research and basic heath sectors, net disbursement, by recipient countries",UMICs,,Normal value,GBP (£ thousands),14534.2
2016,"Total official development assistance to medical research and basic heath sectors, net disbursement, by recipient countries",UMICs,,Normal value,Constant USD ($ thousands),20907.249
2016,"Total official development assistance to medical research and basic heath sectors, net disbursement, by recipient countries",Unspecified,Basic health,Normal value,GBP (£ thousands),168043.17
2016,"Total official development assistance to medical research and basic heath sectors, net disbursement, by recipient countries",Unspecified,Basic health,Normal value,Constant USD ($ thousands),241727.814
2016,"Total official development assistance to medical research and basic heath sectors, net disbursement, by recipient countries",Unspecified,Medical research,Normal value,GBP (£ thousands),81158.7
2016,"Total official development assistance to medical research and basic heath sectors, net disbursement, by recipient countries",Unspecified,Medical research,Normal value,Constant USD ($ thousands),116745.686
2016,"Total official development assistance to medical research and basic heath sectors, net disbursement, by recipient countries",Unspecified,,Normal value,GBP (£ thousands),249201.87
2016,"Total official development assistance to medical research and basic heath sectors, net disbursement, by recipient countries",Unspecified,,Normal value,Constant USD ($ thousands),358473.5
2016,"Total official development assistance to medical research and basic heath sectors, net disbursement, by recipient countries",,Basic health,Normal value,GBP (£ thousands),490546.42
2016,"Total official development assistance to medical research and basic heath sectors, net disbursement, by recipient countries",,Basic health,Normal value,Constant USD ($ thousands),705644.352
2016,"Total official development assistance to medical research and basic heath sectors, net disbursement, by recipient countries",,Medical research,Normal value,GBP (£ thousands),102685.85
2016,"Total official development assistance to medical research and basic heath sectors, net disbursement, by recipient countries",,Medical research,Normal value,Constant USD ($ thousands),147712.198
2016,"Total official development assistance to medical research and basic heath sectors, net disbursement, by recipient countries",,,Normal value,GBP (£ thousands),593232.27
2016,"Total official development assistance to medical research and basic heath sectors, net disbursement, by recipient countries",,,Normal value,Constant USD ($ thousands),853356.551
2017,"Total official development assistance to medical research and basic heath sectors, net disbursement, by recipient countries",LDCs,Basic health,Normal value,GBP (£ thousands),181724.42
2017,"Total official development assistance to medical research and basic heath sectors, net disbursement, by recipient countries",LDCs,Basic health,Normal value,Constant USD ($ thousands),256738.629
2017,"Total official development assistance to medical research and basic heath sectors, net disbursement, by recipient countries",LDCs,Medical research,Normal value,GBP (£ thousands),31968.8
2017,"Total official development assistance to medical research and basic heath sectors, net disbursement, by recipient countries",LDCs,Medical research,Normal value,Constant USD ($ thousands),45165.234
2017,"Total official development assistance to medical research and basic heath sectors, net disbursement, by recipient countries",LDCs,,Normal value,GBP (£ thousands),213693.22
2017,"Total official development assistance to medical research and basic heath sectors, net disbursement, by recipient countries",LDCs,,Normal value,Constant USD ($ thousands),301903.863
2017,"Total official development assistance to medical research and basic heath sectors, net disbursement, by recipient countries",LMICs,Basic health,Normal value,GBP (£ thousands),111111.84
2017,"Total official development assistance to medical research and basic heath sectors, net disbursement, by recipient countries",LMICs,Basic health,Normal value,Constant USD ($ thousands),156977.81
2017,"Total official development assistance to medical research and basic heath sectors, net disbursement, by recipient countries",LMICs,Medical research,Normal value,GBP (£ thousands),16281.61
2017,"Total official development assistance to medical research and basic heath sectors, net disbursement, by recipient countries",LMICs,Medical research,Normal value,Constant USD ($ thousands),23002.512
2017,"Total official development assistance to medical research and basic heath sectors, net disbursement, by recipient countries",LMICs,,Normal value,GBP (£ thousands),127393.45
2017,"Total official development assistance to medical research and basic heath sectors, net disbursement, by recipient countries",LMICs,,Normal value,Constant USD ($ thousands),179980.323
2017,"Total official development assistance to medical research and basic heath sectors, net disbursement, by recipient countries",Other LICs,Basic health,Normal value,GBP (£ thousands),26165.18
2017,"Total official development assistance to medical research and basic heath sectors, net disbursement, by recipient countries",Other LICs,Basic health,Normal value,Constant USD ($ thousands),36965.931
2017,"Total official development assistance to medical research and basic heath sectors, net disbursement, by recipient countries",Other LICs,Medical research,Normal value,GBP (£ thousands),5220.28
2017,"Total official development assistance to medical research and basic heath sectors, net disbursement, by recipient countries",Other LICs,Medical research,Normal value,Constant USD ($ thousands),7375.165
2017,"Total official development assistance to medical research and basic heath sectors, net disbursement, by recipient countries",Other LICs,,Normal value,GBP (£ thousands),31385.46
2017,"Total official development assistance to medical research and basic heath sectors, net disbursement, by recipient countries",Other LICs,,Normal value,Constant USD ($ thousands),44341.096
2017,"Total official development assistance to medical research and basic heath sectors, net disbursement, by recipient countries",UMICs,Basic health,Normal value,GBP (£ thousands),2275.95
2017,"Total official development assistance to medical research and basic heath sectors, net disbursement, by recipient countries",UMICs,Basic health,Normal value,Constant USD ($ thousands),3215.442
2017,"Total official development assistance to medical research and basic heath sectors, net disbursement, by recipient countries",UMICs,Medical research,Normal value,GBP (£ thousands),15031.81
2017,"Total official development assistance to medical research and basic heath sectors, net disbursement, by recipient countries",UMICs,Medical research,Normal value,Constant USD ($ thousands),21236.806
2017,"Total official development assistance to medical research and basic heath sectors, net disbursement, by recipient countries",UMICs,,Normal value,GBP (£ thousands),17307.76
2017,"Total official development assistance to medical research and basic heath sectors, net disbursement, by recipient countries",UMICs,,Normal value,Constant USD ($ thousands),24452.248
2017,"Total official development assistance to medical research and basic heath sectors, net disbursement, by recipient countries",Unspecified,Basic health,Normal value,GBP (£ thousands),199254.25
2017,"Total official development assistance to medical research and basic heath sectors, net disbursement, by recipient countries",Unspecified,Basic health,Normal value,Constant USD ($ thousands),281504.616
2017,"Total official development assistance to medical research and basic heath sectors, net disbursement, by recipient countries",Unspecified,Medical research,Normal value,GBP (£ thousands),178560.79
2017,"Total official development assistance to medical research and basic heath sectors, net disbursement, by recipient countries",Unspecified,Medical research,Normal value,Constant USD ($ thousands),252269.081
2017,"Total official development assistance to medical research and basic heath sectors, net disbursement, by recipient countries",Unspecified,,Normal value,GBP (£ thousands),377815.04
2017,"Total official development assistance to medical research and basic heath sectors, net disbursement, by recipient countries",Unspecified,,Normal value,Constant USD ($ thousands),533773.697
2017,"Total official development assistance to medical research and basic heath sectors, net disbursement, by recipient countries",,Basic health,Normal value,GBP (£ thousands),520531.64
2017,"Total official development assistance to medical research and basic heath sectors, net disbursement, by recipient countries",,Basic health,Normal value,Constant USD ($ thousands),735402.428
2017,"Total official development assistance to medical research and basic heath sectors, net disbursement, by recipient countries",,Medical research,Normal value,GBP (£ thousands),247063.29
2017,"Total official development assistance to medical research and basic heath sectors, net disbursement, by recipient countries",,Medical research,Normal value,Constant USD ($ thousands),349048.798
2017,"Total official development assistance to medical research and basic heath sectors, net disbursement, by recipient countries",,,Normal value,GBP (£ thousands),767594.93
2017,"Total official development assistance to medical research and basic heath sectors, net disbursement, by recipient countries",,,Normal value,Constant USD ($ thousands),1084451.227
2018,"Total official development assistance to medical research and basic heath sectors, net disbursement, by recipient countries",LDCs,Basic health,Normal value,GBP (£ thousands),153021.47
2018,"Total official development assistance to medical research and basic heath sectors, net disbursement, by recipient countries",LDCs,Basic health,Normal value,Constant USD ($ thousands),211950.399
2018,"Total official development assistance to medical research and basic heath sectors, net disbursement, by recipient countries",LDCs,Medical research,Normal value,GBP (£ thousands),33364.79
2018,"Total official development assistance to medical research and basic heath sectors, net disbursement, by recipient countries",LDCs,Medical research,Normal value,Constant USD ($ thousands),46213.649
2018,"Total official development assistance to medical research and basic heath sectors, net disbursement, by recipient countries",LDCs,,Normal value,GBP (£ thousands),186386.26
2018,"Total official development assistance to medical research and basic heath sectors, net disbursement, by recipient countries",LDCs,,Normal value,Constant USD ($ thousands),258164.048
2018,"Total official development assistance to medical research and basic heath sectors, net disbursement, by recipient countries",LMICs,Basic health,Normal value,GBP (£ thousands),81136.09
2018,"Total official development assistance to medical research and basic heath sectors, net disbursement, by recipient countries",LMICs,Basic health,Normal value,Constant USD ($ thousands),112381.789
2018,"Total official development assistance to medical research and basic heath sectors, net disbursement, by recipient countries",LMICs,Medical research,Normal value,GBP (£ thousands),21256.08
2018,"Total official development assistance to medical research and basic heath sectors, net disbursement, by recipient countries",LMICs,Medical research,Normal value,Constant USD ($ thousands),29441.846
2018,"Total official development assistance to medical research and basic heath sectors, net disbursement, by recipient countries",LMICs,,Normal value,GBP (£ thousands),102392.17
2018,"Total official development assistance to medical research and basic heath sectors, net disbursement, by recipient countries",LMICs,,Normal value,Constant USD ($ thousands),141823.636
2018,"Total official development assistance to medical research and basic heath sectors, net disbursement, by recipient countries",Other LICs,Basic health,Normal value,GBP (£ thousands),17497.82
2018,"Total official development assistance to medical research and basic heath sectors, net disbursement, by recipient countries",Other LICs,Basic health,Normal value,Constant USD ($ thousands),24236.272
2018,"Total official development assistance to medical research and basic heath sectors, net disbursement, by recipient countries",Other LICs,Medical research,Normal value,GBP (£ thousands),511.8
2018,"Total official development assistance to medical research and basic heath sectors, net disbursement, by recipient countries",Other LICs,Medical research,Normal value,Constant USD ($ thousands),708.895
2018,"Total official development assistance to medical research and basic heath sectors, net disbursement, by recipient countries",Other LICs,,Normal value,GBP (£ thousands),18009.62
2018,"Total official development assistance to medical research and basic heath sectors, net disbursement, by recipient countries",Other LICs,,Normal value,Constant USD ($ thousands),24945.167
2018,"Total official development assistance to medical research and basic heath sectors, net disbursement, by recipient countries",UMICs,Basic health,Normal value,GBP (£ thousands),1803.75
2018,"Total official development assistance to medical research and basic heath sectors, net disbursement, by recipient countries",UMICs,Basic health,Normal value,Constant USD ($ thousands),2498.378
2018,"Total official development assistance to medical research and basic heath sectors, net disbursement, by recipient countries",UMICs,Medical research,Normal value,GBP (£ thousands),22710.3
2018,"Total official development assistance to medical research and basic heath sectors, net disbursement, by recipient countries",UMICs,Medical research,Normal value,Constant USD ($ thousands),31456.09
2018,"Total official development assistance to medical research and basic heath sectors, net disbursement, by recipient countries",UMICs,,Normal value,GBP (£ thousands),24514.05
2018,"Total official development assistance to medical research and basic heath sectors, net disbursement, by recipient countries",UMICs,,Normal value,Constant USD ($ thousands),33954.468
2018,"Total official development assistance to medical research and basic heath sectors, net disbursement, by recipient countries",Unspecified,Basic health,Normal value,GBP (£ thousands),182160.92
2018,"Total official development assistance to medical research and basic heath sectors, net disbursement, by recipient countries",Unspecified,Basic health,Normal value,Constant USD ($ thousands),252311.52
2018,"Total official development assistance to medical research and basic heath sectors, net disbursement, by recipient countries",Unspecified,Medical research,Normal value,GBP (£ thousands),266327.99
2018,"Total official development assistance to medical research and basic heath sectors, net disbursement, by recipient countries",Unspecified,Medical research,Normal value,Constant USD ($ thousands),368891.527
2018,"Total official development assistance to medical research and basic heath sectors, net disbursement, by recipient countries",Unspecified,,Normal value,GBP (£ thousands),448488.91
2018,"Total official development assistance to medical research and basic heath sectors, net disbursement, by recipient countries",Unspecified,,Normal value,Constant USD ($ thousands),621203.046
2018,"Total official development assistance to medical research and basic heath sectors, net disbursement, by recipient countries",,Basic health,Normal value,GBP (£ thousands),435620.05
2018,"Total official development assistance to medical research and basic heath sectors, net disbursement, by recipient countries",,Basic health,Normal value,Constant USD ($ thousands),603378.358
2018,"Total official development assistance to medical research and basic heath sectors, net disbursement, by recipient countries",,Medical research,Normal value,GBP (£ thousands),344170.96
2018,"Total official development assistance to medical research and basic heath sectors, net disbursement, by recipient countries",,Medical research,Normal value,Constant USD ($ thousands),476712.008
2018,"Total official development assistance to medical research and basic heath sectors, net disbursement, by recipient countries",,,Normal value,GBP (£ thousands),779791.01
2018,"Total official development assistance to medical research and basic heath sectors, net disbursement, by recipient countries",,,Normal value,Constant USD ($ thousands),1080090.365
2019,"Total official development assistance to medical research and basic heath sectors, net disbursement, by recipient countries",LDCs,Basic health,Normal value,GBP (£ thousands),241867.35
2019,"Total official development assistance to medical research and basic heath sectors, net disbursement, by recipient countries",LDCs,Basic health,Normal value,Constant USD ($ thousands),328393.567
2019,"Total official development assistance to medical research and basic heath sectors, net disbursement, by recipient countries",LDCs,Medical research,Normal value,GBP (£ thousands),34978.72
2019,"Total official development assistance to medical research and basic heath sectors, net disbursement, by recipient countries",LDCs,Medical research,Normal value,Constant USD ($ thousands),47492.093
2019,"Total official development assistance to medical research and basic heath sectors, net disbursement, by recipient countries",LDCs,,Normal value,GBP (£ thousands),276846.07
2019,"Total official development assistance to medical research and basic heath sectors, net disbursement, by recipient countries",LDCs,,Normal value,Constant USD ($ thousands),375885.659
2019,"Total official development assistance to medical research and basic heath sectors, net disbursement, by recipient countries",LMICs,Basic health,Normal value,GBP (£ thousands),47038.17
2019,"Total official development assistance to medical research and basic heath sectors, net disbursement, by recipient countries",LMICs,Basic health,Normal value,Constant USD ($ thousands),63865.72
2019,"Total official development assistance to medical research and basic heath sectors, net disbursement, by recipient countries",LMICs,Medical research,Normal value,GBP (£ thousands),21924.08
2019,"Total official development assistance to medical research and basic heath sectors, net disbursement, by recipient countries",LMICs,Medical research,Normal value,Constant USD ($ thousands),29767.254
2019,"Total official development assistance to medical research and basic heath sectors, net disbursement, by recipient countries",LMICs,,Normal value,GBP (£ thousands),68962.25
2019,"Total official development assistance to medical research and basic heath sectors, net disbursement, by recipient countries",LMICs,,Normal value,Constant USD ($ thousands),93632.974
2019,"Total official development assistance to medical research and basic heath sectors, net disbursement, by recipient countries",Other LICs,Basic health,Normal value,GBP (£ thousands),20491.01
2019,"Total official development assistance to medical research and basic heath sectors, net disbursement, by recipient countries",Other LICs,Basic health,Normal value,Constant USD ($ thousands),27821.514
2019,"Total official development assistance to medical research and basic heath sectors, net disbursement, by recipient countries",Other LICs,Medical research,Normal value,GBP (£ thousands),626.36
2019,"Total official development assistance to medical research and basic heath sectors, net disbursement, by recipient countries",Other LICs,Medical research,Normal value,Constant USD ($ thousands),850.436
2019,"Total official development assistance to medical research and basic heath sectors, net disbursement, by recipient countries",Other LICs,,Normal value,GBP (£ thousands),21117.37
2019,"Total official development assistance to medical research and basic heath sectors, net disbursement, by recipient countries",Other LICs,,Normal value,Constant USD ($ thousands),28671.95
2019,"Total official development assistance to medical research and basic heath sectors, net disbursement, by recipient countries",UMICs,Basic health,Normal value,GBP (£ thousands),4130.46
2019,"Total official development assistance to medical research and basic heath sectors, net disbursement, by recipient countries",UMICs,Basic health,Normal value,Constant USD ($ thousands),5608.101
2019,"Total official development assistance to medical research and basic heath sectors, net disbursement, by recipient countries",UMICs,Medical research,Normal value,GBP (£ thousands),17625.17
2019,"Total official development assistance to medical research and basic heath sectors, net disbursement, by recipient countries",UMICs,Medical research,Normal value,Constant USD ($ thousands),23930.441
2019,"Total official development assistance to medical research and basic heath sectors, net disbursement, by recipient countries",UMICs,,Normal value,GBP (£ thousands),21755.63
2019,"Total official development assistance to medical research and basic heath sectors, net disbursement, by recipient countries",UMICs,,Normal value,Constant USD ($ thousands),29538.542
2019,"Total official development assistance to medical research and basic heath sectors, net disbursement, by recipient countries",Unspecified,Basic health,Normal value,GBP (£ thousands),174756.82
2019,"Total official development assistance to medical research and basic heath sectors, net disbursement, by recipient countries",Unspecified,Basic health,Normal value,Constant USD ($ thousands),237274.752
2019,"Total official development assistance to medical research and basic heath sectors, net disbursement, by recipient countries",Unspecified,Medical research,Normal value,GBP (£ thousands),258744.6
2019,"Total official development assistance to medical research and basic heath sectors, net disbursement, by recipient countries",Unspecified,Medical research,Normal value,Constant USD ($ thousands),351308.525
2019,"Total official development assistance to medical research and basic heath sectors, net disbursement, by recipient countries",Unspecified,,Normal value,GBP (£ thousands),433501.42
2019,"Total official development assistance to medical research and basic heath sectors, net disbursement, by recipient countries",Unspecified,,Normal value,Constant USD ($ thousands),588583.277
2019,"Total official development assistance to medical research and basic heath sectors, net disbursement, by recipient countries",,Basic health,Normal value,GBP (£ thousands),488283.81
2019,"Total official development assistance to medical research and basic heath sectors, net disbursement, by recipient countries",,Basic health,Normal value,Constant USD ($ thousands),662963.653
2019,"Total official development assistance to medical research and basic heath sectors, net disbursement, by recipient countries",,Medical research,Normal value,GBP (£ thousands),333898.93
2019,"Total official development assistance to medical research and basic heath sectors, net disbursement, by recipient countries",,Medical research,Normal value,Constant USD ($ thousands),453348.749
2019,"Total official development assistance to medical research and basic heath sectors, net disbursement, by recipient countries",,,Normal value,GBP (£ thousands),822182.74
2019,"Total official development assistance to medical research and basic heath sectors, net disbursement, by recipient countries",,,Normal value,Constant USD ($ thousands),1116312.402
2020,"Total official development assistance to medical research and basic heath sectors, net disbursement, by recipient countries",LDCs,Basic health,Normal value,GBP (£ thousands),156312.12
2020,"Total official development assistance to medical research and basic heath sectors, net disbursement, by recipient countries",LDCs,Basic health,Normal value,Constant USD ($ thousands),200477.26
2020,"Total official development assistance to medical research and basic heath sectors, net disbursement, by recipient countries",LDCs,Medical research,Normal value,GBP (£ thousands),37396.68
2020,"Total official development assistance to medical research and basic heath sectors, net disbursement, by recipient countries",LDCs,Medical research,Normal value,Constant USD ($ thousands),47962.909
2020,"Total official development assistance to medical research and basic heath sectors, net disbursement, by recipient countries",LDCs,,Normal value,GBP (£ thousands),193708.8
2020,"Total official development assistance to medical research and basic heath sectors, net disbursement, by recipient countries",LDCs,,Normal value,Constant USD ($ thousands),248440.169
2020,"Total official development assistance to medical research and basic heath sectors, net disbursement, by recipient countries",LMICs,Basic health,Normal value,GBP (£ thousands),58742.27
2020,"Total official development assistance to medical research and basic heath sectors, net disbursement, by recipient countries",LMICs,Basic health,Normal value,Constant USD ($ thousands),75339.579
2020,"Total official development assistance to medical research and basic heath sectors, net disbursement, by recipient countries",LMICs,Medical research,Normal value,GBP (£ thousands),15523.07
2020,"Total official development assistance to medical research and basic heath sectors, net disbursement, by recipient countries",LMICs,Medical research,Normal value,Constant USD ($ thousands),19909.029
2020,"Total official development assistance to medical research and basic heath sectors, net disbursement, by recipient countries",LMICs,,Normal value,GBP (£ thousands),74265.34
2020,"Total official development assistance to medical research and basic heath sectors, net disbursement, by recipient countries",LMICs,,Normal value,Constant USD ($ thousands),95248.608
2020,"Total official development assistance to medical research and basic heath sectors, net disbursement, by recipient countries",Other LICs,Basic health,Normal value,GBP (£ thousands),21163.87
2020,"Total official development assistance to medical research and basic heath sectors, net disbursement, by recipient countries",Other LICs,Basic health,Normal value,Constant USD ($ thousands),27143.607
2020,"Total official development assistance to medical research and basic heath sectors, net disbursement, by recipient countries",Other LICs,Medical research,Normal value,GBP (£ thousands),578.97
2020,"Total official development assistance to medical research and basic heath sectors, net disbursement, by recipient countries",Other LICs,Medical research,Normal value,Constant USD ($ thousands),742.555
2020,"Total official development assistance to medical research and basic heath sectors, net disbursement, by recipient countries",Other LICs,,Normal value,GBP (£ thousands),21742.84
2020,"Total official development assistance to medical research and basic heath sectors, net disbursement, by recipient countries",Other LICs,,Normal value,Constant USD ($ thousands),27886.161
2020,"Total official development assistance to medical research and basic heath sectors, net disbursement, by recipient countries",UMICs,Basic health,Normal value,GBP (£ thousands),11410.4
2020,"Total official development assistance to medical research and basic heath sectors, net disbursement, by recipient countries",UMICs,Basic health,Normal value,Constant USD ($ thousands),14634.347
2020,"Total official development assistance to medical research and basic heath sectors, net disbursement, by recipient countries",UMICs,Medical research,Normal value,GBP (£ thousands),14124.95
2020,"Total official development assistance to medical research and basic heath sectors, net disbursement, by recipient countries",UMICs,Medical research,Normal value,Constant USD ($ thousands),18115.878
2020,"Total official development assistance to medical research and basic heath sectors, net disbursement, by recipient countries",UMICs,,Normal value,GBP (£ thousands),25535.35
2020,"Total official development assistance to medical research and basic heath sectors, net disbursement, by recipient countries",UMICs,,Normal value,Constant USD ($ thousands),32750.224
2020,"Total official development assistance to medical research and basic heath sectors, net disbursement, by recipient countries",Unspecified,Basic health,Normal value,GBP (£ thousands),489530.25
2020,"Total official development assistance to medical research and basic heath sectors, net disbursement, by recipient countries",Unspecified,Basic health,Normal value,Constant USD ($ thousands),627844.363
2020,"Total official development assistance to medical research and basic heath sectors, net disbursement, by recipient countries",Unspecified,Medical research,Normal value,GBP (£ thousands),304849.97
2020,"Total official development assistance to medical research and basic heath sectors, net disbursement, by recipient countries",Unspecified,Medical research,Normal value,Constant USD ($ thousands),390983.673
2020,"Total official development assistance to medical research and basic heath sectors, net disbursement, by recipient countries",Unspecified,,Normal value,GBP (£ thousands),794380.22
2020,"Total official development assistance to medical research and basic heath sectors, net disbursement, by recipient countries",Unspecified,,Normal value,Constant USD ($ thousands),1018828.036
2020,"Total official development assistance to medical research and basic heath sectors, net disbursement, by recipient countries",,Basic health,Normal value,GBP (£ thousands),737158.91
2020,"Total official development assistance to medical research and basic heath sectors, net disbursement, by recipient countries",,Basic health,Normal value,Constant USD ($ thousands),945439.156
2020,"Total official development assistance to medical research and basic heath sectors, net disbursement, by recipient countries",,Medical research,Normal value,GBP (£ thousands),372473.64
2020,"Total official development assistance to medical research and basic heath sectors, net disbursement, by recipient countries",,Medical research,Normal value,Constant USD ($ thousands),477714.044
2020,"Total official development assistance to medical research and basic heath sectors, net disbursement, by recipient countries",,,Normal value,GBP (£ thousands),1109632.55
2020,"Total official development assistance to medical research and basic heath sectors, net disbursement, by recipient countries",,,Normal value,Constant USD ($ thousands),1423153.2
2021,"Total official development assistance to medical research and basic heath sectors, net disbursement, by recipient countries",LDCs,Basic health,Normal value,GBP (£ thousands),71637.34
2021,"Total official development assistance to medical research and basic heath sectors, net disbursement, by recipient countries",LDCs,Basic health,Normal value,Constant USD ($ thousands),91146.272
2021,"Total official development assistance to medical research and basic heath sectors, net disbursement, by recipient countries",LDCs,Medical research,Normal value,GBP (£ thousands),32606.74
2021,"Total official development assistance to medical research and basic heath sectors, net disbursement, by recipient countries",LDCs,Medical research,Normal value,Constant USD ($ thousands),41486.504
2021,"Total official development assistance to medical research and basic heath sectors, net disbursement, by recipient countries",LDCs,,Normal value,GBP (£ thousands),104244.08
2021,"Total official development assistance to medical research and basic heath sectors, net disbursement, by recipient countries",LDCs,,Normal value,Constant USD ($ thousands),132632.775
2021,"Total official development assistance to medical research and basic heath sectors, net disbursement, by recipient countries",LMICs,Basic health,Normal value,GBP (£ thousands),26111.2
2021,"Total official development assistance to medical research and basic heath sectors, net disbursement, by recipient countries",LMICs,Basic health,Normal value,Constant USD ($ thousands),33222.039
2021,"Total official development assistance to medical research and basic heath sectors, net disbursement, by recipient countries",LMICs,Medical research,Normal value,GBP (£ thousands),16366.69
2021,"Total official development assistance to medical research and basic heath sectors, net disbursement, by recipient countries",LMICs,Medical research,Normal value,Constant USD ($ thousands),20823.816
2021,"Total official development assistance to medical research and basic heath sectors, net disbursement, by recipient countries",LMICs,,Normal value,GBP (£ thousands),42477.89
2021,"Total official development assistance to medical research and basic heath sectors, net disbursement, by recipient countries",LMICs,,Normal value,Constant USD ($ thousands),54045.855
2021,"Total official development assistance to medical research and basic heath sectors, net disbursement, by recipient countries",Other LICs,Basic health,Normal value,GBP (£ thousands),1968.53
2021,"Total official development assistance to medical research and basic heath sectors, net disbursement, by recipient countries",Other LICs,Basic health,Normal value,Constant USD ($ thousands),2504.618
2021,"Total official development assistance to medical research and basic heath sectors, net disbursement, by recipient countries",Other LICs,Medical research,Normal value,GBP (£ thousands),578.37
2021,"Total official development assistance to medical research and basic heath sectors, net disbursement, by recipient countries",Other LICs,Medical research,Normal value,Constant USD ($ thousands),735.877
2021,"Total official development assistance to medical research and basic heath sectors, net disbursement, by recipient countries",Other LICs,,Normal value,GBP (£ thousands),2546.9
2021,"Total official development assistance to medical research and basic heath sectors, net disbursement, by recipient countries",Other LICs,,Normal value,Constant USD ($ thousands),3240.495
2021,"Total official development assistance to medical research and basic heath sectors, net disbursement, by recipient countries",UMICs,Basic health,Normal value,GBP (£ thousands),11721.94
2021,"Total official development assistance to medical research and basic heath sectors, net disbursement, by recipient countries",UMICs,Basic health,Normal value,Constant USD ($ thousands),14914.165
2021,"Total official development assistance to medical research and basic heath sectors, net disbursement, by recipient countries",UMICs,Medical research,Normal value,GBP (£ thousands),14466.55
2021,"Total official development assistance to medical research and basic heath sectors, net disbursement, by recipient countries",UMICs,Medical research,Normal value,Constant USD ($ thousands),18406.212
2021,"Total official development assistance to medical research and basic heath sectors, net disbursement, by recipient countries",UMICs,,Normal value,GBP (£ thousands),26188.49
2021,"Total official development assistance to medical research and basic heath sectors, net disbursement, by recipient countries",UMICs,,Normal value,Constant USD ($ thousands),33320.378
2021,"Total official development assistance to medical research and basic heath sectors, net disbursement, by recipient countries",Unspecified,Basic health,Normal value,GBP (£ thousands),263263.16
2021,"Total official development assistance to medical research and basic heath sectors, net disbursement, by recipient countries",Unspecified,Basic health,Normal value,Constant USD ($ thousands),334957.377
2021,"Total official development assistance to medical research and basic heath sectors, net disbursement, by recipient countries",Unspecified,Medical research,Normal value,GBP (£ thousands),188191.08
2021,"Total official development assistance to medical research and basic heath sectors, net disbursement, by recipient countries",Unspecified,Medical research,Normal value,Constant USD ($ thousands),239440.985
2021,"Total official development assistance to medical research and basic heath sectors, net disbursement, by recipient countries",Unspecified,,Normal value,GBP (£ thousands),451454.24
2021,"Total official development assistance to medical research and basic heath sectors, net disbursement, by recipient countries",Unspecified,,Normal value,Constant USD ($ thousands),574398.362
2021,"Total official development assistance to medical research and basic heath sectors, net disbursement, by recipient countries",,Basic health,Normal value,GBP (£ thousands),374702.17
2021,"Total official development assistance to medical research and basic heath sectors, net disbursement, by recipient countries",,Basic health,Normal value,Constant USD ($ thousands),476744.471
2021,"Total official development assistance to medical research and basic heath sectors, net disbursement, by recipient countries",,Medical research,Normal value,GBP (£ thousands),252209.43
2021,"Total official development assistance to medical research and basic heath sectors, net disbursement, by recipient countries",,Medical research,Normal value,Constant USD ($ thousands),320893.394
2021,"Total official development assistance to medical research and basic heath sectors, net disbursement, by recipient countries",,,Normal value,GBP (£ thousands),626911.6
2021,"Total official development assistance to medical research and basic heath sectors, net disbursement, by recipient countries",,,Normal value,Constant USD ($ thousands),797637.865
