Year,Series,Type of partner abuse,Abuse sub-category,Age,Ethnicity,Ethnic group,Disability status,Country of birth,Region,Highest qualification,Income,Unit multiplier,Observation status,GeoCode,Value
2004 to 2005,Percentage of adults aged 16 to 59 (%),,,,,,,,,,,Units,Undefined,,8.65073932621
2005 to 2006,Percentage of adults aged 16 to 59 (%),,,,,,,,,,,Units,Undefined,,9.225465238632005
2006 to 2007,Percentage of adults aged 16 to 59 (%),,,,,,,,,,,Units,Undefined,,8.697371257098943
2008 to 2009,Percentage of adults aged 16 to 59 (%),,,,,,,,,,,Units,Undefined,,6.987348134078495
2009 to 2010,Percentage of adults aged 16 to 59 (%),,,,,,,,,,,Units,Undefined,,7.364374097201099
2010 to 2011,Percentage of adults aged 16 to 59 (%),,,,,,,,,,,Units,Undefined,,7.408327936314041
2011 to 2012,Percentage of adults aged 16 to 59 (%),,,,,,,,,,,Units,Undefined,,6.883648949880264
2012 to 2013,Percentage of adults aged 16 to 59 (%),,,,,,,,,,,Units,Undefined,,6.658768427674999
2013 to 2014,Percentage of adults aged 16 to 59 (%),,,,,,,,,,,Units,Undefined,,6.793446766110581
2014 to 2015,Percentage of adults aged 16 to 59 (%),,,,,,,,,,,Units,Undefined,,6.475845062340719
2015 to 2016,Percentage of adults aged 16 to 59 (%),,,,,,,,,,,Units,Undefined,,6.230880299786246
2016 to 2017,Percentage of adults aged 16 to 59 (%),,,,,,,,,,,Units,Undefined,,5.9466231116544055
2017 to 2018,Percentage of adults aged 16 to 59 (%),,,,,,,,,,,Units,Undefined,,6.256980807506083
2004 to 2005,Percentage of adults aged 16 to 59 (%),Non-sexual,,,,,,,,,,Units,Undefined,,8.625293705388907
2005 to 2006,Percentage of adults aged 16 to 59 (%),Non-sexual,,,,,,,,,,Units,Undefined,,8.777104856651162
2006 to 2007,Percentage of adults aged 16 to 59 (%),Non-sexual,,,,,,,,,,Units,Undefined,,8.644851039400082
2007 to 2008,Percentage of adults aged 16 to 59 (%),Non-sexual,,,,,,,,,,Units,Undefined,,7.538236298450419
2008 to 2009,Percentage of adults aged 16 to 59 (%),Non-sexual,,,,,,,,,,Units,Undefined,,6.538726123384942
2009 to 2010,Percentage of adults aged 16 to 59 (%),Non-sexual,,,,,,,,,,Units,Undefined,,7.178076724968522
2010 to 2011,Percentage of adults aged 16 to 59 (%),Non-sexual,,,,,,,,,,Units,Undefined,,6.44062097668439
2011 to 2012,Percentage of adults aged 16 to 59 (%),Non-sexual,,,,,,,,,,Units,Undefined,,7.023852624214969
2012 to 2013,Percentage of adults aged 16 to 59 (%),Non-sexual,,,,,,,,,,Units,Undefined,,6.078256537639273
2013 to 2014,Percentage of adults aged 16 to 59 (%),Non-sexual,,,,,,,,,,Units,Undefined,,5.9320273739687845
2014 to 2015,Percentage of adults aged 16 to 59 (%),Non-sexual,,,,,,,,,,Units,Undefined,,5.829772255247379
2015 to 2016,Percentage of adults aged 16 to 59 (%),Non-sexual,,,,,,,,,,Units,Undefined,,5.399304169547049
2016 to 2017,Percentage of adults aged 16 to 59 (%),Non-sexual,,,,,,,,,,Units,Undefined,,5.205224590337796
2017 to 2018,Percentage of adults aged 16 to 59 (%),Non-sexual,,,,,,,,,,Units,Undefined,,5.634464493511014
2004 to 2005,Percentage of adults aged 16 to 59 (%),Sexual (including attempts),,,,,,,,,,Units,Undefined,,0.4828248886613274
2005 to 2006,Percentage of adults aged 16 to 59 (%),Sexual (including attempts),,,,,,,,,,Units,Undefined,,0.6255429337042192
2006 to 2007,Percentage of adults aged 16 to 59 (%),Sexual (including attempts),,,,,,,,,,Units,Undefined,,0.5487955653666694
2007 to 2008,Percentage of adults aged 16 to 59 (%),Sexual (including attempts),,,,,,,,,,Units,Undefined,,0.5107272828684367
2008 to 2009,Percentage of adults aged 16 to 59 (%),Sexual (including attempts),,,,,,,,,,Units,Undefined,,0.3639448924789258
2009 to 2010,Percentage of adults aged 16 to 59 (%),Sexual (including attempts),,,,,,,,,,Units,Undefined,,0.3980199634390751
2010 to 2011,Percentage of adults aged 16 to 59 (%),Sexual (including attempts),,,,,,,,,,Units,Undefined,,0.5624311617348018
2011 to 2012,Percentage of adults aged 16 to 59 (%),Sexual (including attempts),,,,,,,,,,Units,Undefined,,0.5303549414807953
2012 to 2013,Percentage of adults aged 16 to 59 (%),Sexual (including attempts),,,,,,,,,,Units,Undefined,,0.4338800523292938
2013 to 2014,Percentage of adults aged 16 to 59 (%),Sexual (including attempts),,,,,,,,,,Units,Undefined,,0.3582775434737343
2014 to 2015,Percentage of adults aged 16 to 59 (%),Sexual (including attempts),,,,,,,,,,Units,Undefined,,0.4719631680398239
2015 to 2016,Percentage of adults aged 16 to 59 (%),Sexual (including attempts),,,,,,,,,,Units,Undefined,,0.4994100733694562
2016 to 2017,Percentage of adults aged 16 to 59 (%),Sexual (including attempts),,,,,,,,,,Units,Undefined,,0.4231242755473736
2017 to 2018,Percentage of adults aged 16 to 59 (%),Sexual (including attempts),,,,,,,,,,Units,Undefined,,0.3623950509756584
2004 to 2005,Percentage of adults aged 16 to 59 (%),Stalking by a partner/ex-partner,,,,,,,,,,Units,Undefined,,1.1804055592919838
2005 to 2006,Percentage of adults aged 16 to 59 (%),Stalking by a partner/ex-partner,,,,,,,,,,Units,Undefined,,1.4255795917877676
2006 to 2007,Percentage of adults aged 16 to 59 (%),Stalking by a partner/ex-partner,,,,,,,,,,Units,Undefined,,1.3627513533462998
2008 to 2009,Percentage of adults aged 16 to 59 (%),Stalking by a partner/ex-partner,,,,,,,,,,Units,Undefined,,1.0378400441767994
2009 to 2010,Percentage of adults aged 16 to 59 (%),Stalking by a partner/ex-partner,,,,,,,,,,Units,Undefined,,1.069310384322547
2010 to 2011,Percentage of adults aged 16 to 59 (%),Stalking by a partner/ex-partner,,,,,,,,,,Units,Undefined,,1.2691460193565305
2011 to 2012,Percentage of adults aged 16 to 59 (%),Stalking by a partner/ex-partner,,,,,,,,,,Units,Undefined,,1.0941469207189731
2012 to 2013,Percentage of adults aged 16 to 59 (%),Stalking by a partner/ex-partner,,,,,,,,,,Units,Undefined,,1.144135191856587
2013 to 2014,Percentage of adults aged 16 to 59 (%),Stalking by a partner/ex-partner,,,,,,,,,,Units,Undefined,,1.5857925160993764
2014 to 2015,Percentage of adults aged 16 to 59 (%),Stalking by a partner/ex-partner,,,,,,,,,,Units,Undefined,,1.5551206345972843
2015 to 2016,Percentage of adults aged 16 to 59 (%),Stalking by a partner/ex-partner,,,,,,,,,,Units,Undefined,,1.2848466556626308
2016 to 2017,Percentage of adults aged 16 to 59 (%),Stalking by a partner/ex-partner,,,,,,,,,,Units,Undefined,,1.32279797910538
2017 to 2018,Percentage of adults aged 16 to 59 (%),Stalking by a partner/ex-partner,,,,,,,,,,Units,Undefined,,1.4007702136740203
2004 to 2005,Percentage of adults aged 16 to 59 (%),Non-sexual,"Non-physical abuse (emotional, financial)",,,,,,,,,Units,Undefined,,5.854566667074447
2005 to 2006,Percentage of adults aged 16 to 59 (%),Non-sexual,"Non-physical abuse (emotional, financial)",,,,,,,,,Units,Undefined,,5.634773292338013
2006 to 2007,Percentage of adults aged 16 to 59 (%),Non-sexual,"Non-physical abuse (emotional, financial)",,,,,,,,,Units,Undefined,,5.495721993656177
2007 to 2008,Percentage of adults aged 16 to 59 (%),Non-sexual,"Non-physical abuse (emotional, financial)",,,,,,,,,Units,Undefined,,5.349678028923066
2008 to 2009,Percentage of adults aged 16 to 59 (%),Non-sexual,"Non-physical abuse (emotional, financial)",,,,,,,,,Units,Undefined,,4.197981733493329
2009 to 2010,Percentage of adults aged 16 to 59 (%),Non-sexual,"Non-physical abuse (emotional, financial)",,,,,,,,,Units,Undefined,,4.612131289790768
2010 to 2011,Percentage of adults aged 16 to 59 (%),Non-sexual,"Non-physical abuse (emotional, financial)",,,,,,,,,Units,Undefined,,4.361206718179775
2011 to 2012,Percentage of adults aged 16 to 59 (%),Non-sexual,"Non-physical abuse (emotional, financial)",,,,,,,,,Units,Undefined,,4.65336561024513
2012 to 2013,Percentage of adults aged 16 to 59 (%),Non-sexual,"Non-physical abuse (emotional, financial)",,,,,,,,,Units,Undefined,,4.48934388028741
2013 to 2014,Percentage of adults aged 16 to 59 (%),Non-sexual,"Non-physical abuse (emotional, financial)",,,,,,,,,Units,Undefined,,4.2144843328988895
2014 to 2015,Percentage of adults aged 16 to 59 (%),Non-sexual,"Non-physical abuse (emotional, financial)",,,,,,,,,Units,Undefined,,3.9985415271805698
2015 to 2016,Percentage of adults aged 16 to 59 (%),Non-sexual,"Non-physical abuse (emotional, financial)",,,,,,,,,Units,Undefined,,3.938480542527144
2016 to 2017,Percentage of adults aged 16 to 59 (%),Non-sexual,"Non-physical abuse (emotional, financial)",,,,,,,,,Units,Undefined,,4.0040690398472885
2017 to 2018,Percentage of adults aged 16 to 59 (%),Non-sexual,"Non-physical abuse (emotional, financial)",,,,,,,,,Units,Undefined,,4.50316037620542
2004 to 2005,Percentage of adults aged 16 to 59 (%),Non-sexual,Threats or force,,,,,,,,,Units,Undefined,,5.604157963269262
2005 to 2006,Percentage of adults aged 16 to 59 (%),Non-sexual,Threats or force,,,,,,,,,Units,Undefined,,6.108059145189841
2006 to 2007,Percentage of adults aged 16 to 59 (%),Non-sexual,Threats or force,,,,,,,,,Units,Undefined,,5.908326457471899
2007 to 2008,Percentage of adults aged 16 to 59 (%),Non-sexual,Threats or force,,,,,,,,,Units,Undefined,,4.61994991949354
2008 to 2009,Percentage of adults aged 16 to 59 (%),Non-sexual,Threats or force,,,,,,,,,Units,Undefined,,4.45860265683536
2009 to 2010,Percentage of adults aged 16 to 59 (%),Non-sexual,Threats or force,,,,,,,,,Units,Undefined,,4.868333313041686
2010 to 2011,Percentage of adults aged 16 to 59 (%),Non-sexual,Threats or force,,,,,,,,,Units,Undefined,,4.172799708627895
2011 to 2012,Percentage of adults aged 16 to 59 (%),Non-sexual,Threats or force,,,,,,,,,Units,Undefined,,4.520087844773491
2012 to 2013,Percentage of adults aged 16 to 59 (%),Non-sexual,Threats or force,,,,,,,,,Units,Undefined,,3.7442693015367614
2013 to 2014,Percentage of adults aged 16 to 59 (%),Non-sexual,Threats or force,,,,,,,,,Units,Undefined,,3.6065785075636585
2014 to 2015,Percentage of adults aged 16 to 59 (%),Non-sexual,Threats or force,,,,,,,,,Units,Undefined,,3.586691851130932
2015 to 2016,Percentage of adults aged 16 to 59 (%),Non-sexual,Threats or force,,,,,,,,,Units,Undefined,,3.047741361147224
2016 to 2017,Percentage of adults aged 16 to 59 (%),Non-sexual,Threats or force,,,,,,,,,Units,Undefined,,2.792484731353305
2017 to 2018,Percentage of adults aged 16 to 59 (%),Non-sexual,Threats or force,,,,,,,,,Units,Undefined,,3.01373143062272
2004 to 2005,Percentage of adults aged 16 to 59 (%),Non-sexual,Threats,,,,,,,,,Units,Undefined,,4.183591184719106
2005 to 2006,Percentage of adults aged 16 to 59 (%),Non-sexual,Threats,,,,,,,,,Units,Undefined,,4.771790191188417
2006 to 2007,Percentage of adults aged 16 to 59 (%),Non-sexual,Threats,,,,,,,,,Units,Undefined,,4.6524044565515
2007 to 2008,Percentage of adults aged 16 to 59 (%),Non-sexual,Threats,,,,,,,,,Units,Undefined,,3.972830448563644
2008 to 2009,Percentage of adults aged 16 to 59 (%),Non-sexual,Threats,,,,,,,,,Units,Undefined,,3.3439634222330987
2009 to 2010,Percentage of adults aged 16 to 59 (%),Non-sexual,Threats,,,,,,,,,Units,Undefined,,4.078203205535926
2010 to 2011,Percentage of adults aged 16 to 59 (%),Non-sexual,Threats,,,,,,,,,Units,Undefined,,3.2815491310360336
2011 to 2012,Percentage of adults aged 16 to 59 (%),Non-sexual,Threats,,,,,,,,,Units,Undefined,,3.3998839071292077
2012 to 2013,Percentage of adults aged 16 to 59 (%),Non-sexual,Threats,,,,,,,,,Units,Undefined,,3.0077485940514297
2013 to 2014,Percentage of adults aged 16 to 59 (%),Non-sexual,Threats,,,,,,,,,Units,Undefined,,2.8144319142497727
2014 to 2015,Percentage of adults aged 16 to 59 (%),Non-sexual,Threats,,,,,,,,,Units,Undefined,,2.865624602127769
2015 to 2016,Percentage of adults aged 16 to 59 (%),Non-sexual,Threats,,,,,,,,,Units,Undefined,,2.310985947733376
2016 to 2017,Percentage of adults aged 16 to 59 (%),Non-sexual,Threats,,,,,,,,,Units,Undefined,,2.171177475195244
2017 to 2018,Percentage of adults aged 16 to 59 (%),Non-sexual,Threats,,,,,,,,,Units,Undefined,,2.3265602815472985
2004 to 2005,Percentage of adults aged 16 to 59 (%),Non-sexual,Force,,,,,,,,,Units,Undefined,,3.5634181351962
2005 to 2006,Percentage of adults aged 16 to 59 (%),Non-sexual,Force,,,,,,,,,Units,Undefined,,3.889816990341802
2006 to 2007,Percentage of adults aged 16 to 59 (%),Non-sexual,Force,,,,,,,,,Units,Undefined,,3.4808633995224074
2007 to 2008,Percentage of adults aged 16 to 59 (%),Non-sexual,Force,,,,,,,,,Units,Undefined,,2.9385539302063552
2008 to 2009,Percentage of adults aged 16 to 59 (%),Non-sexual,Force,,,,,,,,,Units,Undefined,,2.851179061413502
2009 to 2010,Percentage of adults aged 16 to 59 (%),Non-sexual,Force,,,,,,,,,Units,Undefined,,2.9104661152586537
2010 to 2011,Percentage of adults aged 16 to 59 (%),Non-sexual,Force,,,,,,,,,Units,Undefined,,2.7919877315825
2011 to 2012,Percentage of adults aged 16 to 59 (%),Non-sexual,Force,,,,,,,,,Units,Undefined,,2.980770449063458
2012 to 2013,Percentage of adults aged 16 to 59 (%),Non-sexual,Force,,,,,,,,,Units,Undefined,,2.064218169750693
2013 to 2014,Percentage of adults aged 16 to 59 (%),Non-sexual,Force,,,,,,,,,Units,Undefined,,2.031989783834395
2014 to 2015,Percentage of adults aged 16 to 59 (%),Non-sexual,Force,,,,,,,,,Units,Undefined,,1.8551133023785875
2015 to 2016,Percentage of adults aged 16 to 59 (%),Non-sexual,Force,,,,,,,,,Units,Undefined,,1.709937407239519
2016 to 2017,Percentage of adults aged 16 to 59 (%),Non-sexual,Force,,,,,,,,,Units,Undefined,,1.5447026462363065
2017 to 2018,Percentage of adults aged 16 to 59 (%),Non-sexual,Force,,,,,,,,,Units,Undefined,,1.6806842213750994
2004 to 2005,Percentage of adults aged 16 to 59 (%),Sexual (including attempts),Sexual assault by rape or penetration (including attempts),,,,,,,,,Units,Undefined,,0.2634375632684015
2005 to 2006,Percentage of adults aged 16 to 59 (%),Sexual (including attempts),Sexual assault by rape or penetration (including attempts),,,,,,,,,Units,Undefined,,0.2780808624816958
2006 to 2007,Percentage of adults aged 16 to 59 (%),Sexual (including attempts),Sexual assault by rape or penetration (including attempts),,,,,,,,,Units,Undefined,,0.3103073721772985
2007 to 2008,Percentage of adults aged 16 to 59 (%),Sexual (including attempts),Sexual assault by rape or penetration (including attempts),,,,,,,,,Units,Undefined,,0.2537771390430153
2008 to 2009,Percentage of adults aged 16 to 59 (%),Sexual (including attempts),Sexual assault by rape or penetration (including attempts),,,,,,,,,Units,Undefined,,0.2238318396943665
2009 to 2010,Percentage of adults aged 16 to 59 (%),Sexual (including attempts),Sexual assault by rape or penetration (including attempts),,,,,,,,,Units,Undefined,,0.2073288133734691
2010 to 2011,Percentage of adults aged 16 to 59 (%),Sexual (including attempts),Sexual assault by rape or penetration (including attempts),,,,,,,,,Units,Undefined,,0.3959779162364004
2011 to 2012,Percentage of adults aged 16 to 59 (%),Sexual (including attempts),Sexual assault by rape or penetration (including attempts),,,,,,,,,Units,Undefined,,0.3442672798097526
2012 to 2013,Percentage of adults aged 16 to 59 (%),Sexual (including attempts),Sexual assault by rape or penetration (including attempts),,,,,,,,,Units,Undefined,,0.3204584650171746
2013 to 2014,Percentage of adults aged 16 to 59 (%),Sexual (including attempts),Sexual assault by rape or penetration (including attempts),,,,,,,,,Units,Undefined,,0.2413177029973642
2014 to 2015,Percentage of adults aged 16 to 59 (%),Sexual (including attempts),Sexual assault by rape or penetration (including attempts),,,,,,,,,Units,Undefined,,0.2663205459845867
2015 to 2016,Percentage of adults aged 16 to 59 (%),Sexual (including attempts),Sexual assault by rape or penetration (including attempts),,,,,,,,,Units,Undefined,,0.2974140031947678
2016 to 2017,Percentage of adults aged 16 to 59 (%),Sexual (including attempts),Sexual assault by rape or penetration (including attempts),,,,,,,,,Units,Undefined,,0.2957512443525279
2017 to 2018,Percentage of adults aged 16 to 59 (%),Sexual (including attempts),Sexual assault by rape or penetration (including attempts),,,,,,,,,Units,Undefined,,0.2244226331171566
2004 to 2005,Percentage of adults aged 16 to 59 (%),Sexual (including attempts),Indecent exposure or unwanted sexual touching by a partner,,,,,,,,,Units,Undefined,,0.4636297297425751
2005 to 2006,Percentage of adults aged 16 to 59 (%),Sexual (including attempts),Indecent exposure or unwanted sexual touching by a partner,,,,,,,,,Units,Undefined,,0.6214529325641317
2006 to 2007,Percentage of adults aged 16 to 59 (%),Sexual (including attempts),Indecent exposure or unwanted sexual touching by a partner,,,,,,,,,Units,Undefined,,0.5411480589081344
2007 to 2008,Percentage of adults aged 16 to 59 (%),Sexual (including attempts),Indecent exposure or unwanted sexual touching by a partner,,,,,,,,,Units,Undefined,,0.4885994193608259
2008 to 2009,Percentage of adults aged 16 to 59 (%),Sexual (including attempts),Indecent exposure or unwanted sexual touching by a partner,,,,,,,,,Units,Undefined,,0.2686457351589055
2009 to 2010,Percentage of adults aged 16 to 59 (%),Sexual (including attempts),Indecent exposure or unwanted sexual touching by a partner,,,,,,,,,Units,Undefined,,0.4400372725020354
2010 to 2011,Percentage of adults aged 16 to 59 (%),Sexual (including attempts),Indecent exposure or unwanted sexual touching by a partner,,,,,,,,,Units,Undefined,,0.4457061667101186
2011 to 2012,Percentage of adults aged 16 to 59 (%),Sexual (including attempts),Indecent exposure or unwanted sexual touching by a partner,,,,,,,,,Units,Undefined,,0.402680877040676
2012 to 2013,Percentage of adults aged 16 to 59 (%),Sexual (including attempts),Indecent exposure or unwanted sexual touching by a partner,,,,,,,,,Units,Undefined,,0.2414814727478358
2013 to 2014,Percentage of adults aged 16 to 59 (%),Sexual (including attempts),Indecent exposure or unwanted sexual touching by a partner,,,,,,,,,Units,Undefined,,0.2133264935196214
2014 to 2015,Percentage of adults aged 16 to 59 (%),Sexual (including attempts),Indecent exposure or unwanted sexual touching by a partner,,,,,,,,,Units,Undefined,,0.3339368703317226
2015 to 2016,Percentage of adults aged 16 to 59 (%),Sexual (including attempts),Indecent exposure or unwanted sexual touching by a partner,,,,,,,,,Units,Undefined,,0.3781658131002129
2016 to 2017,Percentage of adults aged 16 to 59 (%),Sexual (including attempts),Indecent exposure or unwanted sexual touching by a partner,,,,,,,,,Units,Undefined,,0.2566273183447821
2017 to 2018,Percentage of adults aged 16 to 59 (%),Sexual (including attempts),Indecent exposure or unwanted sexual touching by a partner,,,,,,,,,Units,Undefined,,0.2594601655545305
2018 to 2019,Percentage of adults aged 16 to 59 (%),,,,,,,,,,,Units,Undefined,,6.375420398669647
2018 to 2019,Percentage of adults aged 16 to 59 (%),Non-sexual,,,,,,,,,,Units,Undefined,,5.386574496652863
2018 to 2019,Percentage of adults aged 16 to 59 (%),Sexual (including attempts),,,,,,,,,,Units,Undefined,,0.7156394256004414
2018 to 2019,Percentage of adults aged 16 to 59 (%),Stalking by a partner/ex-partner,,,,,,,,,,Units,Undefined,,1.5868831784630997
2018 to 2019,Percentage of adults aged 16 to 59 (%),Non-sexual,"Non-physical abuse (emotional, financial)",,,,,,,,,Units,Undefined,,4.312473389560704
2018 to 2019,Percentage of adults aged 16 to 59 (%),Non-sexual,Threats or force,,,,,,,,,Units,Undefined,,2.7198523606895333
2018 to 2019,Percentage of adults aged 16 to 59 (%),Non-sexual,Threats,,,,,,,,,Units,Undefined,,2.201236226812955
2018 to 2019,Percentage of adults aged 16 to 59 (%),Non-sexual,Force,,,,,,,,,Units,Undefined,,1.554991113947459
2018 to 2019,Percentage of adults aged 16 to 59 (%),Sexual (including attempts),Sexual assault by rape or penetration (including attempts),,,,,,,,,Units,Undefined,,0.3071479617474434
2018 to 2019,Percentage of adults aged 16 to 59 (%),Sexual (including attempts),Indecent exposure or unwanted sexual touching by a partner,,,,,,,,,Units,Undefined,,0.518446833404983
2018 to 2019,Percentage of adults aged 16 to 59 (%),,,16 to 19,,,,,,,,Units,Undefined,,6.398095313844578
2018 to 2019,Percentage of adults aged 16 to 59 (%),,,20 to 24,,,,,,,,Units,Undefined,,9.930108160995674
2018 to 2019,Percentage of adults aged 16 to 59 (%),,,25 to 34,,,,,,,,Units,Undefined,,6.332597458337927
2018 to 2019,Percentage of adults aged 16 to 59 (%),,,35 to 44,,,,,,,,Units,Undefined,,5.70113500747042
2018 to 2019,Percentage of adults aged 16 to 59 (%),,,45 to 54,,,,,,,,Units,Undefined,,6.61801180212792
2018 to 2019,Percentage of adults aged 16 to 59 (%),,,55 to 59,,,,,,,,Units,Undefined,,3.9507204967890144
2018 to 2019,Percentage of adults aged 16 to 59 (%),,,,White,,,,,,,Units,Undefined,,6.353924225017511
2018 to 2019,Percentage of adults aged 16 to 59 (%),,,,White,English/Welsh/Scottish/Northern Irish/British,,,,,,Units,Undefined,,6.673899900744563
2018 to 2019,Percentage of adults aged 16 to 59 (%),,,,White,Any other White background,,,,,,Units,Undefined,,3.68867968607566
2018 to 2019,Percentage of adults aged 16 to 59 (%),,,,Asian/Asian British,,,,,,,Units,Undefined,,3.96103477512768
2018 to 2019,Percentage of adults aged 16 to 59 (%),,,,Asian/Asian British,Indian,,,,,,Units,Undefined,,4.92868674589676
2018 to 2019,Percentage of adults aged 16 to 59 (%),,,,Asian/Asian British,Any other Asian background,,,,,,Units,Undefined,,3.6705545399037742
2018 to 2019,Percentage of adults aged 16 to 59 (%),,,,Black/African/Caribbean/Black British,,,,,,,Units,Undefined,,5.984063581150903
2018 to 2019,Percentage of adults aged 16 to 59 (%),,,,Black/African/Caribbean/Black British,African,,,,,,Units,Undefined,,3.6705545399037742
2018 to 2019,Percentage of adults aged 16 to 59 (%),,,,Other ethnic group,,,,,,,Units,Undefined,,6.080243545033024
2018 to 2019,Percentage of adults aged 16 to 59 (%),,,,,,,,,Degree or diploma,,Units,Undefined,,5.862546261571944
2018 to 2019,Percentage of adults aged 16 to 59 (%),,,,,,,,,Apprenticeship or A/AS level,,Units,Undefined,,7.377468349205325
2018 to 2019,Percentage of adults aged 16 to 59 (%),,,,,,,,,O level/GCSE,,Units,Undefined,,7.809696845786148
2018 to 2019,Percentage of adults aged 16 to 59 (%),,,,,,,,,Other qualification,,Units,Undefined,,4.092801401139943
2018 to 2019,Percentage of adults aged 16 to 59 (%),,,,,,,,,No qualification,,Units,Undefined,,4.30894024024491
2018 to 2019,Percentage of adults aged 16 to 59 (%),,,,,,Disabled (GSS harmonised),,,,,Units,Undefined,,12.874502258303108
2018 to 2019,Percentage of adults aged 16 to 59 (%),,,,,,Non-disabled (GSS harmonised),,,,,Units,Undefined,,5.408475819471454
2018 to 2019,Percentage of adults aged 16 to 59 (%),,,,,,,Born in UK,,,,Units,Undefined,,6.994836460742056
2018 to 2019,Percentage of adults aged 16 to 59 (%),,,,,,,Not born in UK,,,,Units,Undefined,,3.751814790000308
2018 to 2019,Percentage of adults aged 16 to 59 (%),,,,,,,,North East,,,Units,Undefined,E12000001,5.561740809721062
2018 to 2019,Percentage of adults aged 16 to 59 (%),,,,,,,,North West,,,Units,Undefined,E12000002,5.371183451154077
2018 to 2019,Percentage of adults aged 16 to 59 (%),,,,,,,,Yorkshire and the Humber,,,Units,Undefined,E12000003,6.698017196980207
2018 to 2019,Percentage of adults aged 16 to 59 (%),,,,,,,,East Midlands,,,Units,Undefined,E12000004,6.502998473294327
2018 to 2019,Percentage of adults aged 16 to 59 (%),,,,,,,,West Midlands,,,Units,Undefined,E12000005,7.622626516801965
2018 to 2019,Percentage of adults aged 16 to 59 (%),,,,,,,,East of England,,,Units,Undefined,E12000006,9.07384781836761
2018 to 2019,Percentage of adults aged 16 to 59 (%),,,,,,,,London,,,Units,Undefined,E12000007,4.296935465500357
2018 to 2019,Percentage of adults aged 16 to 59 (%),,,,,,,,South East,,,Units,Undefined,E12000008,7.390511338227942
2018 to 2019,Percentage of adults aged 16 to 59 (%),,,,,,,,South West,,,Units,Undefined,E12000009,5.728663959123086
2018 to 2019,Percentage of adults aged 16 to 59 (%),,,,,,,,Wales,,,Units,Undefined,W92000004,5.624540167097664
2017 to 2018,Percentage of adults aged 16 to 74 (%),,,,,,,,,,,Units,Undefined,,6.938693743857272
2018 to 2019,Percentage of adults aged 16 to 74 (%),,,,,,,,,,,Units,Undefined,,7.4885088193731475
2019 to 2020,Percentage of adults aged 16 to 74 (%),,,,,,,,,,,Units,Undefined,,7.316400451564963
2017 to 2018,Percentage of adults aged 16 to 74 (%),Non-sexual,,,,,,,,,,Units,Undefined,,4.974860099024248
2018 to 2019,Percentage of adults aged 16 to 74 (%),Non-sexual,,,,,,,,,,Units,Undefined,,4.790548606029917
2019 to 2020,Percentage of adults aged 16 to 74 (%),Non-sexual,,,,,,,,,,Units,Undefined,,4.927129901727842
2017 to 2018,Percentage of adults aged 16 to 74 (%),Sexual (including attempts),,,,,,,,,,Units,Undefined,,0.2894603764013572
2018 to 2019,Percentage of adults aged 16 to 74 (%),Sexual (including attempts),,,,,,,,,,Units,Undefined,,0.5930736137767034
2019 to 2020,Percentage of adults aged 16 to 74 (%),Sexual (including attempts),,,,,,,,,,Units,Undefined,,0.5380015044765761
2017 to 2018,Percentage of adults aged 16 to 74 (%),Stalking by a partner/ex-partner,,,,,,,,,,Units,Undefined,,1.133734536301356
2018 to 2019,Percentage of adults aged 16 to 74 (%),Stalking by a partner/ex-partner,,,,,,,,,,Units,Undefined,,1.3109732698574317
2019 to 2020,Percentage of adults aged 16 to 74 (%),Stalking by a partner/ex-partner,,,,,,,,,,Units,Undefined,,0.9690093356579844
2017 to 2018,Percentage of adults aged 16 to 74 (%),Non-sexual,"Non-physical abuse (emotional, financial)",,,,,,,,,Units,Undefined,,3.946979077304605
2018 to 2019,Percentage of adults aged 16 to 74 (%),Non-sexual,"Non-physical abuse (emotional, financial)",,,,,,,,,Units,Undefined,,3.801577354843076
2019 to 2020,Percentage of adults aged 16 to 74 (%),Non-sexual,"Non-physical abuse (emotional, financial)",,,,,,,,,Units,Undefined,,3.7964250845242753
2017 to 2018,Percentage of adults aged 16 to 74 (%),Non-sexual,Threats or force,,,,,,,,,Units,Undefined,,2.6565232178013463
2018 to 2019,Percentage of adults aged 16 to 74 (%),Non-sexual,Threats or force,,,,,,,,,Units,Undefined,,2.3808746450023484
2019 to 2020,Percentage of adults aged 16 to 74 (%),Non-sexual,Threats or force,,,,,,,,,Units,Undefined,,2.5183716189149243
2017 to 2018,Percentage of adults aged 16 to 74 (%),Non-sexual,Threats,,,,,,,,,Units,Undefined,,2.058231727488938
2018 to 2019,Percentage of adults aged 16 to 74 (%),Non-sexual,Threats,,,,,,,,,Units,Undefined,,1.8822259573279263
2019 to 2020,Percentage of adults aged 16 to 74 (%),Non-sexual,Threats,,,,,,,,,Units,Undefined,,1.9132671423170728
2017 to 2018,Percentage of adults aged 16 to 74 (%),Non-sexual,Force,,,,,,,,,Units,Undefined,,1.4636299725156157
2018 to 2019,Percentage of adults aged 16 to 74 (%),Non-sexual,Force,,,,,,,,,Units,Undefined,,1.34901882843463
2019 to 2020,Percentage of adults aged 16 to 74 (%),Non-sexual,Force,,,,,,,,,Units,Undefined,,1.3884237540141666
2017 to 2018,Percentage of adults aged 16 to 74 (%),Sexual (including attempts),Sexual assault by rape or penetration (including attempts),,,,,,,,,Units,Undefined,,0.179309502461844
2018 to 2019,Percentage of adults aged 16 to 74 (%),Sexual (including attempts),Sexual assault by rape or penetration (including attempts),,,,,,,,,Units,Undefined,,0.268476393653924
2019 to 2020,Percentage of adults aged 16 to 74 (%),Sexual (including attempts),Sexual assault by rape or penetration (including attempts),,,,,,,,,Units,Undefined,,0.364408733376186
2017 to 2018,Percentage of adults aged 16 to 74 (%),Sexual (including attempts),Indecent exposure or unwanted sexual touching by a partner,,,,,,,,,Units,Undefined,,0.2070023011334816
2018 to 2019,Percentage of adults aged 16 to 74 (%),Sexual (including attempts),Indecent exposure or unwanted sexual touching by a partner,,,,,,,,,Units,Undefined,,0.4117322296420006
2019 to 2020,Percentage of adults aged 16 to 74 (%),Sexual (including attempts),Indecent exposure or unwanted sexual touching by a partner,,,,,,,,,Units,Undefined,,0.3316609734036738
2018 to 2019,Percentage of adults aged 16 to 74 (%),,,16 to 19,,,,,,,,Units,Undefined,,6.398095313844578
2018 to 2019,Percentage of adults aged 16 to 74 (%),,,20 to 24,,,,,,,,Units,Undefined,,9.930108160995674
2018 to 2019,Percentage of adults aged 16 to 74 (%),,,25 to 34,,,,,,,,Units,Undefined,,6.332597458337927
2018 to 2019,Percentage of adults aged 16 to 74 (%),,,35 to 44,,,,,,,,Units,Undefined,,5.70113500747042
2018 to 2019,Percentage of adults aged 16 to 74 (%),,,45 to 54,,,,,,,,Units,Undefined,,6.61801180212792
2018 to 2019,Percentage of adults aged 16 to 74 (%),,,55 to 59,,,,,,,,Units,Undefined,,3.9507204967890144
2018 to 2019,Percentage of adults aged 16 to 74 (%),,,60 to 74,,,,,,,,Units,Undefined,,2.7015209986958064
2018 to 2019,Percentage of adults aged 16 to 74 (%),,,,White,,,,,,,Units,Undefined,,5.563858898858095
2018 to 2019,Percentage of adults aged 16 to 74 (%),,,,White,English/Welsh/Scottish/Northern Irish/British,,,,,,Units,Undefined,,5.779358265377244
2018 to 2019,Percentage of adults aged 16 to 74 (%),,,,White,Any other White background,,,,,,Units,Undefined,,3.513469486828807
2018 to 2019,Percentage of adults aged 16 to 74 (%),,,,Asian/Asian British,,,,,,,Units,Undefined,,3.6053749083585847
2018 to 2019,Percentage of adults aged 16 to 74 (%),,,,Asian/Asian British,Indian,,,,,,Units,Undefined,,4.234301998563054
2018 to 2019,Percentage of adults aged 16 to 74 (%),,,,Asian/Asian British,Pakistani,,,,,,Units,Undefined,,5.983759859695322
2018 to 2019,Percentage of adults aged 16 to 74 (%),,,,Asian/Asian British,Any other Asian background,,,,,,Units,Undefined,,0.0
2018 to 2019,Percentage of adults aged 16 to 74 (%),,,,Black/African/Caribbean/Black British,,,,,,,Units,Undefined,,5.525981677231917
2018 to 2019,Percentage of adults aged 16 to 74 (%),,,,Black/African/Caribbean/Black British,,,,,,,Units,Undefined,,3.458988191006348
2018 to 2019,Percentage of adults aged 16 to 74 (%),,,,Black/African/Caribbean/Black British,,,,,,,Units,Undefined,,10.552326925082305
2018 to 2019,Percentage of adults aged 16 to 74 (%),,,,Other ethnic group,,,,,,,Units,Undefined,,5.632404694978325
2018 to 2019,Percentage of adults aged 16 to 74 (%),,,,,,Disabled (GSS harmonised),,,,,Units,Undefined,,9.976597837604867
2018 to 2019,Percentage of adults aged 16 to 74 (%),,,,,,Non-disabled (GSS harmonised),,,,,Units,Undefined,,4.861129691921827
2018 to 2019,Percentage of adults aged 16 to 74 (%),,,,,,,Born in UK,,,,Units,Undefined,,6.057586618313199
2018 to 2019,Percentage of adults aged 16 to 74 (%),,,,,,,Not born in UK,,,,Units,Undefined,,3.4921502152097754
2018 to 2019,Percentage of adults aged 16 to 74 (%),,,,,,,,North East,,,Units,Undefined,E12000001,4.474192351070757
2018 to 2019,Percentage of adults aged 16 to 74 (%),,,,,,,,North West,,,Units,Undefined,E12000002,4.754530711897975
2018 to 2019,Percentage of adults aged 16 to 74 (%),,,,,,,,Yorkshire and the Humber,,,Units,Undefined,E12000003,5.849628574327949
2018 to 2019,Percentage of adults aged 16 to 74 (%),,,,,,,,East Midlands,,,Units,Undefined,E12000004,6.271410139907447
2018 to 2019,Percentage of adults aged 16 to 74 (%),,,,,,,,West Midlands,,,Units,Undefined,E12000005,6.389789982640518
2018 to 2019,Percentage of adults aged 16 to 74 (%),,,,,,,,East of England,,,Units,Undefined,E12000006,7.574170155030112
2018 to 2019,Percentage of adults aged 16 to 74 (%),,,,,,,,London,,,Units,Undefined,E12000007,3.999234467278249
2018 to 2019,Percentage of adults aged 16 to 74 (%),,,,,,,,South East,,,Units,Undefined,E12000008,6.5210044698305305
2018 to 2019,Percentage of adults aged 16 to 74 (%),,,,,,,,South West,,,Units,Undefined,E12000009,4.98837887914196
2018 to 2019,Percentage of adults aged 16 to 74 (%),,,,,,,,Wales,,,Units,Undefined,W92000004,4.8418383058702
2018 to 2019,Percentage of adults aged 16 to 74 (%),,,,,,,,,Degree or diploma,,Units,Undefined,,5.365121807174528
2018 to 2019,Percentage of adults aged 16 to 74 (%),,,,,,,,,Apprenticeship or A/AS level,,Units,Undefined,,6.6670736857809
2018 to 2019,Percentage of adults aged 16 to 74 (%),,,,,,,,,O level/GCSE,,Units,Undefined,,6.840244175460455
2018 to 2019,Percentage of adults aged 16 to 74 (%),,,,,,,,,Other qualification,,Units,Undefined,,3.863436990558932
2018 to 2019,Percentage of adults aged 16 to 74 (%),,,,,,,,,No qualification,,Units,Undefined,,3.275656966430622
2019 to 2020,Percentage of adults aged 16 to 74 (%),,,16 to 19,,,,,,,,Units,Undefined,,9.719238333188644
2019 to 2020,Percentage of adults aged 16 to 74 (%),,,20 to 24,,,,,,,,Units,Undefined,,7.479848829135867
2019 to 2020,Percentage of adults aged 16 to 74 (%),,,25 to 34,,,,,,,,Units,Undefined,,5.892359528224055
2019 to 2020,Percentage of adults aged 16 to 74 (%),,,35 to 44,,,,,,,,Units,Undefined,,5.449931264523441
2019 to 2020,Percentage of adults aged 16 to 74 (%),,,45 to 54,,,,,,,,Units,Undefined,,6.134100976716416
2019 to 2020,Percentage of adults aged 16 to 74 (%),,,55 to 59,,,,,,,,Units,Undefined,,4.662433287666621
2019 to 2020,Percentage of adults aged 16 to 74 (%),,,60 to 74,,,,,,,,Units,Undefined,,3.443561782805657
2019 to 2020,Percentage of adults aged 16 to 74 (%),,,,White,,,,,,,Units,Undefined,,5.901064136298121
2019 to 2020,Percentage of adults aged 16 to 74 (%),,,,White,English/Welsh/Scottish/Northern Irish/British,,,,,,Units,Undefined,,6.1273260028778616
2019 to 2020,Percentage of adults aged 16 to 74 (%),,,,White,Any other White background,,,,,,Units,Undefined,,3.488434803505497
2019 to 2020,Percentage of adults aged 16 to 74 (%),,,,Asian/Asian British,,,,,,,Units,Undefined,,3.017858164176115
2019 to 2020,Percentage of adults aged 16 to 74 (%),,,,Asian/Asian British,Indian,,,,,,Units,Undefined,,2.682980246734557
2019 to 2020,Percentage of adults aged 16 to 74 (%),,,,Asian/Asian British,Pakistani,,,,,,Units,Undefined,,4.528716690689322
2019 to 2020,Percentage of adults aged 16 to 74 (%),,,,Asian/Asian British,Bangladeshi,,,,,,Units,Undefined,,2.8983338472950444
2019 to 2020,Percentage of adults aged 16 to 74 (%),,,,Asian/Asian British,Chinese,,,,,,Units,Undefined,,2.75351552418908
2019 to 2020,Percentage of adults aged 16 to 74 (%),,,,Asian/Asian British,Any other Asian background,,,,,,Units,Undefined,,1.7710623591106982
2019 to 2020,Percentage of adults aged 16 to 74 (%),,,,Black/African/Caribbean/Black British,,,,,,,Units,Undefined,,4.255813755293295
2019 to 2020,Percentage of adults aged 16 to 74 (%),,,,Black/African/Caribbean/Black British,African,,,,,,Units,Undefined,,4.532353452425294
2019 to 2020,Percentage of adults aged 16 to 74 (%),,,,Black/African/Caribbean/Black British,Caribbean,,,,,,Units,Undefined,,4.075639376450569
2019 to 2020,Percentage of adults aged 16 to 74 (%),,,,Other ethnic group,,,,,,,Units,Undefined,,3.8891505561333264
2019 to 2020,Percentage of adults aged 16 to 74 (%),,,,,,Disabled (GSS harmonised),,,,,Units,Undefined,,11.457190416622666
2019 to 2020,Percentage of adults aged 16 to 74 (%),,,,,,Non-disabled (GSS harmonised),,,,,Units,Undefined,,4.571889166326558
2019 to 2020,Percentage of adults aged 16 to 74 (%),,,,,,,Born in UK,,,,Units,Undefined,,6.078639966801806
2019 to 2020,Percentage of adults aged 16 to 74 (%),,,,,,,Not born in UK,,,,Units,Undefined,,3.327171642814968
2019 to 2020,Percentage of adults aged 16 to 74 (%),,,,,,,,North East,,,Units,Undefined,E12000001,3.959728887745527
2019 to 2020,Percentage of adults aged 16 to 74 (%),,,,,,,,North West,,,Units,Undefined,E12000002,6.223989069281172
2019 to 2020,Percentage of adults aged 16 to 74 (%),,,,,,,,Yorkshire and the Humber,,,Units,Undefined,E12000003,6.1828387684269295
2019 to 2020,Percentage of adults aged 16 to 74 (%),,,,,,,,East Midlands,,,Units,Undefined,E12000004,5.747562032330414
2019 to 2020,Percentage of adults aged 16 to 74 (%),,,,,,,,West Midlands,,,Units,Undefined,E12000005,6.616928800900075
2019 to 2020,Percentage of adults aged 16 to 74 (%),,,,,,,,East of England,,,Units,Undefined,E12000006,5.6452713930807645
2019 to 2020,Percentage of adults aged 16 to 74 (%),,,,,,,,London,,,Units,Undefined,E12000007,3.724835163672087
2019 to 2020,Percentage of adults aged 16 to 74 (%),,,,,,,,South East,,,Units,Undefined,E12000008,4.96350297848181
2019 to 2020,Percentage of adults aged 16 to 74 (%),,,,,,,,South West,,,Units,Undefined,E12000009,6.968626070462507
2019 to 2020,Percentage of adults aged 16 to 74 (%),,,,,,,,Wales,,,Units,Undefined,W92000004,6.889651499687782
2019 to 2020,Percentage of adults aged 16 to 74 (%),,,,,,,,,Degree or diploma,,Units,Undefined,,5.124218933477335
2019 to 2020,Percentage of adults aged 16 to 74 (%),,,,,,,,,Apprenticeship or A/AS level,,Units,Undefined,,6.349359308546925
2019 to 2020,Percentage of adults aged 16 to 74 (%),,,,,,,,,O level/GCSE,,Units,Undefined,,6.913219763207115
2019 to 2020,Percentage of adults aged 16 to 74 (%),,,,,,,,,Other qualification,,Units,Undefined,,4.030800619922387
2019 to 2020,Percentage of adults aged 16 to 74 (%),,,,,,,,,No qualification,,Units,Undefined,,4.480967117555145
2019 to 2020,Percentage of adults aged 16 to 74 (%),,,,,,,,,,"Less than £10,400",Units,Undefined,,9.257920918997502
2019 to 2020,Percentage of adults aged 16 to 74 (%),,,,,,,,,,"£10,400 to less than £20,800",Units,Undefined,,7.643662803615695
2019 to 2020,Percentage of adults aged 16 to 74 (%),,,,,,,,,,"£20,800 to less than £31,200",Units,Undefined,,6.157471117674209
2019 to 2020,Percentage of adults aged 16 to 74 (%),,,,,,,,,,"£31,200 to less than £41,600",Units,Undefined,,5.2891718914458
2019 to 2020,Percentage of adults aged 16 to 74 (%),,,,,,,,,,"£41,600 to less than £52,000",Units,Undefined,,4.730938444399647
2019 to 2020,Percentage of adults aged 16 to 74 (%),,,,,,,,,,"£52,000 or more",Units,Undefined,,3.745177566280814
2019 to 2020,Percentage of adults aged 16 to 74 (%),,,,,,,,,,No income stated or not enough information provided,Units,Undefined,,4.140192006033339
