Year,Series,Units,Type of partner abuse,Abuse sub-category,Age,Ethnicity,Ethnic group,Disability status,Country of birth,Region,Urban or Rural,Sexual orientation,Gender identity,Highest qualification,Household income,Unit multiplier,Observation status,GeoCode,Value
2004/05,Women aged 16 to 59,Percentage (%),Non-sexual,Force,,,,,,,,,,,,Units,Normal value,,3.5634181351962
2004/05,Women aged 16 to 59,Percentage (%),Non-sexual,"Non-physical abuse (emotional, financial)",,,,,,,,,,,,Units,Normal value,,5.854566667074447
2004/05,Women aged 16 to 59,Percentage (%),Non-sexual,Threats,,,,,,,,,,,,Units,Normal value,,4.183591184719106
2004/05,Women aged 16 to 59,Percentage (%),Non-sexual,Threats or force,,,,,,,,,,,,Units,Normal value,,5.604157963269262
2004/05,Women aged 16 to 59,Percentage (%),Non-sexual,,,,,,,,,,,,,Units,Normal value,,8.625293705388907
2004/05,Women aged 16 to 59,Percentage (%),Sexual (including attempts),Indecent exposure or unwanted sexual touching by a partner,,,,,,,,,,,,Units,Normal value,,0.4636297297425751
2004/05,Women aged 16 to 59,Percentage (%),Sexual (including attempts),Sexual assault by rape or penetration (including attempts),,,,,,,,,,,,Units,Normal value,,0.2634375632684015
2004/05,Women aged 16 to 59,Percentage (%),Sexual (including attempts),,,,,,,,,,,,,Units,Normal value,,0.4828248886613274
2004/05,Women aged 16 to 59,Percentage (%),Stalking by a partner/ex-partner,,,,,,,,,,,,,Units,Normal value,,1.1804055592919838
2004/05,Women aged 16 to 59,Percentage (%),,,,,,,,,,,,,,Units,Normal value,,8.65073932620876
2005/06,Women aged 16 to 59,Percentage (%),Non-sexual,Force,,,,,,,,,,,,Units,Normal value,,3.889816990341802
2005/06,Women aged 16 to 59,Percentage (%),Non-sexual,"Non-physical abuse (emotional, financial)",,,,,,,,,,,,Units,Normal value,,5.634773292338013
2005/06,Women aged 16 to 59,Percentage (%),Non-sexual,Threats,,,,,,,,,,,,Units,Normal value,,4.771790191188417
2005/06,Women aged 16 to 59,Percentage (%),Non-sexual,Threats or force,,,,,,,,,,,,Units,Normal value,,6.108059145189841
2005/06,Women aged 16 to 59,Percentage (%),Non-sexual,,,,,,,,,,,,,Units,Normal value,,8.777104856651162
2005/06,Women aged 16 to 59,Percentage (%),Sexual (including attempts),Indecent exposure or unwanted sexual touching by a partner,,,,,,,,,,,,Units,Normal value,,0.6214529325641317
2005/06,Women aged 16 to 59,Percentage (%),Sexual (including attempts),Sexual assault by rape or penetration (including attempts),,,,,,,,,,,,Units,Normal value,,0.2780808624816958
2005/06,Women aged 16 to 59,Percentage (%),Sexual (including attempts),,,,,,,,,,,,,Units,Normal value,,0.6255429337042192
2005/06,Women aged 16 to 59,Percentage (%),Stalking by a partner/ex-partner,,,,,,,,,,,,,Units,Normal value,,1.4255795917877676
2005/06,Women aged 16 to 59,Percentage (%),,,,,,,,,,,,,,Units,Normal value,,9.225465238632005
2006/07,Women aged 16 to 59,Percentage (%),Non-sexual,Force,,,,,,,,,,,,Units,Normal value,,3.4808633995224074
2006/07,Women aged 16 to 59,Percentage (%),Non-sexual,"Non-physical abuse (emotional, financial)",,,,,,,,,,,,Units,Normal value,,5.495721993656177
2006/07,Women aged 16 to 59,Percentage (%),Non-sexual,Threats,,,,,,,,,,,,Units,Normal value,,4.6524044565515
2006/07,Women aged 16 to 59,Percentage (%),Non-sexual,Threats or force,,,,,,,,,,,,Units,Normal value,,5.908326457471899
2006/07,Women aged 16 to 59,Percentage (%),Non-sexual,,,,,,,,,,,,,Units,Normal value,,8.644851039400082
2006/07,Women aged 16 to 59,Percentage (%),Sexual (including attempts),Indecent exposure or unwanted sexual touching by a partner,,,,,,,,,,,,Units,Normal value,,0.5411480589081344
2006/07,Women aged 16 to 59,Percentage (%),Sexual (including attempts),Sexual assault by rape or penetration (including attempts),,,,,,,,,,,,Units,Normal value,,0.3103073721772985
2006/07,Women aged 16 to 59,Percentage (%),Sexual (including attempts),,,,,,,,,,,,,Units,Normal value,,0.5487955653666694
2006/07,Women aged 16 to 59,Percentage (%),Stalking by a partner/ex-partner,,,,,,,,,,,,,Units,Normal value,,1.3627513533462998
2006/07,Women aged 16 to 59,Percentage (%),,,,,,,,,,,,,,Units,Normal value,,8.697371257098943
2007/08,Women aged 16 to 59,Percentage (%),Non-sexual,Force,,,,,,,,,,,,Units,Normal value,,2.9385539302063552
2007/08,Women aged 16 to 59,Percentage (%),Non-sexual,"Non-physical abuse (emotional, financial)",,,,,,,,,,,,Units,Normal value,,5.349678028923066
2007/08,Women aged 16 to 59,Percentage (%),Non-sexual,Threats,,,,,,,,,,,,Units,Normal value,,3.972830448563644
2007/08,Women aged 16 to 59,Percentage (%),Non-sexual,Threats or force,,,,,,,,,,,,Units,Normal value,,4.61994991949354
2007/08,Women aged 16 to 59,Percentage (%),Non-sexual,,,,,,,,,,,,,Units,Normal value,,7.538236298450419
2007/08,Women aged 16 to 59,Percentage (%),Sexual (including attempts),Indecent exposure or unwanted sexual touching by a partner,,,,,,,,,,,,Units,Normal value,,0.4885994193608259
2007/08,Women aged 16 to 59,Percentage (%),Sexual (including attempts),Sexual assault by rape or penetration (including attempts),,,,,,,,,,,,Units,Normal value,,0.2537771390430153
2007/08,Women aged 16 to 59,Percentage (%),Sexual (including attempts),,,,,,,,,,,,,Units,Normal value,,0.5107272828684367
2008/09,Women aged 16 to 59,Percentage (%),Non-sexual,Force,,,,,,,,,,,,Units,Normal value,,2.851179061413502
2008/09,Women aged 16 to 59,Percentage (%),Non-sexual,"Non-physical abuse (emotional, financial)",,,,,,,,,,,,Units,Normal value,,4.197981733493329
2008/09,Women aged 16 to 59,Percentage (%),Non-sexual,Threats,,,,,,,,,,,,Units,Normal value,,3.3439634222330987
2008/09,Women aged 16 to 59,Percentage (%),Non-sexual,Threats or force,,,,,,,,,,,,Units,Normal value,,4.45860265683536
2008/09,Women aged 16 to 59,Percentage (%),Non-sexual,,,,,,,,,,,,,Units,Normal value,,6.538726123384942
2008/09,Women aged 16 to 59,Percentage (%),Sexual (including attempts),Indecent exposure or unwanted sexual touching by a partner,,,,,,,,,,,,Units,Normal value,,0.2686457351589055
2008/09,Women aged 16 to 59,Percentage (%),Sexual (including attempts),Sexual assault by rape or penetration (including attempts),,,,,,,,,,,,Units,Normal value,,0.2238318396943665
2008/09,Women aged 16 to 59,Percentage (%),Sexual (including attempts),,,,,,,,,,,,,Units,Normal value,,0.3639448924789258
2008/09,Women aged 16 to 59,Percentage (%),Stalking by a partner/ex-partner,,,,,,,,,,,,,Units,Normal value,,1.0378400441767994
2008/09,Women aged 16 to 59,Percentage (%),,,,,,,,,,,,,,Units,Normal value,,6.987348134078495
2009/10,Women aged 16 to 59,Percentage (%),Non-sexual,Force,,,,,,,,,,,,Units,Normal value,,2.9104661152586537
2009/10,Women aged 16 to 59,Percentage (%),Non-sexual,"Non-physical abuse (emotional, financial)",,,,,,,,,,,,Units,Normal value,,4.612131289790768
2009/10,Women aged 16 to 59,Percentage (%),Non-sexual,Threats,,,,,,,,,,,,Units,Normal value,,4.078203205535926
2009/10,Women aged 16 to 59,Percentage (%),Non-sexual,Threats or force,,,,,,,,,,,,Units,Normal value,,4.868333313041686
2009/10,Women aged 16 to 59,Percentage (%),Non-sexual,,,,,,,,,,,,,Units,Normal value,,7.178076724968522
2009/10,Women aged 16 to 59,Percentage (%),Sexual (including attempts),Indecent exposure or unwanted sexual touching by a partner,,,,,,,,,,,,Units,Normal value,,0.4400372725020354
2009/10,Women aged 16 to 59,Percentage (%),Sexual (including attempts),Sexual assault by rape or penetration (including attempts),,,,,,,,,,,,Units,Normal value,,0.2073288133734691
2009/10,Women aged 16 to 59,Percentage (%),Sexual (including attempts),,,,,,,,,,,,,Units,Normal value,,0.3980199634390751
2009/10,Women aged 16 to 59,Percentage (%),Stalking by a partner/ex-partner,,,,,,,,,,,,,Units,Normal value,,1.069310384322547
2009/10,Women aged 16 to 59,Percentage (%),,,,,,,,,,,,,,Units,Normal value,,7.364374097201099
2010/11,Women aged 16 to 59,Percentage (%),Non-sexual,Force,,,,,,,,,,,,Units,Normal value,,2.7919877315825
2010/11,Women aged 16 to 59,Percentage (%),Non-sexual,"Non-physical abuse (emotional, financial)",,,,,,,,,,,,Units,Normal value,,4.361206718179775
2010/11,Women aged 16 to 59,Percentage (%),Non-sexual,Threats,,,,,,,,,,,,Units,Normal value,,3.2815491310360336
2010/11,Women aged 16 to 59,Percentage (%),Non-sexual,Threats or force,,,,,,,,,,,,Units,Normal value,,4.172799708627895
2010/11,Women aged 16 to 59,Percentage (%),Non-sexual,,,,,,,,,,,,,Units,Normal value,,6.44062097668439
2010/11,Women aged 16 to 59,Percentage (%),Sexual (including attempts),Indecent exposure or unwanted sexual touching by a partner,,,,,,,,,,,,Units,Normal value,,0.4457061667101186
2010/11,Women aged 16 to 59,Percentage (%),Sexual (including attempts),Sexual assault by rape or penetration (including attempts),,,,,,,,,,,,Units,Normal value,,0.3959779162364004
2010/11,Women aged 16 to 59,Percentage (%),Sexual (including attempts),,,,,,,,,,,,,Units,Normal value,,0.5624311617348018
2010/11,Women aged 16 to 59,Percentage (%),Stalking by a partner/ex-partner,,,,,,,,,,,,,Units,Normal value,,1.2691460193565305
2010/11,Women aged 16 to 59,Percentage (%),,,,,,,,,,,,,,Units,Normal value,,7.408327936314041
2011/12,Women aged 16 to 59,Percentage (%),Non-sexual,Force,,,,,,,,,,,,Units,Normal value,,2.980770449063458
2011/12,Women aged 16 to 59,Percentage (%),Non-sexual,"Non-physical abuse (emotional, financial)",,,,,,,,,,,,Units,Normal value,,4.65336561024513
2011/12,Women aged 16 to 59,Percentage (%),Non-sexual,Threats,,,,,,,,,,,,Units,Normal value,,3.3998839071292077
2011/12,Women aged 16 to 59,Percentage (%),Non-sexual,Threats or force,,,,,,,,,,,,Units,Normal value,,4.520087844773491
2011/12,Women aged 16 to 59,Percentage (%),Non-sexual,,,,,,,,,,,,,Units,Normal value,,7.023852624214969
2011/12,Women aged 16 to 59,Percentage (%),Sexual (including attempts),Indecent exposure or unwanted sexual touching by a partner,,,,,,,,,,,,Units,Normal value,,0.402680877040676
2011/12,Women aged 16 to 59,Percentage (%),Sexual (including attempts),Sexual assault by rape or penetration (including attempts),,,,,,,,,,,,Units,Normal value,,0.3442672798097526
2011/12,Women aged 16 to 59,Percentage (%),Sexual (including attempts),,,,,,,,,,,,,Units,Normal value,,0.5303549414807953
2011/12,Women aged 16 to 59,Percentage (%),Stalking by a partner/ex-partner,,,,,,,,,,,,,Units,Normal value,,1.0941469207189731
2011/12,Women aged 16 to 59,Percentage (%),,,,,,,,,,,,,,Units,Normal value,,6.883648949880264
2012/13,Women aged 16 to 59,Percentage (%),Non-sexual,Force,,,,,,,,,,,,Units,Normal value,,2.064218169750693
2012/13,Women aged 16 to 59,Percentage (%),Non-sexual,"Non-physical abuse (emotional, financial)",,,,,,,,,,,,Units,Normal value,,4.48934388028741
2012/13,Women aged 16 to 59,Percentage (%),Non-sexual,Threats,,,,,,,,,,,,Units,Normal value,,3.0077485940514297
2012/13,Women aged 16 to 59,Percentage (%),Non-sexual,Threats or force,,,,,,,,,,,,Units,Normal value,,3.7442693015367614
2012/13,Women aged 16 to 59,Percentage (%),Non-sexual,,,,,,,,,,,,,Units,Normal value,,6.078256537639273
2012/13,Women aged 16 to 59,Percentage (%),Sexual (including attempts),Indecent exposure or unwanted sexual touching by a partner,,,,,,,,,,,,Units,Normal value,,0.2414814727478358
2012/13,Women aged 16 to 59,Percentage (%),Sexual (including attempts),Sexual assault by rape or penetration (including attempts),,,,,,,,,,,,Units,Normal value,,0.3204584650171746
2012/13,Women aged 16 to 59,Percentage (%),Sexual (including attempts),,,,,,,,,,,,,Units,Normal value,,0.4338800523292938
2012/13,Women aged 16 to 59,Percentage (%),Stalking by a partner/ex-partner,,,,,,,,,,,,,Units,Normal value,,1.144135191856587
2012/13,Women aged 16 to 59,Percentage (%),,,,,,,,,,,,,,Units,Normal value,,6.658768427674999
2013/14,Women aged 16 to 59,Percentage (%),Non-sexual,Force,,,,,,,,,,,,Units,Normal value,,2.031989783834395
2013/14,Women aged 16 to 59,Percentage (%),Non-sexual,"Non-physical abuse (emotional, financial)",,,,,,,,,,,,Units,Normal value,,4.2144843328988895
2013/14,Women aged 16 to 59,Percentage (%),Non-sexual,Threats,,,,,,,,,,,,Units,Normal value,,2.8144319142497727
2013/14,Women aged 16 to 59,Percentage (%),Non-sexual,Threats or force,,,,,,,,,,,,Units,Normal value,,3.6065785075636585
2013/14,Women aged 16 to 59,Percentage (%),Non-sexual,,,,,,,,,,,,,Units,Normal value,,5.9320273739687845
2013/14,Women aged 16 to 59,Percentage (%),Sexual (including attempts),Indecent exposure or unwanted sexual touching by a partner,,,,,,,,,,,,Units,Normal value,,0.2133264935196214
2013/14,Women aged 16 to 59,Percentage (%),Sexual (including attempts),Sexual assault by rape or penetration (including attempts),,,,,,,,,,,,Units,Normal value,,0.2413177029973642
2013/14,Women aged 16 to 59,Percentage (%),Sexual (including attempts),,,,,,,,,,,,,Units,Normal value,,0.3582775434737343
2013/14,Women aged 16 to 59,Percentage (%),Stalking by a partner/ex-partner,,,,,,,,,,,,,Units,Normal value,,1.5857925160993764
2013/14,Women aged 16 to 59,Percentage (%),,,,,,,,,,,,,,Units,Normal value,,6.793446766110581
2014/15,Women aged 16 to 59,Percentage (%),Non-sexual,Force,,,,,,,,,,,,Units,Normal value,,1.8551133023785875
2014/15,Women aged 16 to 59,Percentage (%),Non-sexual,"Non-physical abuse (emotional, financial)",,,,,,,,,,,,Units,Normal value,,3.9985415271805698
2014/15,Women aged 16 to 59,Percentage (%),Non-sexual,Threats,,,,,,,,,,,,Units,Normal value,,2.865624602127769
2014/15,Women aged 16 to 59,Percentage (%),Non-sexual,Threats or force,,,,,,,,,,,,Units,Normal value,,3.586691851130932
2014/15,Women aged 16 to 59,Percentage (%),Non-sexual,,,,,,,,,,,,,Units,Normal value,,5.829772255247379
2014/15,Women aged 16 to 59,Percentage (%),Sexual (including attempts),Indecent exposure or unwanted sexual touching by a partner,,,,,,,,,,,,Units,Normal value,,0.3339368703317226
2014/15,Women aged 16 to 59,Percentage (%),Sexual (including attempts),Sexual assault by rape or penetration (including attempts),,,,,,,,,,,,Units,Normal value,,0.2663205459845867
2014/15,Women aged 16 to 59,Percentage (%),Sexual (including attempts),,,,,,,,,,,,,Units,Normal value,,0.4719631680398239
2014/15,Women aged 16 to 59,Percentage (%),Stalking by a partner/ex-partner,,,,,,,,,,,,,Units,Normal value,,1.5551206345972843
2014/15,Women aged 16 to 59,Percentage (%),,,,,,,,,,,,,,Units,Normal value,,6.475845062340719
2015/16,Women aged 16 to 59,Percentage (%),Non-sexual,Force,,,,,,,,,,,,Units,Normal value,,1.709937407239519
2015/16,Women aged 16 to 59,Percentage (%),Non-sexual,"Non-physical abuse (emotional, financial)",,,,,,,,,,,,Units,Normal value,,3.938480542527144
2015/16,Women aged 16 to 59,Percentage (%),Non-sexual,Threats,,,,,,,,,,,,Units,Normal value,,2.310985947733376
2015/16,Women aged 16 to 59,Percentage (%),Non-sexual,Threats or force,,,,,,,,,,,,Units,Normal value,,3.047741361147224
2015/16,Women aged 16 to 59,Percentage (%),Non-sexual,,,,,,,,,,,,,Units,Normal value,,5.399304169547049
2015/16,Women aged 16 to 59,Percentage (%),Sexual (including attempts),Indecent exposure or unwanted sexual touching by a partner,,,,,,,,,,,,Units,Normal value,,0.3781658131002129
2015/16,Women aged 16 to 59,Percentage (%),Sexual (including attempts),Sexual assault by rape or penetration (including attempts),,,,,,,,,,,,Units,Normal value,,0.2974140031947678
2015/16,Women aged 16 to 59,Percentage (%),Sexual (including attempts),,,,,,,,,,,,,Units,Normal value,,0.4994100733694562
2015/16,Women aged 16 to 59,Percentage (%),Stalking by a partner/ex-partner,,,,,,,,,,,,,Units,Normal value,,1.2848466556626308
2015/16,Women aged 16 to 59,Percentage (%),,,,,,,,,,,,,,Units,Normal value,,6.230880299786246
2016/17,Women aged 16 to 59,Percentage (%),Non-sexual,Force,,,,,,,,,,,,Units,Normal value,,1.5447026462363065
2016/17,Women aged 16 to 59,Percentage (%),Non-sexual,"Non-physical abuse (emotional, financial)",,,,,,,,,,,,Units,Normal value,,4.0040690398472885
2016/17,Women aged 16 to 59,Percentage (%),Non-sexual,Threats,,,,,,,,,,,,Units,Normal value,,2.171177475195244
2016/17,Women aged 16 to 59,Percentage (%),Non-sexual,Threats or force,,,,,,,,,,,,Units,Normal value,,2.792484731353305
2016/17,Women aged 16 to 59,Percentage (%),Non-sexual,,,,,,,,,,,,,Units,Normal value,,5.205224590337796
2016/17,Women aged 16 to 59,Percentage (%),Sexual (including attempts),Indecent exposure or unwanted sexual touching by a partner,,,,,,,,,,,,Units,Normal value,,0.2566273183447821
2016/17,Women aged 16 to 59,Percentage (%),Sexual (including attempts),Sexual assault by rape or penetration (including attempts),,,,,,,,,,,,Units,Normal value,,0.2957512443525279
2016/17,Women aged 16 to 59,Percentage (%),Sexual (including attempts),,,,,,,,,,,,,Units,Normal value,,0.4231242755473736
2016/17,Women aged 16 to 59,Percentage (%),Stalking by a partner/ex-partner,,,,,,,,,,,,,Units,Normal value,,1.32279797910538
2016/17,Women aged 16 to 59,Percentage (%),,,,,,,,,,,,,,Units,Normal value,,5.9466231116544055
2017/18,Women aged 16 to 59,Percentage (%),Non-sexual,Force,,,,,,,,,,,,Units,Normal value,,1.6806842213750994
2017/18,Women aged 16 to 59,Percentage (%),Non-sexual,"Non-physical abuse (emotional, financial)",,,,,,,,,,,,Units,Normal value,,4.50316037620542
2017/18,Women aged 16 to 59,Percentage (%),Non-sexual,Threats,,,,,,,,,,,,Units,Normal value,,2.3265602815472985
2017/18,Women aged 16 to 59,Percentage (%),Non-sexual,Threats or force,,,,,,,,,,,,Units,Normal value,,3.01373143062272
2017/18,Women aged 16 to 59,Percentage (%),Non-sexual,,,,,,,,,,,,,Units,Normal value,,5.634464493511014
2017/18,Women aged 16 to 59,Percentage (%),Sexual (including attempts),Indecent exposure or unwanted sexual touching by a partner,,,,,,,,,,,,Units,Normal value,,0.2594601655545305
2017/18,Women aged 16 to 59,Percentage (%),Sexual (including attempts),Sexual assault by rape or penetration (including attempts),,,,,,,,,,,,Units,Normal value,,0.2244226331171566
2017/18,Women aged 16 to 59,Percentage (%),Sexual (including attempts),,,,,,,,,,,,,Units,Normal value,,0.3623950509756584
2017/18,Women aged 16 to 59,Percentage (%),Stalking by a partner/ex-partner,,,,,,,,,,,,,Units,Normal value,,1.4007702136740203
2017/18,Women aged 16 to 59,Percentage (%),,,,,,,,,,,,,,Units,Normal value,,6.256980807506083
2017/18,Women aged 16 to 74,Percentage (%),Non-sexual,Force,,,,,,,,,,,,Units,Normal value,,1.4636299725156157
2017/18,Women aged 16 to 74,Percentage (%),Non-sexual,"Non-physical abuse (emotional, financial)",,,,,,,,,,,,Units,Normal value,,3.946979077304605
2017/18,Women aged 16 to 74,Percentage (%),Non-sexual,Threats,,,,,,,,,,,,Units,Normal value,,2.058231727488938
2017/18,Women aged 16 to 74,Percentage (%),Non-sexual,Threats or force,,,,,,,,,,,,Units,Normal value,,2.6565232178013463
2017/18,Women aged 16 to 74,Percentage (%),Non-sexual,,,,,,,,,,,,,Units,Normal value,,4.974860099024248
2017/18,Women aged 16 to 74,Percentage (%),Sexual (including attempts),Indecent exposure or unwanted sexual touching by a partner,,,,,,,,,,,,Units,Normal value,,0.2070023011334816
2017/18,Women aged 16 to 74,Percentage (%),Sexual (including attempts),Sexual assault by rape or penetration (including attempts),,,,,,,,,,,,Units,Normal value,,0.179309502461844
2017/18,Women aged 16 to 74,Percentage (%),Sexual (including attempts),,,,,,,,,,,,,Units,Normal value,,0.2894603764013572
2017/18,Women aged 16 to 74,Percentage (%),Stalking by a partner/ex-partner,,,,,,,,,,,,,Units,Normal value,,1.133734536301356
2017/18,Women aged 16 to 74,Percentage (%),,,,,,,,,,,,,,Units,Normal value,,5.500759874714803
2018/19,Women aged 16 to 59,Percentage (%),Non-sexual,Force,,,,,,,,,,,,Units,Normal value,,1.554991113947459
2018/19,Women aged 16 to 59,Percentage (%),Non-sexual,"Non-physical abuse (emotional, financial)",,,,,,,,,,,,Units,Normal value,,4.312473389560704
2018/19,Women aged 16 to 59,Percentage (%),Non-sexual,Threats,,,,,,,,,,,,Units,Normal value,,2.201236226812955
2018/19,Women aged 16 to 59,Percentage (%),Non-sexual,Threats or force,,,,,,,,,,,,Units,Normal value,,2.7198523606895333
2018/19,Women aged 16 to 59,Percentage (%),Non-sexual,,,,,,,,,,,,,Units,Normal value,,5.386574496652863
2018/19,Women aged 16 to 59,Percentage (%),Sexual (including attempts),Indecent exposure or unwanted sexual touching by a partner,,,,,,,,,,,,Units,Normal value,,0.518446833404983
2018/19,Women aged 16 to 59,Percentage (%),Sexual (including attempts),Sexual assault by rape or penetration (including attempts),,,,,,,,,,,,Units,Normal value,,0.3071479617474434
2018/19,Women aged 16 to 59,Percentage (%),Sexual (including attempts),,,,,,,,,,,,,Units,Normal value,,0.7156394256004414
2018/19,Women aged 16 to 59,Percentage (%),Stalking by a partner/ex-partner,,,,,,,,,,,,,Units,Normal value,,1.5868831784630997
2018/19,Women aged 16 to 59,Percentage (%),,,16 to 19,,,,,,,,,,,Units,Normal value,,6.398095313844578
2018/19,Women aged 16 to 59,Percentage (%),,,20 to 24,,,,,,,,,,,Units,Normal value,,9.930108160995674
2018/19,Women aged 16 to 59,Percentage (%),,,25 to 34,,,,,,,,,,,Units,Normal value,,6.332597458337927
2018/19,Women aged 16 to 59,Percentage (%),,,35 to 44,,,,,,,,,,,Units,Normal value,,5.70113500747042
2018/19,Women aged 16 to 59,Percentage (%),,,45 to 54,,,,,,,,,,,Units,Normal value,,6.61801180212792
2018/19,Women aged 16 to 59,Percentage (%),,,55 to 59,,,,,,,,,,,Units,Normal value,,3.9507204967890144
2018/19,Women aged 16 to 59,Percentage (%),,,,Asian/Asian British,Any other Asian background,,,,,,,,,Units,Normal value,,3.6705545399037742
2018/19,Women aged 16 to 59,Percentage (%),,,,Asian/Asian British,Indian,,,,,,,,,Units,Normal value,,4.92868674589676
2018/19,Women aged 16 to 59,Percentage (%),,,,Asian/Asian British,,,,,,,,,,Units,Normal value,,3.96103477512768
2018/19,Women aged 16 to 59,Percentage (%),,,,Black/African/Caribbean/Black British,African,,,,,,,,,Units,Normal value,,3.6705545399037742
2018/19,Women aged 16 to 59,Percentage (%),,,,Black/African/Caribbean/Black British,,,,,,,,,,Units,Normal value,,5.984063581150903
2018/19,Women aged 16 to 59,Percentage (%),,,,Other ethnic group,,,,,,,,,,Units,Normal value,,6.080243545033024
2018/19,Women aged 16 to 59,Percentage (%),,,,White,Any other White background,,,,,,,,,Units,Normal value,,3.68867968607566
2018/19,Women aged 16 to 59,Percentage (%),,,,White,English/Welsh/Scottish/Northern Irish/British,,,,,,,,,Units,Normal value,,6.673899900744563
2018/19,Women aged 16 to 59,Percentage (%),,,,White,,,,,,,,,,Units,Normal value,,6.353924225017511
2018/19,Women aged 16 to 59,Percentage (%),,,,,,Disabled (GSS harmonised),,,,,,,,Units,Normal value,,12.874502258303108
2018/19,Women aged 16 to 59,Percentage (%),,,,,,Non-disabled (GSS harmonised),,,,,,,,Units,Normal value,,5.408475819471454
2018/19,Women aged 16 to 59,Percentage (%),,,,,,,Born in UK,,,,,,,Units,Normal value,,6.994836460742056
2018/19,Women aged 16 to 59,Percentage (%),,,,,,,Not born in UK,,,,,,,Units,Normal value,,3.751814790000308
2018/19,Women aged 16 to 59,Percentage (%),,,,,,,,East Midlands,,,,,,Units,Normal value,E12000004,6.502998473294327
2018/19,Women aged 16 to 59,Percentage (%),,,,,,,,East of England,,,,,,Units,Normal value,E12000006,9.07384781836761
2018/19,Women aged 16 to 59,Percentage (%),,,,,,,,London,,,,,,Units,Normal value,E12000007,4.296935465500357
2018/19,Women aged 16 to 59,Percentage (%),,,,,,,,North East,,,,,,Units,Normal value,E12000001,5.561740809721062
2018/19,Women aged 16 to 59,Percentage (%),,,,,,,,North West,,,,,,Units,Normal value,E12000002,5.371183451154077
2018/19,Women aged 16 to 59,Percentage (%),,,,,,,,South East,,,,,,Units,Normal value,E12000008,7.390511338227942
2018/19,Women aged 16 to 59,Percentage (%),,,,,,,,South West,,,,,,Units,Normal value,E12000009,5.728663959123086
2018/19,Women aged 16 to 59,Percentage (%),,,,,,,,Wales,,,,,,Units,Normal value,W92000004,5.624540167097664
2018/19,Women aged 16 to 59,Percentage (%),,,,,,,,West Midlands,,,,,,Units,Normal value,E12000005,7.622626516801965
2018/19,Women aged 16 to 59,Percentage (%),,,,,,,,Yorkshire and The Humber,,,,,,Units,Normal value,E12000003,6.698017196980207
2018/19,Women aged 16 to 59,Percentage (%),,,,,,,,,,,,Apprenticeship or A/AS level,,Units,Normal value,,7.377468349205325
2018/19,Women aged 16 to 59,Percentage (%),,,,,,,,,,,,Degree or diploma,,Units,Normal value,,5.862546261571944
2018/19,Women aged 16 to 59,Percentage (%),,,,,,,,,,,,No qualification,,Units,Normal value,,4.30894024024491
2018/19,Women aged 16 to 59,Percentage (%),,,,,,,,,,,,O level/GCSE,,Units,Normal value,,7.809696845786148
2018/19,Women aged 16 to 59,Percentage (%),,,,,,,,,,,,Other qualification,,Units,Normal value,,4.092801401139943
2018/19,Women aged 16 to 59,Percentage (%),,,,,,,,,,,,,,Units,Normal value,,6.375420398669647
2018/19,Women aged 16 to 74,Percentage (%),Non-sexual,Force,,,,,,,,,,,,Units,Normal value,,1.34901882843463
2018/19,Women aged 16 to 74,Percentage (%),Non-sexual,"Non-physical abuse (emotional, financial)",,,,,,,,,,,,Units,Normal value,,3.801577354843076
2018/19,Women aged 16 to 74,Percentage (%),Non-sexual,Threats,,,,,,,,,,,,Units,Normal value,,1.8822259573279263
2018/19,Women aged 16 to 74,Percentage (%),Non-sexual,Threats or force,,,,,,,,,,,,Units,Normal value,,2.3808746450023484
2018/19,Women aged 16 to 74,Percentage (%),Non-sexual,,,,,,,,,,,,,Units,Normal value,,4.790548606029917
2018/19,Women aged 16 to 74,Percentage (%),Sexual (including attempts),Indecent exposure or unwanted sexual touching by a partner,,,,,,,,,,,,Units,Normal value,,0.4117322296420006
2018/19,Women aged 16 to 74,Percentage (%),Sexual (including attempts),Sexual assault by rape or penetration (including attempts),,,,,,,,,,,,Units,Normal value,,0.268476393653924
2018/19,Women aged 16 to 74,Percentage (%),Sexual (including attempts),,,,,,,,,,,,,Units,Normal value,,0.5930736137767034
2018/19,Women aged 16 to 74,Percentage (%),Stalking by a partner/ex-partner,,,,,,,,,,,,,Units,Normal value,,1.3109732698574317
2018/19,Women aged 16 to 74,Percentage (%),,,16 to 19,,,,,,,,,,,Units,Normal value,,6.398095313844578
2018/19,Women aged 16 to 74,Percentage (%),,,20 to 24,,,,,,,,,,,Units,Normal value,,9.930108160995674
2018/19,Women aged 16 to 74,Percentage (%),,,25 to 34,,,,,,,,,,,Units,Normal value,,6.332597458337927
2018/19,Women aged 16 to 74,Percentage (%),,,35 to 44,,,,,,,,,,,Units,Normal value,,5.70113500747042
2018/19,Women aged 16 to 74,Percentage (%),,,45 to 54,,,,,,,,,,,Units,Normal value,,6.61801180212792
2018/19,Women aged 16 to 74,Percentage (%),,,55 to 59,,,,,,,,,,,Units,Normal value,,3.9507204967890144
2018/19,Women aged 16 to 74,Percentage (%),,,60 to 74,,,,,,,,,,,Units,Normal value,,2.7015209986958064
2018/19,Women aged 16 to 74,Percentage (%),,,,Asian/Asian British,Any other Asian background,,,,,,,,,Units,Normal value,,0.0
2018/19,Women aged 16 to 74,Percentage (%),,,,Asian/Asian British,Indian,,,,,,,,,Units,Normal value,,4.234301998563054
2018/19,Women aged 16 to 74,Percentage (%),,,,Asian/Asian British,Pakistani,,,,,,,,,Units,Normal value,,5.983759859695322
2018/19,Women aged 16 to 74,Percentage (%),,,,Asian/Asian British,,,,,,,,,,Units,Normal value,,3.6053749083585847
2018/19,Women aged 16 to 74,Percentage (%),,,,Black/African/Caribbean/Black British,African,,,,,,,,,Units,Normal value,,3.458988191006348
2018/19,Women aged 16 to 74,Percentage (%),,,,Black/African/Caribbean/Black British,Caribbean,,,,,,,,,Units,Normal value,,10.552326925082305
2018/19,Women aged 16 to 74,Percentage (%),,,,Black/African/Caribbean/Black British,,,,,,,,,,Units,Normal value,,5.525981677231917
2018/19,Women aged 16 to 74,Percentage (%),,,,Mixed,,,,,,,,,,Units,Normal value,,16.448187312098373
2018/19,Women aged 16 to 74,Percentage (%),,,,Other ethnic group,,,,,,,,,,Units,Normal value,,5.632404694978325
2018/19,Women aged 16 to 74,Percentage (%),,,,White,Any other White background,,,,,,,,,Units,Normal value,,3.513469486828807
2018/19,Women aged 16 to 74,Percentage (%),,,,White,English/Welsh/Scottish/Northern Irish/British,,,,,,,,,Units,Normal value,,5.779358265377244
2018/19,Women aged 16 to 74,Percentage (%),,,,White,,,,,,,,,,Units,Normal value,,5.563858898858095
2018/19,Women aged 16 to 74,Percentage (%),,,,,,Disabled (GSS harmonised),,,,,,,,Units,Normal value,,9.976597837604867
2018/19,Women aged 16 to 74,Percentage (%),,,,,,Non-disabled (GSS harmonised),,,,,,,,Units,Normal value,,4.861129691921827
2018/19,Women aged 16 to 74,Percentage (%),,,,,,,Born in UK,,,,,,,Units,Normal value,,6.057586618313199
2018/19,Women aged 16 to 74,Percentage (%),,,,,,,Not born in UK,,,,,,,Units,Normal value,,3.4921502152097754
2018/19,Women aged 16 to 74,Percentage (%),,,,,,,,East Midlands,,,,,,Units,Normal value,E12000004,6.271410139907447
2018/19,Women aged 16 to 74,Percentage (%),,,,,,,,East of England,,,,,,Units,Normal value,E12000006,7.574170155030112
2018/19,Women aged 16 to 74,Percentage (%),,,,,,,,London,,,,,,Units,Normal value,E12000007,3.999234467278249
2018/19,Women aged 16 to 74,Percentage (%),,,,,,,,North East,,,,,,Units,Normal value,E12000001,4.474192351070757
2018/19,Women aged 16 to 74,Percentage (%),,,,,,,,North West,,,,,,Units,Normal value,E12000002,4.754530711897975
2018/19,Women aged 16 to 74,Percentage (%),,,,,,,,South East,,,,,,Units,Normal value,E12000008,6.5210044698305305
2018/19,Women aged 16 to 74,Percentage (%),,,,,,,,South West,,,,,,Units,Normal value,E12000009,4.98837887914196
2018/19,Women aged 16 to 74,Percentage (%),,,,,,,,Wales,,,,,,Units,Normal value,W92000004,4.8418383058702
2018/19,Women aged 16 to 74,Percentage (%),,,,,,,,West Midlands,,,,,,Units,Normal value,E12000005,6.389789982640518
2018/19,Women aged 16 to 74,Percentage (%),,,,,,,,Yorkshire and The Humber,,,,,,Units,Normal value,E12000003,5.849628574327949
2018/19,Women aged 16 to 74,Percentage (%),,,,,,,,,,,,Apprenticeship or A/AS level,,Units,Normal value,,6.6670736857809
2018/19,Women aged 16 to 74,Percentage (%),,,,,,,,,,,,Degree or diploma,,Units,Normal value,,5.365121807174528
2018/19,Women aged 16 to 74,Percentage (%),,,,,,,,,,,,No qualification,,Units,Normal value,,3.275656966430622
2018/19,Women aged 16 to 74,Percentage (%),,,,,,,,,,,,O level/GCSE,,Units,Normal value,,6.840244175460455
2018/19,Women aged 16 to 74,Percentage (%),,,,,,,,,,,,Other qualification,,Units,Normal value,,3.863436990558932
2018/19,Women aged 16 to 74,Percentage (%),,,,,,,,,,,,,,Units,Normal value,,5.61968859866154
2019/20,Women aged 16 to 59,Percentage (%),Non-sexual,Force,,,,,,,,,,,,Units,Normal value,,1.5430645746367253
2019/20,Women aged 16 to 59,Percentage (%),Non-sexual,"Non-physical abuse (emotional, financial)",,,,,,,,,,,,Units,Normal value,,4.141181711012202
2019/20,Women aged 16 to 59,Percentage (%),Non-sexual,Threats,,,,,,,,,,,,Units,Normal value,,2.203765899179056
2019/20,Women aged 16 to 59,Percentage (%),Non-sexual,Threats or force,,,,,,,,,,,,Units,Normal value,,2.8086754558446643
2019/20,Women aged 16 to 59,Percentage (%),Non-sexual,,,,,,,,,,,,,Units,Normal value,,5.338462639811761
2019/20,Women aged 16 to 59,Percentage (%),Sexual (including attempts),Indecent exposure or unwanted sexual touching by a partner,,,,,,,,,,,,Units,Normal value,,0.4186005891812054
2019/20,Women aged 16 to 59,Percentage (%),Sexual (including attempts),Sexual assault by rape or penetration (including attempts),,,,,,,,,,,,Units,Normal value,,0.4479706950289823
2019/20,Women aged 16 to 59,Percentage (%),Sexual (including attempts),,,,,,,,,,,,,Units,Normal value,,0.6671520201276346
2019/20,Women aged 16 to 59,Percentage (%),Stalking by a partner/ex-partner,,,,,,,,,,,,,Units,Normal value,,1.174005902347424
2019/20,Women aged 16 to 59,Percentage (%),,,,,,,,,,,,,,Units,Normal value,,6.165795642731854
2019/20,Women aged 16 to 74,Percentage (%),Non-sexual,Force,,,,,,,,,,,,Units,Normal value,,1.3884237540141666
2019/20,Women aged 16 to 74,Percentage (%),Non-sexual,"Non-physical abuse (emotional, financial)",,,,,,,,,,,,Units,Normal value,,3.7964250845242753
2019/20,Women aged 16 to 74,Percentage (%),Non-sexual,Threats,,,,,,,,,,,,Units,Normal value,,1.9132671423170728
2019/20,Women aged 16 to 74,Percentage (%),Non-sexual,Threats or force,,,,,,,,,,,,Units,Normal value,,2.5183716189149243
2019/20,Women aged 16 to 74,Percentage (%),Non-sexual,,,,,,,,,,,,,Units,Normal value,,4.927129901727842
2019/20,Women aged 16 to 74,Percentage (%),Sexual (including attempts),Indecent exposure or unwanted sexual touching by a partner,,,,,,,,,,,,Units,Normal value,,0.3316609734036738
2019/20,Women aged 16 to 74,Percentage (%),Sexual (including attempts),Sexual assault by rape or penetration (including attempts),,,,,,,,,,,,Units,Normal value,,0.364408733376186
2019/20,Women aged 16 to 74,Percentage (%),Sexual (including attempts),,,,,,,,,,,,,Units,Normal value,,0.5380015044765761
2019/20,Women aged 16 to 74,Percentage (%),Stalking by a partner/ex-partner,,,,,,,,,,,,,Units,Normal value,,0.9690093356579844
2019/20,Women aged 16 to 74,Percentage (%),,,16 to 19,,,,,,,,,,,Units,Normal value,,9.719238333188644
2019/20,Women aged 16 to 74,Percentage (%),,,20 to 24,,,,,,,,,,,Units,Normal value,,7.479848829135867
2019/20,Women aged 16 to 74,Percentage (%),,,25 to 34,,,,,,,,,,,Units,Normal value,,5.892359528224055
2019/20,Women aged 16 to 74,Percentage (%),,,35 to 44,,,,,,,,,,,Units,Normal value,,5.449931264523441
2019/20,Women aged 16 to 74,Percentage (%),,,45 to 54,,,,,,,,,,,Units,Normal value,,6.134100976716416
2019/20,Women aged 16 to 74,Percentage (%),,,55 to 59,,,,,,,,,,,Units,Normal value,,4.662433287666621
2019/20,Women aged 16 to 74,Percentage (%),,,60 to 74,,,,,,,,,,,Units,Normal value,,3.443561782805657
2019/20,Women aged 16 to 74,Percentage (%),,,,Asian/Asian British,Any other Asian background,,,,,,,,,Units,Normal value,,1.7710623591106982
2019/20,Women aged 16 to 74,Percentage (%),,,,Asian/Asian British,Bangladeshi,,,,,,,,,Units,Normal value,,2.8983338472950444
2019/20,Women aged 16 to 74,Percentage (%),,,,Asian/Asian British,Chinese,,,,,,,,,Units,Normal value,,2.75351552418908
2019/20,Women aged 16 to 74,Percentage (%),,,,Asian/Asian British,Indian,,,,,,,,,Units,Normal value,,2.682980246734557
2019/20,Women aged 16 to 74,Percentage (%),,,,Asian/Asian British,Pakistani,,,,,,,,,Units,Normal value,,4.528716690689322
2019/20,Women aged 16 to 74,Percentage (%),,,,Asian/Asian British,,,,,,,,,,Units,Normal value,,3.017858164176115
2019/20,Women aged 16 to 74,Percentage (%),,,,Black/African/Caribbean/Black British,African,,,,,,,,,Units,Normal value,,4.532353452425294
2019/20,Women aged 16 to 74,Percentage (%),,,,Black/African/Caribbean/Black British,Caribbean,,,,,,,,,Units,Normal value,,4.075639376450569
2019/20,Women aged 16 to 74,Percentage (%),,,,Black/African/Caribbean/Black British,,,,,,,,,,Units,Normal value,,4.255813755293295
2019/20,Women aged 16 to 74,Percentage (%),,,,Mixed,Any other Mixed/Multiple ethnic background,,,,,,,,,Units,Normal value,,0.7945522998580976
2019/20,Women aged 16 to 74,Percentage (%),,,,Mixed,White and Black Caribbean,,,,,,,,,Units,Normal value,,11.63113020397839
2019/20,Women aged 16 to 74,Percentage (%),,,,Mixed,,,,,,,,,,Units,Normal value,,6.247334437810206
2019/20,Women aged 16 to 74,Percentage (%),,,,Other ethnic group,,,,,,,,,,Units,Normal value,,3.8891505561333264
2019/20,Women aged 16 to 74,Percentage (%),,,,White,Any other White background,,,,,,,,,Units,Normal value,,3.488434803505497
2019/20,Women aged 16 to 74,Percentage (%),,,,White,English/Welsh/Scottish/Northern Irish/British,,,,,,,,,Units,Normal value,,6.1273260028778616
2019/20,Women aged 16 to 74,Percentage (%),,,,White,,,,,,,,,,Units,Normal value,,5.901064136298121
2019/20,Women aged 16 to 74,Percentage (%),,,,,,Disabled (GSS harmonised),,,,,,,,Units,Normal value,,11.457190416622666
2019/20,Women aged 16 to 74,Percentage (%),,,,,,Non-disabled (GSS harmonised),,,,,,,,Units,Normal value,,4.571889166326558
2019/20,Women aged 16 to 74,Percentage (%),,,,,,,Born in UK,,,,,,,Units,Normal value,,6.078639966801806
2019/20,Women aged 16 to 74,Percentage (%),,,,,,,Not born in UK,,,,,,,Units,Normal value,,3.327171642814968
2019/20,Women aged 16 to 74,Percentage (%),,,,,,,,East Midlands,,,,,,Units,Normal value,E12000004,5.747562032330414
2019/20,Women aged 16 to 74,Percentage (%),,,,,,,,East of England,,,,,,Units,Normal value,E12000006,5.6452713930807645
2019/20,Women aged 16 to 74,Percentage (%),,,,,,,,London,,,,,,Units,Normal value,E12000007,3.724835163672087
2019/20,Women aged 16 to 74,Percentage (%),,,,,,,,North East,,,,,,Units,Normal value,E12000001,3.959728887745527
2019/20,Women aged 16 to 74,Percentage (%),,,,,,,,North West,,,,,,Units,Normal value,E12000002,6.223989069281172
2019/20,Women aged 16 to 74,Percentage (%),,,,,,,,South East,,,,,,Units,Normal value,E12000008,4.96350297848181
2019/20,Women aged 16 to 74,Percentage (%),,,,,,,,South West,,,,,,Units,Normal value,E12000009,6.968626070462507
2019/20,Women aged 16 to 74,Percentage (%),,,,,,,,Wales,,,,,,Units,Normal value,W92000004,6.889651499687782
2019/20,Women aged 16 to 74,Percentage (%),,,,,,,,West Midlands,,,,,,Units,Normal value,E12000005,6.616928800900075
2019/20,Women aged 16 to 74,Percentage (%),,,,,,,,Yorkshire and The Humber,,,,,,Units,Normal value,E12000003,6.1828387684269295
2019/20,Women aged 16 to 74,Percentage (%),,,,,,,,,,,,Apprenticeship or A/AS level,,Units,Normal value,,6.349359308546925
2019/20,Women aged 16 to 74,Percentage (%),,,,,,,,,,,,Degree or diploma,,Units,Normal value,,5.124218933477335
2019/20,Women aged 16 to 74,Percentage (%),,,,,,,,,,,,No qualification,,Units,Normal value,,4.480967117555145
2019/20,Women aged 16 to 74,Percentage (%),,,,,,,,,,,,O level/GCSE,,Units,Normal value,,6.913219763207115
2019/20,Women aged 16 to 74,Percentage (%),,,,,,,,,,,,Other qualification,,Units,Normal value,,4.030800619922387
2019/20,Women aged 16 to 74,Percentage (%),,,,,,,,,,,,,"£10,400 to less than £20,800",Units,Normal value,,7.643662803615695
2019/20,Women aged 16 to 74,Percentage (%),,,,,,,,,,,,,"£20,800 to less than £31,200",Units,Normal value,,6.157471117674209
2019/20,Women aged 16 to 74,Percentage (%),,,,,,,,,,,,,"£31,200 to less than £41,600",Units,Normal value,,5.2891718914458
2019/20,Women aged 16 to 74,Percentage (%),,,,,,,,,,,,,"£41,600 to less than £52,000",Units,Normal value,,4.730938444399647
2019/20,Women aged 16 to 74,Percentage (%),,,,,,,,,,,,,"£52,000 or more",Units,Normal value,,3.745177566280814
2019/20,Women aged 16 to 74,Percentage (%),,,,,,,,,,,,,"Less than £10,400",Units,Normal value,,9.257920918997502
2019/20,Women aged 16 to 74,Percentage (%),,,,,,,,,,,,,No income stated or not enough information provided,Units,Normal value,,4.140192006033339
2019/20,Women aged 16 to 74,Percentage (%),,,,,,,,,,,,,,Units,Normal value,,5.600399616968888
2020/21,Women aged 16 to 59,Percentage (%),Non-sexual,Force,,,,,,,,,,,,Units,Missing value,,
2020/21,Women aged 16 to 59,Percentage (%),Non-sexual,"Non-physical abuse (emotional, financial)",,,,,,,,,,,,Units,Missing value,,
2020/21,Women aged 16 to 59,Percentage (%),Non-sexual,Threats,,,,,,,,,,,,Units,Missing value,,
2020/21,Women aged 16 to 59,Percentage (%),Non-sexual,Threats or force,,,,,,,,,,,,Units,Missing value,,
2020/21,Women aged 16 to 59,Percentage (%),Non-sexual,,,,,,,,,,,,,Units,Missing value,,
2020/21,Women aged 16 to 59,Percentage (%),Sexual (including attempts),Indecent exposure or unwanted sexual touching by a partner,,,,,,,,,,,,Units,Missing value,,
2020/21,Women aged 16 to 59,Percentage (%),Sexual (including attempts),Sexual assault by rape or penetration (including attempts),,,,,,,,,,,,Units,Missing value,,
2020/21,Women aged 16 to 59,Percentage (%),Sexual (including attempts),,,,,,,,,,,,,Units,Missing value,,
2020/21,Women aged 16 to 59,Percentage (%),Stalking by a partner/ex-partner,,,,,,,,,,,,,Units,Missing value,,
2020/21,Women aged 16 to 59,Percentage (%),,,,,,,,,,,,,,Units,Missing value,,
2021/22,Women aged 16 and over,Percentage (%),Non-sexual,Force,,,,,,,,,,,,Units,Normal value,,0.852954281466068
2021/22,Women aged 16 and over,Percentage (%),Non-sexual,"Non-physical abuse (emotional, financial)",,,,,,,,,,,,Units,Normal value,,3.25098519637643
2021/22,Women aged 16 and over,Percentage (%),Non-sexual,Threats,,,,,,,,,,,,Units,Normal value,,1.54877170354481
2021/22,Women aged 16 and over,Percentage (%),Non-sexual,Threats or force,,,,,,,,,,,,Units,Normal value,,1.78338257290435
2021/22,Women aged 16 and over,Percentage (%),Non-sexual,,,,,,,,,,,,,Units,Normal value,,3.97167855210408
2021/22,Women aged 16 and over,Percentage (%),Sexual (including attempts),Indecent exposure or unwanted sexual touching by a partner,,,,,,,,,,,,Units,Normal value,,0.611332359043199
2021/22,Women aged 16 and over,Percentage (%),Sexual (including attempts),Sexual assault by rape or penetration (including attempts),,,,,,,,,,,,Units,Normal value,,0.278472472730673
2021/22,Women aged 16 and over,Percentage (%),Sexual (including attempts),,,,,,,,,,,,,Units,Normal value,,0.743370641871578
2021/22,Women aged 16 and over,Percentage (%),Stalking by a partner/ex-partner,,,,,,,,,,,,,Units,Normal value,,0.837379358480228
2021/22,Women aged 16 and over,Percentage (%),,,16 to 19,,,,,,,,,,,Units,Missing value; suppressed,,
2021/22,Women aged 16 and over,Percentage (%),,,20 to 24,,,,,,,,,,,Units,Normal value,,7.68118969617489
2021/22,Women aged 16 and over,Percentage (%),,,25 to 34,,,,,,,,,,,Units,Normal value,,5.47833273780343
2021/22,Women aged 16 and over,Percentage (%),,,35 to 44,,,,,,,,,,,Units,Normal value,,4.92615014795722
2021/22,Women aged 16 and over,Percentage (%),,,45 to 54,,,,,,,,,,,Units,Normal value,,4.03697706184914
2021/22,Women aged 16 and over,Percentage (%),,,55 to 59,,,,,,,,,,,Units,Normal value,,7.00610386381606
2021/22,Women aged 16 and over,Percentage (%),,,60 to 74,,,,,,,,,,,Units,Normal value,,3.60123246680155
2021/22,Women aged 16 and over,Percentage (%),,,75 and over,,,,,,,,,,,Units,Missing value; suppressed,,
2021/22,Women aged 16 and over,Percentage (%),,,,Asian/Asian British,,,,,,,,,,Units,Normal value,,1.83153297466902
2021/22,Women aged 16 and over,Percentage (%),,,,Black/African/Caribbean/Black British,,,,,,,,,,Units,Missing value; suppressed,,
2021/22,Women aged 16 and over,Percentage (%),,,,Mixed/multiple ethnic groups,,,,,,,,,,Units,Missing value; suppressed,,
2021/22,Women aged 16 and over,Percentage (%),,,,Other ethnic group,,,,,,,,,,Units,Missing value; suppressed,,
2021/22,Women aged 16 and over,Percentage (%),,,,White,,,,,,,,,,Units,Normal value,,5.04010151299589
2021/22,Women aged 16 and over,Percentage (%),,,,,,Disabled,,,,,,,,Units,Normal value,,9.23519038588815
2021/22,Women aged 16 and over,Percentage (%),,,,,,Not disabled,,,,,,,,Units,Normal value,,3.8438403408662
2021/22,Women aged 16 and over,Percentage (%),,,,,,,Born in the UK,,,,,,,Units,Normal value,,5.25961904738189
2021/22,Women aged 16 and over,Percentage (%),,,,,,,Not born in the UK,,,,,,,Units,Normal value,,2.74464270873611
2021/22,Women aged 16 and over,Percentage (%),,,,,,,,East Midlands,,,,,,Units,Normal value,E12000004,5.98642628718287
2021/22,Women aged 16 and over,Percentage (%),,,,,,,,East of England,,,,,,Units,Normal value,E12000006,4.63041459776043
2021/22,Women aged 16 and over,Percentage (%),,,,,,,,London,,,,,,Units,Normal value,E12000007,1.27846524429146
2021/22,Women aged 16 and over,Percentage (%),,,,,,,,North East,,,,,,Units,Normal value,E12000001,5.71336313105978
2021/22,Women aged 16 and over,Percentage (%),,,,,,,,North West,,,,,,Units,Normal value,E12000002,5.08120605688194
2021/22,Women aged 16 and over,Percentage (%),,,,,,,,South East,,,,,,Units,Normal value,E12000008,4.93177623692157
2021/22,Women aged 16 and over,Percentage (%),,,,,,,,South West,,,,,,Units,Normal value,E12000009,4.76939681786509
2021/22,Women aged 16 and over,Percentage (%),,,,,,,,Wales,,,,,,Units,Missing value; suppressed,W92000004,
2021/22,Women aged 16 and over,Percentage (%),,,,,,,,West Midlands,,,,,,Units,Normal value,E12000005,6.14281311097609
2021/22,Women aged 16 and over,Percentage (%),,,,,,,,Yorkshire and The Humber,,,,,,Units,Normal value,E12000003,7.43556329531512
2021/22,Women aged 16 and over,Percentage (%),,,,,,,,,Rural,,,,,Units,Normal value,,5.4774329816575
2021/22,Women aged 16 and over,Percentage (%),,,,,,,,,Urban,,,,,Units,Normal value,,4.5962986512845
2021/22,Women aged 16 and over,Percentage (%),,,,,,,,,,Bisexual,,,,Units,Normal value,,11.3757230286974
2021/22,Women aged 16 and over,Percentage (%),,,,,,,,,,Gay/Lesbian,,,,Units,Missing value; suppressed,,
2021/22,Women aged 16 and over,Percentage (%),,,,,,,,,,Heterosexual/straight,,,,Units,Normal value,,4.56167219204175
2021/22,Women aged 16 and over,Percentage (%),,,,,,,,,,Other,,,,Units,Missing value; suppressed,,
2021/22,Women aged 16 and over,Percentage (%),,,,,,,,,,,Cisgender,,,Units,Normal value,,4.73351639648175
2021/22,Women aged 16 and over,Percentage (%),,,,,,,,,,,Transgender,,,Units,Missing value; suppressed,,
2021/22,Women aged 16 and over,Percentage (%),,,,,,,,,,,,Apprenticeship or A/AS level,,Units,Normal value,,5.6186181019529
2021/22,Women aged 16 and over,Percentage (%),,,,,,,,,,,,Degree or diploma,,Units,Normal value,,4.66919790191069
2021/22,Women aged 16 and over,Percentage (%),,,,,,,,,,,,No qualifications,,Units,Normal value,,4.1250666026009
2021/22,Women aged 16 and over,Percentage (%),,,,,,,,,,,,O level/GCSE,,Units,Missing value; suppressed,,
2021/22,Women aged 16 and over,Percentage (%),,,,,,,,,,,,Other,,Units,Normal value,,4.20760022636933
2021/22,Women aged 16 and over,Percentage (%),,,,,,,,,,,,,"£10,400 to less than £20,800",Units,Normal value,,8.16799588307547
2021/22,Women aged 16 and over,Percentage (%),,,,,,,,,,,,,"£20,800 to less than £31,200",Units,Normal value,,6.34778648337265
2021/22,Women aged 16 and over,Percentage (%),,,,,,,,,,,,,"£31,200 to less than £41,600",Units,Normal value,,1.81932843439752
2021/22,Women aged 16 and over,Percentage (%),,,,,,,,,,,,,"£41,600 to less than £52,000",Units,Normal value,,3.63621405121652
2021/22,Women aged 16 and over,Percentage (%),,,,,,,,,,,,,"£52,000 or more",Units,Normal value,,2.41111757112351
2021/22,Women aged 16 and over,Percentage (%),,,,,,,,,,,,,"Less than £10,400",Units,Normal value,,9.80167882915256
2021/22,Women aged 16 and over,Percentage (%),,,,,,,,,,,,,No income stated or not enough information provided,Units,Missing value; suppressed,,
2021/22,Women aged 16 and over,Percentage (%),,,,,,,,,,,,,,Units,Normal value,,4.77098293986571
2021/22,Women aged 16 to 59,Percentage (%),Non-sexual,Force,,,,,,,,,,,,Units,Normal value,,1.00080464972377
2021/22,Women aged 16 to 59,Percentage (%),Non-sexual,"Non-physical abuse (emotional, financial)",,,,,,,,,,,,Units,Normal value,,3.44421440600608
2021/22,Women aged 16 to 59,Percentage (%),Non-sexual,Threats,,,,,,,,,,,,Units,Normal value,,1.82993484824134
2021/22,Women aged 16 to 59,Percentage (%),Non-sexual,Threats or force,,,,,,,,,,,,Units,Normal value,,2.13114398090813
2021/22,Women aged 16 to 59,Percentage (%),Non-sexual,,,,,,,,,,,,,Units,Normal value,,4.3273092502581
2021/22,Women aged 16 to 59,Percentage (%),Sexual (including attempts),Indecent exposure or unwanted sexual touching by a partner,,,,,,,,,,,,Units,Normal value,,0.743957148041272
2021/22,Women aged 16 to 59,Percentage (%),Sexual (including attempts),Sexual assault by rape or penetration (including attempts),,,,,,,,,,,,Units,Normal value,,0.344201924216872
2021/22,Women aged 16 to 59,Percentage (%),Sexual (including attempts),,,,,,,,,,,,,Units,Normal value,,0.883681148012075
2021/22,Women aged 16 to 59,Percentage (%),Stalking by a partner/ex-partner,,,,,,,,,,,,,Units,Normal value,,1.16151896251621
2021/22,Women aged 16 to 59,Percentage (%),,,,,,,,,,,,,,Units,Normal value,,5.27120478241274
