Year,Age at which FGM took place,Country of birth,Units,Local Authority,FGM type,Unit measure,Unit multiplier,Observation status,GeoCode,Value
2015/16,,,Percentage,,,%,,,,0.0218656554349
2016/17,,,Percentage,,,%,,,,0.023686511841105838
2017/18,,,Percentage,,,%,,,,0.022383405786796918
2018/19,,,Percentage,,,%,,,,0.02311125310511304
2015/16,Not Recorded,,Individuals,,,,,,,3060.0
2016/17,Not Recorded,,Individuals,,,,,,,2855.0
2017/18,Not Recorded,,Individuals,,,,,,,2730.0
2018/19,Not Recorded,,Individuals,,,,,,,2695.0
2015/16,Not Known,,Individuals,,,,,,,1235.0
2016/17,Not Known,,Individuals,,,,,,,1355.0
2017/18,Not Known,,Individuals,,,,,,,1230.0
2018/19,Not Known,,Individuals,,,,,,,1200.0
2015/16,under 1,,Individuals,,,,,,,305.0
2016/17,under 1,,Individuals,,,,,,,430.0
2017/18,under 1,,Individuals,,,,,,,390.0
2018/19,under 1,,Individuals,,,,,,,380.0
2015/16,1 to 4,,Individuals,,,,,,,450.0
2016/17,1 to 4,,Individuals,,,,,,,545.0
2017/18,1 to 4,,Individuals,,,,,,,505.0
2018/19,1 to 4,,Individuals,,,,,,,685.0
2015/16,5 to 9,,Individuals,,,,,,,825.0
2016/17,5 to 9,,Individuals,,,,,,,1050.0
2017/18,5 to 9,,Individuals,,,,,,,885.0
2018/19,5 to 9,,Individuals,,,,,,,805.0
2015/16,10 to 14,,Individuals,,,,,,,175.0
2016/17,10 to 14,,Individuals,,,,,,,235.0
2017/18,10 to 14,,Individuals,,,,,,,210.0
2018/19,10 to 14,,Individuals,,,,,,,170.0
2015/16,15 to 17,,Individuals,,,,,,,20.0
2016/17,15 to 17,,Individuals,,,,,,,30.0
2017/18,15 to 17,,Individuals,,,,,,,20.0
2018/19,15 to 17,,Individuals,,,,,,,25.0
2015/16,18 and over,,Individuals,,,,,,,130.0
2016/17,18 and over,,Individuals,,,,,,,160.0
2017/18,18 and over,,Individuals,,,,,,,295.0
2018/19,18 and over,,Individuals,,,,,,,455.0
2015/16,,Not recorded,Individuals,,,,,,,2225.0
2016/17,,Not recorded,Individuals,,,,,,,2070.0
2017/18,,Not recorded,Individuals,,,,,,,1690.0
2018/19,,Not recorded,Individuals,,,,,,,1580.0
2015/16,,Not known,Individuals,,,,,,,1135.0
2016/17,,Not known,Individuals,,,,,,,1200.0
2017/18,,Not known,Individuals,,,,,,,1045.0
2018/19,,Not known,Individuals,,,,,,,1120.0
2015/16,,Eastern Africa,Individuals,,,,,,,1585.0
2016/17,,Eastern Africa,Individuals,,,,,,,1915.0
2017/18,,Eastern Africa,Individuals,,,,,,,1780.0
2018/19,,Eastern Africa,Individuals,,,,,,,1920.0
2015/16,,Northern Africa,Individuals,,,,,,,325.0
2016/17,,Northern Africa,Individuals,,,,,,,420.0
2017/18,,Northern Africa,Individuals,,,,,,,440.0
2018/19,,Northern Africa,Individuals,,,,,,,540.0
2015/16,,Western Africa,Individuals,,,,,,,665.0
2016/17,,Western Africa,Individuals,,,,,,,665.0
2017/18,,Western Africa,Individuals,,,,,,,805.0
2018/19,,Western Africa,Individuals,,,,,,,745.0
2015/16,,Rest of Africa,Individuals,,,,,,,15.0
2016/17,,Rest of Africa,Individuals,,,,,,,25.0
2017/18,,Rest of Africa,Individuals,,,,,,,40.0
2018/19,,Rest of Africa,Individuals,,,,,,,15.0
2015/16,,United Kingdom,Individuals,,,,,,,45.0
2016/17,,United Kingdom,Individuals,,,,,,,120.0
2017/18,,United Kingdom,Individuals,,,,,,,145.0
2018/19,,United Kingdom,Individuals,,,,,,,150.0
2015/16,,Western Asia,Individuals,,,,,,,135.0
2016/17,,Western Asia,Individuals,,,,,,,175.0
2017/18,,Western Asia,Individuals,,,,,,,235.0
2018/19,,Western Asia,Individuals,,,,,,,240.0
2015/16,,Rest of Asia,Individuals,,,,,,,35.0
2016/17,,Rest of Asia,Individuals,,,,,,,60.0
2017/18,,Rest of Asia,Individuals,,,,,,,45.0
2018/19,,Rest of Asia,Individuals,,,,,,,70.0
2015/16,,Other,Individuals,,,,,,,20.0
2016/17,,Other,Individuals,,,,,,,25.0
2017/18,,Other,Individuals,,,,,,,35.0
2018/19,,Other,Individuals,,,,,,,35.0
2015/16,,,Individuals,,Not recorded,,,,,230.0
2016/17,,,Individuals,,Not recorded,,,,,280.0
2017/18,,,Individuals,,Not recorded,,,,,190.0
2018/19,,,Individuals,,Not recorded,,,,,250.0
2015/16,,,Individuals,,Not known,,,,,2655.0
2016/17,,,Individuals,,Not known,,,,,2740.0
2017/18,,,Individuals,,Not known,,,,,2620.0
2018/19,,,Individuals,,Not known,,,,,2365.0
2015/16,,,Individuals,,Type 1,,,,,1185.0
2016/17,,,Individuals,,Type 1,,,,,1315.0
2017/18,,,Individuals,,Type 1,,,,,1350.0
2018/19,,,Individuals,,Type 1,,,,,1435.0
2015/16,,,Individuals,,Type 2,,,,,1040.0
2016/17,,,Individuals,,Type 2,,,,,1075.0
2017/18,,,Individuals,,Type 2,,,,,905.0
2018/19,,,Individuals,,Type 2,,,,,1050.0
2015/16,,,Individuals,,Type 3,,,,,720.0
2016/17,,,Individuals,,Type 3,,,,,780.0
2017/18,,,Individuals,,Type 3,,,,,685.0
2018/19,,,Individuals,,Type 3,,,,,830.0
2015/16,,,Individuals,,Type 4,,,,,140.0
2016/17,,,Individuals,,Type 4,,,,,275.0
2017/18,,,Individuals,,Type 4,,,,,345.0
2018/19,,,Individuals,,Type 4,,,,,320.0
2015/16,,,Individuals,,History of type 3,,,,,140.0
2016/17,,,Individuals,,History of type 3,,,,,150.0
2017/18,,,Individuals,,History of type 3,,,,,125.0
2018/19,,,Individuals,,History of type 3,,,,,120.0
2015/16,,,Individuals,,Type 3 reinfibulation identified,,,,,85.0
2016/17,,,Individuals,,Type 3 reinfibulation identified,,,,,50.0
2017/18,,,Individuals,,Type 3 reinfibulation identified,,,,,40.0
2018/19,,,Individuals,,Type 3 reinfibulation identified,,,,,50.0
2018/19,,,Individuals,Adur District Council,,,,,,0.0
2018/19,,,Individuals,Allerdale Borough Council,,,,,,0.0
2018/19,,,Individuals,Amber Valley Borough Council,,,,,,0.0
2018/19,,,Individuals,Arun District Council,,,,,,0.0
2018/19,,,Individuals,Ashfield District Council,,,,,,0.0
2018/19,,,Individuals,Ashford Borough Council,,,,,,0.0
2018/19,,,Individuals,Aylesbury Vale District Council,,,,,,0.0
2018/19,,,Individuals,Babergh District Council,,,,,,0.0
2018/19,,,Individuals,Barnsley Metropolitan Borough Council,,,,,,5.0
2018/19,,,Individuals,Barrow-In-Furness Borough Council,,,,,,0.0
2018/19,,,Individuals,Basildon District Council,,,,,,0.0
2018/19,,,Individuals,Basingstoke and Deane Borough Council,,,,,,0.0
2018/19,,,Individuals,Bassetlaw District Council,,,,,,0.0
2018/19,,,Individuals,Bath and North East Somerset Council,,,,,,5.0
2018/19,,,Individuals,Bedford Borough Council,,,,,,10.0
2018/19,,,Individuals,Birmingham City Council,,,,,,620.0
2018/19,,,Individuals,Blaby District Council,,,,,,0.0
2018/19,,,Individuals,Blackburn with Darwen Borough Council,,,,,,10.0
2018/19,,,Individuals,Blackpool Borough Council,,,,,,5.0
2018/19,,,Individuals,Bolsover District Council,,,,,,0.0
2018/19,,,Individuals,Bolton Metropolitan Borough Council,,,,,,150.0
2018/19,,,Individuals,Borough of Poole Council,,,,,,0.0
2018/19,,,Individuals,Boston Borough Council,,,,,,0.0
2018/19,,,Individuals,Bournemouth Borough Council,,,,,,5.0
2018/19,,,Individuals,Bracknell Forest Borough Council,,,,,,0.0
2018/19,,,Individuals,Braintree District Council,,,,,,0.0
2018/19,,,Individuals,Breckland District Council,,,,,,0.0
2018/19,,,Individuals,Brentwood Borough Council,,,,,,0.0
2018/19,,,Individuals,Brighton & Hove City Council,,,,,,5.0
2018/19,,,Individuals,Bristol City Council,,,,,,425.0
2018/19,,,Individuals,Broadland District Council,,,,,,0.0
2018/19,,,Individuals,Bromsgrove District Council,,,,,,0.0
2018/19,,,Individuals,Broxbourne Borough Council,,,,,,0.0
2018/19,,,Individuals,Broxtowe Borough Council,,,,,,0.0
2018/19,,,Individuals,Buckinghamshire County Council,,,,,,5.0
2018/19,,,Individuals,Burnley Borough Council,,,,,,0.0
2018/19,,,Individuals,Bury Metropolitan Borough Council,,,,,,25.0
2018/19,,,Individuals,Calderdale Metropolitan Borough Council,,,,,,10.0
2018/19,,,Individuals,Cambridge City Council,,,,,,0.0
2018/19,,,Individuals,Cambridgeshire County Council,,,,,,5.0
2018/19,,,Individuals,Cannock Chase District Council,,,,,,0.0
2018/19,,,Individuals,Canterbury City Council,,,,,,0.0
2018/19,,,Individuals,Carlisle City Council,,,,,,0.0
2018/19,,,Individuals,Castle Point Borough Council,,,,,,0.0
2018/19,,,Individuals,Central Bedfordshire Council,,,,,,5.0
2018/19,,,Individuals,Charnwood Borough Council,,,,,,0.0
2018/19,,,Individuals,Chelmsford Borough Council,,,,,,0.0
2018/19,,,Individuals,Cheltenham Borough Council,,,,,,0.0
2018/19,,,Individuals,Cherwell District Council,,,,,,0.0
2018/19,,,Individuals,Cheshire East Council,,,,,,5.0
2018/19,,,Individuals,Cheshire West and Chester Council,,,,,,5.0
2018/19,,,Individuals,Chesterfield Borough Council,,,,,,0.0
2018/19,,,Individuals,Chichester District Council,,,,,,0.0
2018/19,,,Individuals,Chiltern District Council,,,,,,0.0
2018/19,,,Individuals,Chorley Borough Council,,,,,,0.0
2018/19,,,Individuals,Christchurch Borough Council,,,,,,0.0
2018/19,,,Individuals,City of Bradford Metropolitan District Council,,,,,,65.0
2018/19,,,Individuals,City of Lincoln Council,,,,,,0.0
2018/19,,,Individuals,Colchester Borough Council,,,,,,0.0
2018/19,,,Individuals,Copeland Borough Council,,,,,,0.0
2018/19,,,Individuals,Corby Borough Council,,,,,,0.0
2018/19,,,Individuals,Cornwall Council,,,,,,0.0
2018/19,,,Individuals,Corporation of The City of London,,,,,,0.0
2018/19,,,Individuals,Cotswold District Council,,,,,,0.0
2018/19,,,Individuals,Coventry City Council,,,,,,60.0
2018/19,,,Individuals,Craven District Council,,,,,,0.0
2018/19,,,Individuals,Crawley Borough Council,,,,,,0.0
2018/19,,,Individuals,Cumbria County Council,,,,,,10.0
2018/19,,,Individuals,Dacorum Borough Council,,,,,,0.0
2018/19,,,Individuals,Darlington Borough Council (Unitary),,,,,,0.0
2018/19,,,Individuals,Dartford Borough Council,,,,,,0.0
2018/19,,,Individuals,Daventry District Council,,,,,,0.0
2018/19,,,Individuals,Derby City Council,,,,,,10.0
2018/19,,,Individuals,Derbyshire County Council,,,,,,5.0
2018/19,,,Individuals,Derbyshire Dales District Council,,,,,,0.0
2018/19,,,Individuals,Devon County Council,,,,,,5.0
2018/19,,,Individuals,Doncaster Council,,,,,,5.0
2018/19,,,Individuals,Dorset Council,,,,,,0.0
2018/19,,,Individuals,Dover District Council,,,,,,0.0
2018/19,,,Individuals,Dudley Metropolitan Borough Council,,,,,,20.0
2018/19,,,Individuals,Durham County Council,,,,,,0.0
2018/19,,,Individuals,East Cambridgeshire District Council,,,,,,0.0
2018/19,,,Individuals,East Devon District Council,,,,,,0.0
2018/19,,,Individuals,East Dorset District Council,,,,,,0.0
2018/19,,,Individuals,East Hampshire District Council,,,,,,0.0
2018/19,,,Individuals,East Hertfordshire District Council,,,,,,0.0
2018/19,,,Individuals,East Lindsey District Council,,,,,,0.0
2018/19,,,Individuals,East Northamptonshire Council,,,,,,0.0
2018/19,,,Individuals,East Riding of Yorkshire Council,,,,,,5.0
2018/19,,,Individuals,East Staffordshire Borough Council,,,,,,0.0
2018/19,,,Individuals,East Sussex County Council,,,,,,10.0
2018/19,,,Individuals,Eastbourne Borough Council,,,,,,0.0
2018/19,,,Individuals,Eastleigh Borough Council,,,,,,0.0
2018/19,,,Individuals,Eden District Council,,,,,,0.0
2018/19,,,Individuals,Elmbridge Borough Council,,,,,,0.0
2018/19,,,Individuals,Epping Forest District Council,,,,,,0.0
2018/19,,,Individuals,Epsom and Ewell Borough Council,,,,,,0.0
2018/19,,,Individuals,Erewash Borough Council,,,,,,0.0
2018/19,,,Individuals,Essex County Council,,,,,,20.0
2018/19,,,Individuals,Exeter City Council,,,,,,0.0
2018/19,,,Individuals,Fareham Borough Council,,,,,,0.0
2018/19,,,Individuals,Fenland District Council,,,,,,0.0
2018/19,,,Individuals,Forest Heath District Council,,,,,,0.0
2018/19,,,Individuals,Forest of Dean District Council,,,,,,0.0
2018/19,,,Individuals,Fylde Borough Council,,,,,,0.0
2018/19,,,Individuals,Gateshead Metropolitan Borough Council,,,,,,15.0
2018/19,,,Individuals,Gedling Borough Council,,,,,,0.0
2018/19,,,Individuals,Gloucester City Council,,,,,,0.0
2018/19,,,Individuals,Gloucestershire County Council,,,,,,5.0
2018/19,,,Individuals,Gosport Borough Council,,,,,,0.0
2018/19,,,Individuals,Gravesham Borough Council,,,,,,0.0
2018/19,,,Individuals,Great Yarmouth Borough Council,,,,,,0.0
2018/19,,,Individuals,Greater London Authority,,,,,,0.0
2018/19,,,Individuals,Guildford Borough Council,,,,,,0.0
2018/19,,,Individuals,Halton Borough Council (Unitary),,,,,,0.0
2018/19,,,Individuals,Hambleton District Council,,,,,,0.0
2018/19,,,Individuals,Hampshire County Council,,,,,,10.0
2018/19,,,Individuals,Harborough District Council,,,,,,0.0
2018/19,,,Individuals,Harlow District Council,,,,,,0.0
2018/19,,,Individuals,Harrogate Borough Council,,,,,,0.0
2018/19,,,Individuals,Hart District Council,,,,,,0.0
2018/19,,,Individuals,Hartlepool Borough Council,,,,,,5.0
2018/19,,,Individuals,Hastings Borough Council,,,,,,0.0
2018/19,,,Individuals,Havant Borough Council,,,,,,0.0
2018/19,,,Individuals,Herefordshire Council,,,,,,0.0
2018/19,,,Individuals,Hertfordshire County Council,,,,,,35.0
2018/19,,,Individuals,Hertsmere Borough Council,,,,,,0.0
2018/19,,,Individuals,High Peak Borough Council,,,,,,0.0
2018/19,,,Individuals,Hinckley & Bosworth Borough Council,,,,,,0.0
2018/19,,,Individuals,Horsham District Council,,,,,,0.0
2018/19,,,Individuals,Huntingdonshire District Council,,,,,,0.0
2018/19,,,Individuals,Hyndburn Borough Council,,,,,,0.0
2018/19,,,Individuals,Ipswich Borough Council,,,,,,0.0
2018/19,,,Individuals,Isle of Wight Council,,,,,,0.0
2018/19,,,Individuals,Kent County Council,,,,,,35.0
2018/19,,,Individuals,Kettering Borough Council,,,,,,0.0
2018/19,,,Individuals,Kings Lynn & West Norfolk Borough Council,,,,,,0.0
2018/19,,,Individuals,Kingston-Upon-Hull City Council,,,,,,65.0
2018/19,,,Individuals,Kirklees Council,,,,,,45.0
2018/19,,,Individuals,Knowsley Metropolitan Borough Council,,,,,,0.0
2018/19,,,Individuals,Lancashire County Council,,,,,,20.0
2018/19,,,Individuals,Lancaster City Council,,,,,,0.0
2018/19,,,Individuals,Leeds City Council,,,,,,40.0
2018/19,,,Individuals,Leicester City Council,,,,,,20.0
2018/19,,,Individuals,Leicestershire County Council,,,,,,5.0
2018/19,,,Individuals,Lewes District Council,,,,,,0.0
2018/19,,,Individuals,Lichfield District Council,,,,,,0.0
2018/19,,,Individuals,Lincolnshire County Council,,,,,,25.0
2018/19,,,Individuals,Liverpool City Council,,,,,,5.0
2018/19,,,Individuals,London Borough of Barking and Dagenham,,,,,,115.0
2018/19,,,Individuals,London Borough of Barnet,,,,,,95.0
2018/19,,,Individuals,London Borough of Bexley,,,,,,20.0
2018/19,,,Individuals,London Borough of Brent,,,,,,265.0
2018/19,,,Individuals,London Borough of Bromley,,,,,,30.0
2018/19,,,Individuals,London Borough of Camden,,,,,,125.0
2018/19,,,Individuals,London Borough of Croydon,,,,,,30.0
2018/19,,,Individuals,London Borough of Ealing,,,,,,235.0
2018/19,,,Individuals,London Borough of Enfield,,,,,,205.0
2018/19,,,Individuals,London Borough of Greenwich,,,,,,35.0
2018/19,,,Individuals,London Borough of Hackney,,,,,,85.0
2018/19,,,Individuals,London Borough of Hammersmith and Fulham,,,,,,110.0
2018/19,,,Individuals,London Borough of Haringey,,,,,,90.0
2018/19,,,Individuals,London Borough of Harrow,,,,,,75.0
2018/19,,,Individuals,London Borough of Havering,,,,,,20.0
2018/19,,,Individuals,London Borough of Hillingdon,,,,,,125.0
2018/19,,,Individuals,London Borough of Hounslow,,,,,,85.0
2018/19,,,Individuals,London Borough of Islington,,,,,,75.0
2018/19,,,Individuals,London Borough of Lambeth Council,,,,,,150.0
2018/19,,,Individuals,London Borough of Lewisham Council,,,,,,45.0
2018/19,,,Individuals,London Borough of Merton Council,,,,,,5.0
2018/19,,,Individuals,London Borough of Newham Council,,,,,,120.0
2018/19,,,Individuals,London Borough of Redbridge Council,,,,,,55.0
2018/19,,,Individuals,London Borough of Richmond Upon Thames Council,,,,,,5.0
2018/19,,,Individuals,London Borough of Southwark Council,,,,,,195.0
2018/19,,,Individuals,London Borough of Sutton Council,,,,,,0.0
2018/19,,,Individuals,London Borough of Tower Hamlets Council,,,,,,130.0
2018/19,,,Individuals,London Borough of Waltham Forest Council,,,,,,105.0
2018/19,,,Individuals,London Borough of Wandsworth,,,,,,50.0
2018/19,,,Individuals,Luton Borough Council,,,,,,10.0
2018/19,,,Individuals,Maidstone Borough Council,,,,,,0.0
2018/19,,,Individuals,Maldon District Council,,,,,,0.0
2018/19,,,Individuals,Malvern Hills District Council,,,,,,0.0
2018/19,,,Individuals,Manchester City Council,,,,,,360.0
2018/19,,,Individuals,Mansfield District Council,,,,,,0.0
2018/19,,,Individuals,Medway Council,,,,,,15.0
2018/19,,,Individuals,Melton Borough Council,,,,,,0.0
2018/19,,,Individuals,Mendip District Council,,,,,,0.0
2018/19,,,Individuals,Mid Devon District Council,,,,,,0.0
2018/19,,,Individuals,Mid Suffolk District Council,,,,,,0.0
2018/19,,,Individuals,Mid Sussex District Council,,,,,,0.0
2018/19,,,Individuals,Middlesbrough Council,,,,,,15.0
2018/19,,,Individuals,Milton Keynes Council,,,,,,5.0
2018/19,,,Individuals,Mole Valley District Council,,,,,,0.0
2018/19,,,Individuals,New Forest District Council,,,,,,0.0
2018/19,,,Individuals,Newark and Sherwood District Council,,,,,,0.0
2018/19,,,Individuals,Newcastle-Under-Lyme Borough Council,,,,,,0.0
2018/19,,,Individuals,Newcastle-Upon-Tyne City Council,,,,,,65.0
2018/19,,,Individuals,Norfolk County Council,,,,,,15.0
2018/19,,,Individuals,North Devon District Council,,,,,,0.0
2018/19,,,Individuals,North Dorset District Council,,,,,,0.0
2018/19,,,Individuals,North East Derbyshire District Council,,,,,,0.0
2018/19,,,Individuals,North East Lincolnshire Council,,,,,,5.0
2018/19,,,Individuals,North Hertfordshire District Council,,,,,,0.0
2018/19,,,Individuals,North Kesteven District Council,,,,,,0.0
2018/19,,,Individuals,North Lincolnshire Council,,,,,,5.0
2018/19,,,Individuals,North Norfolk District Council,,,,,,0.0
2018/19,,,Individuals,North Somerset District Council,,,,,,5.0
2018/19,,,Individuals,North Tyneside Council,,,,,,10.0
2018/19,,,Individuals,North Warwickshire Borough Council,,,,,,0.0
2018/19,,,Individuals,North West Leicestershire District Council,,,,,,0.0
2018/19,,,Individuals,North Yorkshire County Council,,,,,,5.0
2018/19,,,Individuals,Northampton Borough Council,,,,,,0.0
2018/19,,,Individuals,Northamptonshire County Council,,,,,,55.0
2018/19,,,Individuals,Northumberland County Council,,,,,,0.0
2018/19,,,Individuals,Norwich City Council,,,,,,0.0
2018/19,,,Individuals,Nottingham City Council,,,,,,90.0
2018/19,,,Individuals,Nottinghamshire County Council,,,,,,5.0
2018/19,,,Individuals,Nuneaton and Bedworth Borough Council,,,,,,0.0
2018/19,,,Individuals,Oadby & Wigston Borough Council,,,,,,0.0
2018/19,,,Individuals,Oldham Metropolitian Borough Council,,,,,,25.0
2018/19,,,Individuals,Oxford City Council,,,,,,0.0
2018/19,,,Individuals,Oxfordshire County Council,,,,,,5.0
2018/19,,,Individuals,Pendle Borough Council,,,,,,0.0
2018/19,,,Individuals,Peterborough City Council,,,,,,35.0
2018/19,,,Individuals,Plymouth City Council,,,,,,20.0
2018/19,,,Individuals,Portsmouth City Council,,,,,,20.0
2018/19,,,Individuals,Preston City Council,,,,,,0.0
2018/19,,,Individuals,Purbeck District Council,,,,,,0.0
2018/19,,,Individuals,Reading Borough Council,,,,,,20.0
2018/19,,,Individuals,Redcar & Cleveland Borough Council,,,,,,5.0
2018/19,,,Individuals,Redditch Borough Council,,,,,,0.0
2018/19,,,Individuals,Reigate and Banstead Borough Council,,,,,,0.0
2018/19,,,Individuals,Ribble Valley Borough Council,,,,,,0.0
2018/19,,,Individuals,Richmondshire District Council,,,,,,0.0
2018/19,,,Individuals,Rochdale Metropolitan Borough Council,,,,,,25.0
2018/19,,,Individuals,Rochford District Council,,,,,,0.0
2018/19,,,Individuals,Rossendale Borough Council,,,,,,0.0
2018/19,,,Individuals,Rother District Council,,,,,,0.0
2018/19,,,Individuals,Rotherham Metropolitan Borough Council,,,,,,15.0
2018/19,,,Individuals,Royal Borough of Kensington and Chelsea,,,,,,70.0
2018/19,,,Individuals,Royal Borough of Kingston-Upon-Thames Council,,,,,,5.0
2018/19,,,Individuals,Royal Borough of Windsor & Maidenhead,,,,,,5.0
2018/19,,,Individuals,Rugby Borough Council,,,,,,0.0
2018/19,,,Individuals,Runnymede Borough Council,,,,,,0.0
2018/19,,,Individuals,Rushcliffe Borough Council,,,,,,0.0
2018/19,,,Individuals,Rushmoor Borough Council,,,,,,0.0
2018/19,,,Individuals,Rutland County Council,,,,,,0.0
2018/19,,,Individuals,Ryedale District Council,,,,,,0.0
2018/19,,,Individuals,Salford City Council,,,,,,85.0
2018/19,,,Individuals,Sandwell Metropolitan Borough Council,,,,,,80.0
2018/19,,,Individuals,Scarborough Borough Council,,,,,,0.0
2018/19,,,Individuals,Sedgemoor District Council,,,,,,0.0
2018/19,,,Individuals,Sefton Council,,,,,,0.0
2018/19,,,Individuals,Selby District Council,,,,,,0.0
2018/19,,,Individuals,Sevenoaks District Council,,,,,,0.0
2018/19,,,Individuals,Sheffield City Council,,,,,,155.0
2018/19,,,Individuals,Shepway District Council,,,,,,0.0
2018/19,,,Individuals,Shropshire Council,,,,,,5.0
2018/19,,,Individuals,Slough Borough Council,,,,,,50.0
2018/19,,,Individuals,Solihull Metropolitan Borough Council,,,,,,5.0
2018/19,,,Individuals,Somerset County Council,,,,,,5.0
2018/19,,,Individuals,South Bucks District Council,,,,,,0.0
2018/19,,,Individuals,South Cambridgeshire District Council,,,,,,0.0
2018/19,,,Individuals,South Derbyshire District Council,,,,,,0.0
2018/19,,,Individuals,South Gloucestershire Council,,,,,,15.0
2018/19,,,Individuals,South Hams District Council,,,,,,0.0
2018/19,,,Individuals,South Holland District Council,,,,,,0.0
2018/19,,,Individuals,South Kesteven District Council,,,,,,0.0
2018/19,,,Individuals,South Lakeland District Council,,,,,,0.0
2018/19,,,Individuals,South Norfolk Council,,,,,,0.0
2018/19,,,Individuals,South Northamptonshire District Council,,,,,,0.0
2018/19,,,Individuals,South Oxfordshire District Council,,,,,,0.0
2018/19,,,Individuals,South Ribble Borough Council,,,,,,0.0
2018/19,,,Individuals,South Somerset District Council,,,,,,0.0
2018/19,,,Individuals,South Staffordshire Council,,,,,,0.0
2018/19,,,Individuals,South Tyneside Metropolitan Borough Council,,,,,,0.0
2018/19,,,Individuals,Southampton City Council,,,,,,30.0
2018/19,,,Individuals,Southend-On-Sea Borough Council,,,,,,5.0
2018/19,,,Individuals,Spelthorne Borough Council,,,,,,0.0
2018/19,,,Individuals,St Albans City & District Council,,,,,,0.0
2018/19,,,Individuals,St Edmundsbury Borough Council,,,,,,0.0
2018/19,,,Individuals,St Helens Metropolitan Borough Council,,,,,,0.0
2018/19,,,Individuals,Stafford Borough Council,,,,,,0.0
2018/19,,,Individuals,Staffordshire County Council,,,,,,15.0
2018/19,,,Individuals,Staffordshire Moorlands District Council,,,,,,0.0
2018/19,,,Individuals,Stevenage Borough Council,,,,,,0.0
2018/19,,,Individuals,Stockport Metropolitan Borough Council,,,,,,5.0
2018/19,,,Individuals,Stockton-On-Tees Borough Council,,,,,,25.0
2018/19,,,Individuals,Stoke-On-Trent City Council,,,,,,35.0
2018/19,,,Individuals,Stratford-On-Avon District Council,,,,,,0.0
2018/19,,,Individuals,Stroud District Council,,,,,,0.0
2018/19,,,Individuals,Suffolk Coastal District Council,,,,,,0.0
2018/19,,,Individuals,Suffolk County Council,,,,,,10.0
2018/19,,,Individuals,Sunderland City Council,,,,,,5.0
2018/19,,,Individuals,Surrey County Council,,,,,,5.0
2018/19,,,Individuals,Surrey Heath Borough Council,,,,,,0.0
2018/19,,,Individuals,Swale Borough Council,,,,,,0.0
2018/19,,,Individuals,Swindon Borough Council (Unitary),,,,,,5.0
2018/19,,,Individuals,Tameside Metropolitan Borough Council,,,,,,20.0
2018/19,,,Individuals,Tamworth Borough Council,,,,,,0.0
2018/19,,,Individuals,Tandridge District Council,,,,,,0.0
2018/19,,,Individuals,Taunton Deane Borough Council,,,,,,0.0
2018/19,,,Individuals,Teignbridge District Council,,,,,,0.0
2018/19,,,Individuals,Telford and Wrekin Council (Unitary),,,,,,0.0
2018/19,,,Individuals,Tendring District Council,,,,,,0.0
2018/19,,,Individuals,Test Valley Borough Council,,,,,,0.0
2018/19,,,Individuals,Tewkesbury Borough Council,,,,,,0.0
2018/19,,,Individuals,Thanet District Council,,,,,,0.0
2018/19,,,Individuals,The Council of The Isles of Scilly,,,,,,0.0
2018/19,,,Individuals,Three Rivers District Council,,,,,,0.0
2018/19,,,Individuals,Thurrock Council,,,,,,10.0
2018/19,,,Individuals,Tonbridge and Malling Borough Council,,,,,,0.0
2018/19,,,Individuals,Torbay Council,,,,,,5.0
2018/19,,,Individuals,Torridge District Council,,,,,,0.0
2018/19,,,Individuals,Trafford Metropolitan Borough Council,,,,,,25.0
2018/19,,,Individuals,Tunbridge Wells Borough Council,,,,,,0.0
2018/19,,,Individuals,Uttlesford District Council,,,,,,0.0
2018/19,,,Individuals,Vale of White Horse District Council,,,,,,0.0
2018/19,,,Individuals,Wakefield Council,,,,,,90.0
2018/19,,,Individuals,Walsall Metropolitan Borough Council,,,,,,20.0
2018/19,,,Individuals,Warrington Borough Council (Unitary),,,,,,5.0
2018/19,,,Individuals,Warwick District Council,,,,,,0.0
2018/19,,,Individuals,Warwickshire County Council,,,,,,5.0
2018/19,,,Individuals,Watford Borough Council,,,,,,0.0
2018/19,,,Individuals,Waveney District Council,,,,,,0.0
2018/19,,,Individuals,Waverley Borough Council,,,,,,0.0
2018/19,,,Individuals,Wealden District Council,,,,,,0.0
2018/19,,,Individuals,Wellingborough Borough Council,,,,,,0.0
2018/19,,,Individuals,Welwyn Hatfield Council,,,,,,0.0
2018/19,,,Individuals,West Berkshire District Council,,,,,,0.0
2018/19,,,Individuals,West Devon Borough Council,,,,,,0.0
2018/19,,,Individuals,West Dorset District Council,,,,,,0.0
2018/19,,,Individuals,West Lancashire District Council,,,,,,0.0
2018/19,,,Individuals,West Lindsey District Council,,,,,,0.0
2018/19,,,Individuals,West Oxfordshire District Council,,,,,,0.0
2018/19,,,Individuals,West Somerset District Council,,,,,,0.0
2018/19,,,Individuals,West Sussex County Council,,,,,,25.0
2018/19,,,Individuals,Westminster City Council,,,,,,95.0
2018/19,,,Individuals,Weymouth & Portland Borough Council,,,,,,0.0
2018/19,,,Individuals,Wigan Metropolitan Borough Council,,,,,,20.0
2018/19,,,Individuals,Wiltshire Council,,,,,,10.0
2018/19,,,Individuals,Winchester City Council,,,,,,0.0
2018/19,,,Individuals,Wirral Metropolitan Borough Council,,,,,,5.0
2018/19,,,Individuals,Woking Borough Council,,,,,,0.0
2018/19,,,Individuals,Wokingham Borough Council,,,,,,5.0
2018/19,,,Individuals,Wolverhampton City Council,,,,,,70.0
2018/19,,,Individuals,Worcester City Council,,,,,,0.0
2018/19,,,Individuals,Worcestershire County Council,,,,,,5.0
2018/19,,,Individuals,Worthing Borough Council,,,,,,0.0
2018/19,,,Individuals,Wychavon District Council,,,,,,0.0
2018/19,,,Individuals,Wycombe District Council,,,,,,0.0
2018/19,,,Individuals,Wyre Borough Council,,,,,,0.0
2018/19,,,Individuals,Wyre Forest District Council,,,,,,0.0
2018/19,,,Individuals,York City Council,,,,,,5.0
2018/19,,,Individuals,Unknown,,,,,,85.0
2017/18,,,Individuals,Adur District Council,,,,,,0.0
2017/18,,,Individuals,Allerdale Borough Council,,,,,,0.0
2017/18,,,Individuals,Amber Valley Borough Council,,,,,,0.0
2017/18,,,Individuals,Arun District Council,,,,,,0.0
2017/18,,,Individuals,Ashfield District Council,,,,,,0.0
2017/18,,,Individuals,Ashford Borough Council,,,,,,0.0
2017/18,,,Individuals,Aylesbury Vale District Council,,,,,,0.0
2017/18,,,Individuals,Babergh District Council,,,,,,0.0
2017/18,,,Individuals,Barnsley Metropolitan Borough Council,,,,,,5.0
2017/18,,,Individuals,Barrow-In-Furness Borough Council,,,,,,0.0
2017/18,,,Individuals,Basildon District Council,,,,,,0.0
2017/18,,,Individuals,Basingstoke and Deane Borough Council,,,,,,0.0
2017/18,,,Individuals,Bassetlaw District Council,,,,,,0.0
2017/18,,,Individuals,Bath and North East Somerset Council,,,,,,5.0
2017/18,,,Individuals,Bedford Borough Council,,,,,,5.0
2017/18,,,Individuals,Birmingham City Council,,,,,,570.0
2017/18,,,Individuals,Blaby District Council,,,,,,0.0
2017/18,,,Individuals,Blackburn with Darwen Borough Council,,,,,,5.0
2017/18,,,Individuals,Blackpool Borough Council,,,,,,5.0
2017/18,,,Individuals,Bolsover District Council,,,,,,0.0
2017/18,,,Individuals,Bolton Metropolitan Borough Council,,,,,,140.0
2017/18,,,Individuals,Borough of Poole Council,,,,,,5.0
2017/18,,,Individuals,Boston Borough Council,,,,,,0.0
2017/18,,,Individuals,Bournemouth Borough Council,,,,,,0.0
2017/18,,,Individuals,Bracknell Forest Borough Council,,,,,,5.0
2017/18,,,Individuals,Braintree District Council,,,,,,0.0
2017/18,,,Individuals,Breckland District Council,,,,,,0.0
2017/18,,,Individuals,Brentwood Borough Council,,,,,,0.0
2017/18,,,Individuals,Brighton & Hove City Council,,,,,,10.0
2017/18,,,Individuals,Bristol City Council,,,,,,450.0
2017/18,,,Individuals,Broadland District Council,,,,,,0.0
2017/18,,,Individuals,Bromsgrove District Council,,,,,,0.0
2017/18,,,Individuals,Broxbourne Borough Council,,,,,,0.0
2017/18,,,Individuals,Broxtowe Borough Council,,,,,,0.0
2017/18,,,Individuals,Buckinghamshire County Council,,,,,,10.0
2017/18,,,Individuals,Burnley Borough Council,,,,,,0.0
2017/18,,,Individuals,Bury Metropolitan Borough Council,,,,,,30.0
2017/18,,,Individuals,Calderdale Metropolitan Borough Council,,,,,,5.0
2017/18,,,Individuals,Cambridge City Council,,,,,,0.0
2017/18,,,Individuals,Cambridgeshire County Council,,,,,,10.0
2017/18,,,Individuals,Cannock Chase District Council,,,,,,0.0
2017/18,,,Individuals,Canterbury City Council,,,,,,0.0
2017/18,,,Individuals,Carlisle City Council,,,,,,0.0
2017/18,,,Individuals,Castle Point Borough Council,,,,,,0.0
2017/18,,,Individuals,Central Bedfordshire Council,,,,,,0.0
2017/18,,,Individuals,Charnwood Borough Council,,,,,,0.0
2017/18,,,Individuals,Chelmsford Borough Council,,,,,,0.0
2017/18,,,Individuals,Cheltenham Borough Council,,,,,,0.0
2017/18,,,Individuals,Cherwell District Council,,,,,,0.0
2017/18,,,Individuals,Cheshire East Council,,,,,,5.0
2017/18,,,Individuals,Cheshire West and Chester Council,,,,,,5.0
2017/18,,,Individuals,Chesterfield Borough Council,,,,,,0.0
2017/18,,,Individuals,Chichester District Council,,,,,,0.0
2017/18,,,Individuals,Chiltern District Council,,,,,,0.0
2017/18,,,Individuals,Chorley Borough Council,,,,,,0.0
2017/18,,,Individuals,Christchurch Borough Council,,,,,,0.0
2017/18,,,Individuals,City of Bradford Metropolitan District Council,,,,,,90.0
2017/18,,,Individuals,City of Lincoln Council,,,,,,0.0
2017/18,,,Individuals,Colchester Borough Council,,,,,,0.0
2017/18,,,Individuals,Copeland Borough Council,,,,,,0.0
2017/18,,,Individuals,Corby Borough Council,,,,,,0.0
2017/18,,,Individuals,Cornwall Council,,,,,,5.0
2017/18,,,Individuals,Corporation of The City of London,,,,,,0.0
2017/18,,,Individuals,Cotswold District Council,,,,,,0.0
2017/18,,,Individuals,Coventry City Council,,,,,,40.0
2017/18,,,Individuals,Craven District Council,,,,,,0.0
2017/18,,,Individuals,Crawley Borough Council,,,,,,0.0
2017/18,,,Individuals,Cumbria County Council,,,,,,15.0
2017/18,,,Individuals,Dacorum Borough Council,,,,,,0.0
2017/18,,,Individuals,Darlington Borough Council (Unitary),,,,,,0.0
2017/18,,,Individuals,Dartford Borough Council,,,,,,0.0
2017/18,,,Individuals,Daventry District Council,,,,,,0.0
2017/18,,,Individuals,Derby City Council,,,,,,10.0
2017/18,,,Individuals,Derbyshire County Council,,,,,,5.0
2017/18,,,Individuals,Derbyshire Dales District Council,,,,,,0.0
2017/18,,,Individuals,Devon County Council,,,,,,0.0
2017/18,,,Individuals,Doncaster Council,,,,,,0.0
2017/18,,,Individuals,Dorset Council,,,,,,5.0
2017/18,,,Individuals,Dover District Council,,,,,,0.0
2017/18,,,Individuals,Dudley Metropolitan Borough Council,,,,,,35.0
2017/18,,,Individuals,Durham County Council,,,,,,0.0
2017/18,,,Individuals,East Cambridgeshire District Council,,,,,,0.0
2017/18,,,Individuals,East Devon District Council,,,,,,0.0
2017/18,,,Individuals,East Dorset District Council,,,,,,0.0
2017/18,,,Individuals,East Hampshire District Council,,,,,,0.0
2017/18,,,Individuals,East Hertfordshire District Council,,,,,,0.0
2017/18,,,Individuals,East Lindsey District Council,,,,,,0.0
2017/18,,,Individuals,East Northamptonshire Council,,,,,,0.0
2017/18,,,Individuals,East Riding of Yorkshire Council,,,,,,5.0
2017/18,,,Individuals,East Staffordshire Borough Council,,,,,,0.0
2017/18,,,Individuals,East Sussex County Council,,,,,,15.0
2017/18,,,Individuals,Eastbourne Borough Council,,,,,,0.0
2017/18,,,Individuals,Eastleigh Borough Council,,,,,,0.0
2017/18,,,Individuals,Eden District Council,,,,,,0.0
2017/18,,,Individuals,Elmbridge Borough Council,,,,,,0.0
2017/18,,,Individuals,Epping Forest District Council,,,,,,0.0
2017/18,,,Individuals,Epsom and Ewell Borough Council,,,,,,0.0
2017/18,,,Individuals,Erewash Borough Council,,,,,,0.0
2017/18,,,Individuals,Essex County Council,,,,,,20.0
2017/18,,,Individuals,Exeter City Council,,,,,,0.0
2017/18,,,Individuals,Fareham Borough Council,,,,,,0.0
2017/18,,,Individuals,Fenland District Council,,,,,,0.0
2017/18,,,Individuals,Forest Heath District Council,,,,,,0.0
2017/18,,,Individuals,Forest of Dean District Council,,,,,,0.0
2017/18,,,Individuals,Fylde Borough Council,,,,,,0.0
2017/18,,,Individuals,Gateshead Metropolitan Borough Council,,,,,,10.0
2017/18,,,Individuals,Gedling Borough Council,,,,,,0.0
2017/18,,,Individuals,Gloucester City Council,,,,,,0.0
2017/18,,,Individuals,Gloucestershire County Council,,,,,,5.0
2017/18,,,Individuals,Gosport Borough Council,,,,,,0.0
2017/18,,,Individuals,Gravesham Borough Council,,,,,,0.0
2017/18,,,Individuals,Great Yarmouth Borough Council,,,,,,0.0
2017/18,,,Individuals,Greater London Authority,,,,,,0.0
2017/18,,,Individuals,Guildford Borough Council,,,,,,0.0
2017/18,,,Individuals,Halton Borough Council (Unitary),,,,,,0.0
2017/18,,,Individuals,Hambleton District Council,,,,,,0.0
2017/18,,,Individuals,Hampshire County Council,,,,,,10.0
2017/18,,,Individuals,Harborough District Council,,,,,,0.0
2017/18,,,Individuals,Harlow District Council,,,,,,0.0
2017/18,,,Individuals,Harrogate Borough Council,,,,,,0.0
2017/18,,,Individuals,Hart District Council,,,,,,0.0
2017/18,,,Individuals,Hartlepool Borough Council,,,,,,0.0
2017/18,,,Individuals,Hastings Borough Council,,,,,,0.0
2017/18,,,Individuals,Havant Borough Council,,,,,,0.0
2017/18,,,Individuals,Herefordshire Council,,,,,,5.0
2017/18,,,Individuals,Hertfordshire County Council,,,,,,35.0
2017/18,,,Individuals,Hertsmere Borough Council,,,,,,0.0
2017/18,,,Individuals,High Peak Borough Council,,,,,,0.0
2017/18,,,Individuals,Hinckley & Bosworth Borough Council,,,,,,0.0
2017/18,,,Individuals,Horsham District Council,,,,,,0.0
2017/18,,,Individuals,Huntingdonshire District Council,,,,,,0.0
2017/18,,,Individuals,Hyndburn Borough Council,,,,,,0.0
2017/18,,,Individuals,Ipswich Borough Council,,,,,,0.0
2017/18,,,Individuals,Isle of Wight Council,,,,,,0.0
2017/18,,,Individuals,Kent County Council,,,,,,35.0
2017/18,,,Individuals,Kettering Borough Council,,,,,,0.0
2017/18,,,Individuals,Kings Lynn & West Norfolk Borough Council,,,,,,0.0
2017/18,,,Individuals,Kingston-Upon-Hull City Council,,,,,,60.0
2017/18,,,Individuals,Kirklees Council,,,,,,35.0
2017/18,,,Individuals,Knowsley Metropolitan Borough Council,,,,,,5.0
2017/18,,,Individuals,Lancashire County Council,,,,,,15.0
2017/18,,,Individuals,Lancaster City Council,,,,,,0.0
2017/18,,,Individuals,Leeds City Council,,,,,,130.0
2017/18,,,Individuals,Leicester City Council,,,,,,10.0
2017/18,,,Individuals,Leicestershire County Council,,,,,,5.0
2017/18,,,Individuals,Lewes District Council,,,,,,0.0
2017/18,,,Individuals,Lichfield District Council,,,,,,0.0
2017/18,,,Individuals,Lincolnshire County Council,,,,,,40.0
2017/18,,,Individuals,Liverpool City Council,,,,,,15.0
2017/18,,,Individuals,London Borough of Barking and Dagenham,,,,,,115.0
2017/18,,,Individuals,London Borough of Barnet,,,,,,85.0
2017/18,,,Individuals,London Borough of Bexley,,,,,,40.0
2017/18,,,Individuals,London Borough of Brent,,,,,,190.0
2017/18,,,Individuals,London Borough of Bromley,,,,,,40.0
2017/18,,,Individuals,London Borough of Camden,,,,,,95.0
2017/18,,,Individuals,London Borough of Croydon,,,,,,30.0
2017/18,,,Individuals,London Borough of Ealing,,,,,,195.0
2017/18,,,Individuals,London Borough of Enfield,,,,,,190.0
2017/18,,,Individuals,London Borough of Greenwich,,,,,,50.0
2017/18,,,Individuals,London Borough of Hackney,,,,,,105.0
2017/18,,,Individuals,London Borough of Hammersmith and Fulham,,,,,,95.0
2017/18,,,Individuals,London Borough of Haringey,,,,,,90.0
2017/18,,,Individuals,London Borough of Harrow,,,,,,70.0
2017/18,,,Individuals,London Borough of Havering,,,,,,20.0
2017/18,,,Individuals,London Borough of Hillingdon,,,,,,85.0
2017/18,,,Individuals,London Borough of Hounslow,,,,,,110.0
2017/18,,,Individuals,London Borough of Islington,,,,,,75.0
2017/18,,,Individuals,London Borough of Lambeth Council,,,,,,155.0
2017/18,,,Individuals,London Borough of Lewisham Council,,,,,,95.0
2017/18,,,Individuals,London Borough of Merton Council,,,,,,5.0
2017/18,,,Individuals,London Borough of Newham Council,,,,,,150.0
2017/18,,,Individuals,London Borough of Redbridge Council,,,,,,65.0
2017/18,,,Individuals,London Borough of Richmond Upon Thames Council,,,,,,5.0
2017/18,,,Individuals,London Borough of Southwark Council,,,,,,220.0
2017/18,,,Individuals,London Borough of Sutton Council,,,,,,5.0
2017/18,,,Individuals,London Borough of Tower Hamlets Council,,,,,,135.0
2017/18,,,Individuals,London Borough of Waltham Forest Council,,,,,,105.0
2017/18,,,Individuals,London Borough of Wandsworth,,,,,,40.0
2017/18,,,Individuals,Luton Borough Council,,,,,,15.0
2017/18,,,Individuals,Maidstone Borough Council,,,,,,0.0
2017/18,,,Individuals,Maldon District Council,,,,,,0.0
2017/18,,,Individuals,Malvern Hills District Council,,,,,,0.0
2017/18,,,Individuals,Manchester City Council,,,,,,305.0
2017/18,,,Individuals,Mansfield District Council,,,,,,0.0
2017/18,,,Individuals,Medway Council,,,,,,15.0
2017/18,,,Individuals,Melton Borough Council,,,,,,0.0
2017/18,,,Individuals,Mendip District Council,,,,,,0.0
2017/18,,,Individuals,Mid Devon District Council,,,,,,0.0
2017/18,,,Individuals,Mid Suffolk District Council,,,,,,0.0
2017/18,,,Individuals,Mid Sussex District Council,,,,,,0.0
2017/18,,,Individuals,Middlesbrough Council,,,,,,25.0
2017/18,,,Individuals,Milton Keynes Council,,,,,,0.0
2017/18,,,Individuals,Mole Valley District Council,,,,,,0.0
2017/18,,,Individuals,New Forest District Council,,,,,,0.0
2017/18,,,Individuals,Newark and Sherwood District Council,,,,,,0.0
2017/18,,,Individuals,Newcastle-Under-Lyme Borough Council,,,,,,0.0
2017/18,,,Individuals,Newcastle-Upon-Tyne City Council,,,,,,50.0
2017/18,,,Individuals,Norfolk County Council,,,,,,15.0
2017/18,,,Individuals,North Devon District Council,,,,,,0.0
2017/18,,,Individuals,North Dorset District Council,,,,,,0.0
2017/18,,,Individuals,North East Derbyshire District Council,,,,,,0.0
2017/18,,,Individuals,North East Lincolnshire Council,,,,,,5.0
2017/18,,,Individuals,North Hertfordshire District Council,,,,,,0.0
2017/18,,,Individuals,North Kesteven District Council,,,,,,0.0
2017/18,,,Individuals,North Lincolnshire Council,,,,,,5.0
2017/18,,,Individuals,North Norfolk District Council,,,,,,0.0
2017/18,,,Individuals,North Somerset District Council,,,,,,5.0
2017/18,,,Individuals,North Tyneside Council,,,,,,5.0
2017/18,,,Individuals,North Warwickshire Borough Council,,,,,,0.0
2017/18,,,Individuals,North West Leicestershire District Council,,,,,,0.0
2017/18,,,Individuals,North Yorkshire County Council,,,,,,10.0
2017/18,,,Individuals,Northampton Borough Council,,,,,,0.0
2017/18,,,Individuals,Northamptonshire County Council,,,,,,55.0
2017/18,,,Individuals,Northumberland County Council,,,,,,5.0
2017/18,,,Individuals,Norwich City Council,,,,,,0.0
2017/18,,,Individuals,Nottingham City Council,,,,,,85.0
2017/18,,,Individuals,Nottinghamshire County Council,,,,,,5.0
2017/18,,,Individuals,Nuneaton and Bedworth Borough Council,,,,,,0.0
2017/18,,,Individuals,Oadby & Wigston Borough Council,,,,,,0.0
2017/18,,,Individuals,Oldham Metropolitian Borough Council,,,,,,15.0
2017/18,,,Individuals,Oxford City Council,,,,,,0.0
2017/18,,,Individuals,Oxfordshire County Council,,,,,,5.0
2017/18,,,Individuals,Pendle Borough Council,,,,,,0.0
2017/18,,,Individuals,Peterborough City Council,,,,,,45.0
2017/18,,,Individuals,Plymouth City Council,,,,,,15.0
2017/18,,,Individuals,Portsmouth City Council,,,,,,15.0
2017/18,,,Individuals,Preston City Council,,,,,,0.0
2017/18,,,Individuals,Purbeck District Council,,,,,,0.0
2017/18,,,Individuals,Reading Borough Council,,,,,,20.0
2017/18,,,Individuals,Redcar & Cleveland Borough Council,,,,,,0.0
2017/18,,,Individuals,Redditch Borough Council,,,,,,0.0
2017/18,,,Individuals,Reigate and Banstead Borough Council,,,,,,0.0
2017/18,,,Individuals,Ribble Valley Borough Council,,,,,,0.0
2017/18,,,Individuals,Richmondshire District Council,,,,,,0.0
2017/18,,,Individuals,Rochdale Metropolitan Borough Council,,,,,,20.0
2017/18,,,Individuals,Rochford District Council,,,,,,0.0
2017/18,,,Individuals,Rossendale Borough Council,,,,,,0.0
2017/18,,,Individuals,Rother District Council,,,,,,0.0
2017/18,,,Individuals,Rotherham Metropolitan Borough Council,,,,,,5.0
2017/18,,,Individuals,Royal Borough of Kensington and Chelsea,,,,,,40.0
2017/18,,,Individuals,Royal Borough of Kingston-Upon-Thames Council,,,,,,5.0
2017/18,,,Individuals,Royal Borough of Windsor & Maidenhead,,,,,,5.0
2017/18,,,Individuals,Rugby Borough Council,,,,,,0.0
2017/18,,,Individuals,Runnymede Borough Council,,,,,,0.0
2017/18,,,Individuals,Rushcliffe Borough Council,,,,,,0.0
2017/18,,,Individuals,Rushmoor Borough Council,,,,,,0.0
2017/18,,,Individuals,Rutland County Council,,,,,,0.0
2017/18,,,Individuals,Ryedale District Council,,,,,,0.0
2017/18,,,Individuals,Salford City Council,,,,,,50.0
2017/18,,,Individuals,Sandwell Metropolitan Borough Council,,,,,,75.0
2017/18,,,Individuals,Scarborough Borough Council,,,,,,0.0
2017/18,,,Individuals,Sedgemoor District Council,,,,,,0.0
2017/18,,,Individuals,Sefton Council,,,,,,5.0
2017/18,,,Individuals,Selby District Council,,,,,,0.0
2017/18,,,Individuals,Sevenoaks District Council,,,,,,0.0
2017/18,,,Individuals,Sheffield City Council,,,,,,180.0
2017/18,,,Individuals,Shepway District Council,,,,,,0.0
2017/18,,,Individuals,Shropshire Council,,,,,,5.0
2017/18,,,Individuals,Slough Borough Council,,,,,,60.0
2017/18,,,Individuals,Solihull Metropolitan Borough Council,,,,,,5.0
2017/18,,,Individuals,Somerset County Council,,,,,,5.0
2017/18,,,Individuals,South Bucks District Council,,,,,,0.0
2017/18,,,Individuals,South Cambridgeshire District Council,,,,,,0.0
2017/18,,,Individuals,South Derbyshire District Council,,,,,,0.0
2017/18,,,Individuals,South Gloucestershire Council,,,,,,15.0
2017/18,,,Individuals,South Hams District Council,,,,,,0.0
2017/18,,,Individuals,South Holland District Council,,,,,,0.0
2017/18,,,Individuals,South Kesteven District Council,,,,,,0.0
2017/18,,,Individuals,South Lakeland District Council,,,,,,0.0
2017/18,,,Individuals,South Norfolk Council,,,,,,0.0
2017/18,,,Individuals,South Northamptonshire District Council,,,,,,0.0
2017/18,,,Individuals,South Oxfordshire District Council,,,,,,0.0
2017/18,,,Individuals,South Ribble Borough Council,,,,,,0.0
2017/18,,,Individuals,South Somerset District Council,,,,,,0.0
2017/18,,,Individuals,South Staffordshire Council,,,,,,0.0
2017/18,,,Individuals,South Tyneside Metropolitan Borough Council,,,,,,5.0
2017/18,,,Individuals,Southampton City Council,,,,,,20.0
2017/18,,,Individuals,Southend-On-Sea Borough Council,,,,,,5.0
2017/18,,,Individuals,Spelthorne Borough Council,,,,,,0.0
2017/18,,,Individuals,St Albans City & District Council,,,,,,0.0
2017/18,,,Individuals,St Edmundsbury Borough Council,,,,,,0.0
2017/18,,,Individuals,St Helens Metropolitan Borough Council,,,,,,5.0
2017/18,,,Individuals,Stafford Borough Council,,,,,,0.0
2017/18,,,Individuals,Staffordshire County Council,,,,,,5.0
2017/18,,,Individuals,Staffordshire Moorlands District Council,,,,,,0.0
2017/18,,,Individuals,Stevenage Borough Council,,,,,,0.0
2017/18,,,Individuals,Stockport Metropolitan Borough Council,,,,,,10.0
2017/18,,,Individuals,Stockton-On-Tees Borough Council,,,,,,35.0
2017/18,,,Individuals,Stoke-On-Trent City Council,,,,,,20.0
2017/18,,,Individuals,Stratford-On-Avon District Council,,,,,,0.0
2017/18,,,Individuals,Stroud District Council,,,,,,0.0
2017/18,,,Individuals,Suffolk Coastal District Council,,,,,,0.0
2017/18,,,Individuals,Suffolk County Council,,,,,,10.0
2017/18,,,Individuals,Sunderland City Council,,,,,,5.0
2017/18,,,Individuals,Surrey County Council,,,,,,10.0
2017/18,,,Individuals,Surrey Heath Borough Council,,,,,,0.0
2017/18,,,Individuals,Swale Borough Council,,,,,,0.0
2017/18,,,Individuals,Swindon Borough Council (Unitary),,,,,,0.0
2017/18,,,Individuals,Tameside Metropolitan Borough Council,,,,,,20.0
2017/18,,,Individuals,Tamworth Borough Council,,,,,,0.0
2017/18,,,Individuals,Tandridge District Council,,,,,,0.0
2017/18,,,Individuals,Taunton Deane Borough Council,,,,,,0.0
2017/18,,,Individuals,Teignbridge District Council,,,,,,0.0
2017/18,,,Individuals,Telford and Wrekin Council (Unitary),,,,,,0.0
2017/18,,,Individuals,Tendring District Council,,,,,,0.0
2017/18,,,Individuals,Test Valley Borough Council,,,,,,0.0
2017/18,,,Individuals,Tewkesbury Borough Council,,,,,,0.0
2017/18,,,Individuals,Thanet District Council,,,,,,0.0
2017/18,,,Individuals,The Council of The Isles of Scilly,,,,,,0.0
2017/18,,,Individuals,Three Rivers District Council,,,,,,0.0
2017/18,,,Individuals,Thurrock Council,,,,,,20.0
2017/18,,,Individuals,Tonbridge and Malling Borough Council,,,,,,0.0
2017/18,,,Individuals,Torbay Council,,,,,,5.0
2017/18,,,Individuals,Torridge District Council,,,,,,0.0
2017/18,,,Individuals,Trafford Metropolitan Borough Council,,,,,,15.0
2017/18,,,Individuals,Tunbridge Wells Borough Council,,,,,,0.0
2017/18,,,Individuals,Uttlesford District Council,,,,,,0.0
2017/18,,,Individuals,Vale of White Horse District Council,,,,,,0.0
2017/18,,,Individuals,Wakefield Council,,,,,,70.0
2017/18,,,Individuals,Walsall Metropolitan Borough Council,,,,,,20.0
2017/18,,,Individuals,Warrington Borough Council (Unitary),,,,,,5.0
2017/18,,,Individuals,Warwick District Council,,,,,,0.0
2017/18,,,Individuals,Warwickshire County Council,,,,,,5.0
2017/18,,,Individuals,Watford Borough Council,,,,,,0.0
2017/18,,,Individuals,Waveney District Council,,,,,,0.0
2017/18,,,Individuals,Waverley Borough Council,,,,,,0.0
2017/18,,,Individuals,Wealden District Council,,,,,,0.0
2017/18,,,Individuals,Wellingborough Borough Council,,,,,,0.0
2017/18,,,Individuals,Welwyn Hatfield Council,,,,,,0.0
2017/18,,,Individuals,West Berkshire District Council,,,,,,5.0
2017/18,,,Individuals,West Devon Borough Council,,,,,,0.0
2017/18,,,Individuals,West Dorset District Council,,,,,,0.0
2017/18,,,Individuals,West Lancashire District Council,,,,,,0.0
2017/18,,,Individuals,West Lindsey District Council,,,,,,0.0
2017/18,,,Individuals,West Oxfordshire District Council,,,,,,0.0
2017/18,,,Individuals,West Somerset District Council,,,,,,0.0
2017/18,,,Individuals,West Sussex County Council,,,,,,10.0
2017/18,,,Individuals,Westminster City Council,,,,,,55.0
2017/18,,,Individuals,Weymouth & Portland Borough Council,,,,,,0.0
2017/18,,,Individuals,Wigan Metropolitan Borough Council,,,,,,15.0
2017/18,,,Individuals,Wiltshire Council,,,,,,5.0
2017/18,,,Individuals,Winchester City Council,,,,,,0.0
2017/18,,,Individuals,Wirral Metropolitan Borough Council,,,,,,0.0
2017/18,,,Individuals,Woking Borough Council,,,,,,0.0
2017/18,,,Individuals,Wokingham Borough Council,,,,,,5.0
2017/18,,,Individuals,Wolverhampton City Council,,,,,,40.0
2017/18,,,Individuals,Worcester City Council,,,,,,0.0
2017/18,,,Individuals,Worcestershire County Council,,,,,,5.0
2017/18,,,Individuals,Worthing Borough Council,,,,,,0.0
2017/18,,,Individuals,Wychavon District Council,,,,,,0.0
2017/18,,,Individuals,Wycombe District Council,,,,,,0.0
2017/18,,,Individuals,Wyre Borough Council,,,,,,0.0
2017/18,,,Individuals,Wyre Forest District Council,,,,,,0.0
2017/18,,,Individuals,York City Council,,,,,,5.0
2017/18,,,Individuals,Unknown,,,,,,75.0
2015/16,,,Individuals,,,,,,,6190.0
2016/17,,,Individuals,,,,,,,6665.0
2017/18,,,Individuals,,,,,,,6260.0
2018/19,,,Individuals,,,,,,,6415.0
