Year,Country,Region,Sex,Sector,Observation status,Unit multiplier,Unit measure,GeoCode,Value
2012,,,,,Undefined,Units,Percentage (%),,0.384630854713
2012,,,Male,,Undefined,Units,Percentage (%),,0.267513791535719
2012,,,Female,,Undefined,Units,Percentage (%),,0.518748198612496
2012,,,,Agriculture,Undefined,Units,Percentage (%),,3.52675626951207
2012,,,,Non-Agriculture,Undefined,Units,Percentage (%),,0.34750472350809
2012,,,Male,Agriculture,Undefined,Units,Percentage (%),,1.68442108939656
2012,,,Female,Agriculture,Undefined,Units,Percentage (%),,8.73187633859989
2012,,,Male,Non-Agriculture,Undefined,Units,Percentage (%),,0.24424558980741
2012,,,Female,Non-Agriculture,Undefined,Units,Percentage (%),,0.464608971855293
2012,England,,,,Undefined,Units,Percentage (%),E92000001,0.390183379167676
2012,Northern Ireland,,,,Undefined,Units,Percentage (%),N92000002,0.370705463343546
2012,Scotland,,,,Undefined,Units,Percentage (%),S92000003,0.318845920631068
2012,Wales,,,,Undefined,Units,Percentage (%),W92000004,0.411969875033537
2012,,North East,,,Undefined,Units,Percentage (%),E12000001,0.239490436649809
2012,,North West,,,Undefined,Units,Percentage (%),E12000002,0.340245610238213
2012,,Yorkshire and The Humber,,,Undefined,Units,Percentage (%),E12000003,0.32840048178387
2012,,East Midlands,,,Undefined,Units,Percentage (%),E12000004,0.417919612184245
2012,,West Midlands,,,Undefined,Units,Percentage (%),E12000005,0.287266239947107
2012,,East,,,Undefined,Units,Percentage (%),E12000007,0.534042415312261
2012,,London,,,Undefined,Units,Percentage (%),E12000007,0.270919308149012
2012,,South East,,,Undefined,Units,Percentage (%),E12000008,0.513055871029756
2012,,South West,,,Undefined,Units,Percentage (%),E12000009,0.474277272741807
2012,England,,Male,,Undefined,Units,Percentage (%),E92000001,0.264802936891535
2012,England,,Female,,Undefined,Units,Percentage (%),E92000001,0.535041964290009
2012,Northern Ireland,,Female,,Undefined,Units,Percentage (%),N92000002,0.485531171101185
2012,Northern Ireland,,Male,,Undefined,Units,Percentage (%),N92000002,0.264859085157101
2012,Scotland,,Male,,Undefined,Units,Percentage (%),S92000003,0.251262957822211
2012,Scotland,,Female,,Undefined,Units,Percentage (%),S92000003,0.391860514206105
2012,Wales,,Female,,Undefined,Units,Percentage (%),W92000004,0.481103946300733
2012,Wales,,Male,,Undefined,Units,Percentage (%),W92000004,0.350114986639784
2012,England,,,Non-Agriculture,Undefined,Units,Percentage (%),E92000001,0.36474058244636
2012,England,,,Agriculture,Undefined,Units,Percentage (%),E92000001,2.94463784575628
2012,Northern Ireland,,,Non-Agriculture,Undefined,Units,Percentage (%),N92000002,0.205297549252244
2012,Northern Ireland,,,Agriculture,Undefined,Units,Percentage (%),N92000002,4.97461181838252
2012,Scotland,,,Non-Agriculture,Undefined,Units,Percentage (%),S92000003,0.237510156276476
2012,Scotland,,,Agriculture,Undefined,Units,Percentage (%),S92000003,4.77149321266968
2012,Wales,,,Non-Agriculture,Undefined,Units,Percentage (%),W92000004,0.311396959000815
2012,Wales,,,Agriculture,Undefined,Units,Percentage (%),W92000004,5.28815587718314
2012,,North East,,Non-Agriculture,Undefined,Units,Percentage (%),E12000001,0.213791997784652
2012,,North East,,Agriculture,Undefined,Units,Percentage (%),E12000001,3.47477064220183
2012,,North West,,Non-Agriculture,Undefined,Units,Percentage (%),E12000002,0.328279010630794
2012,,Yorkshire and The Humber,,Non-Agriculture,Undefined,Units,Percentage (%),E12000003,0.288089184180303
2012,,Yorkshire and The Humber,,Agriculture,Undefined,Units,Percentage (%),E12000003,3.52193995381062
2012,,East Midlands,,Non-Agriculture,Undefined,Units,Percentage (%),E12000004,0.346952895583356
2012,,East Midlands,,Agriculture,Undefined,Units,Percentage (%),E12000004,4.784618119334
2012,,West Midlands,,Non-Agriculture,Undefined,Units,Percentage (%),E12000005,0.274560904738837
2012,,West Midlands,,Agriculture,Undefined,Units,Percentage (%),E12000005,1.22740595994138
2012,,East,,Non-Agriculture,Undefined,Units,Percentage (%),E12000007,0.493933900032736
2012,,East,,Agriculture,Undefined,Units,Percentage (%),E12000007,4.04909130857842
2012,,London,,Non-Agriculture,Undefined,Units,Percentage (%),E12000007,0.271069523742333
2012,,South East,,Non-Agriculture,Undefined,Units,Percentage (%),E12000008,0.487831002449121
2012,,South East,,Agriculture,Undefined,Units,Percentage (%),E12000008,3.35452455025024
2012,,South West,,Non-Agriculture,Undefined,Units,Percentage (%),E12000009,0.449639958373303
2012,,South West,,Agriculture,Undefined,Units,Percentage (%),E12000009,1.8244674919148
2013,,,,,Undefined,Units,Percentage (%),,0.403320462838702
2013,,,Male,,Undefined,Units,Percentage (%),,0.327901636601523
2013,,,Female,,Undefined,Units,Percentage (%),,0.489237524720862
2013,,,,Agriculture,Undefined,Units,Percentage (%),,4.18945261695428
2013,,,,Non-Agriculture,Undefined,Units,Percentage (%),,0.361132909882119
2013,,,Male,Agriculture,Undefined,Units,Percentage (%),,1.92703281265679
2013,,,Female,Agriculture,Undefined,Units,Percentage (%),,10.366793383335
2013,,,Male,Non-Agriculture,Undefined,Units,Percentage (%),,0.303308643277181
2013,,,Female,Non-Agriculture,Undefined,Units,Percentage (%),,0.426421121203829
2013,England,,,,Undefined,Units,Percentage (%),E92000001,0.403754462938429
2013,Northern Ireland,,,,Undefined,Units,Percentage (%),N92000002,0.452537809313064
2013,Scotland,,,,Undefined,Units,Percentage (%),S92000003,0.359197574388366
2013,Wales,,,,Undefined,Units,Percentage (%),W92000004,0.447255610967973
2013,,North East,,,Undefined,Units,Percentage (%),E12000001,0.208274045552766
2013,,North West,,,Undefined,Units,Percentage (%),E12000002,0.261907222147912
2013,,Yorkshire and The Humber,,,Undefined,Units,Percentage (%),E12000003,0.416699787884747
2013,,East Midlands,,,Undefined,Units,Percentage (%),E12000004,0.330859120789987
2013,,West Midlands,,,Undefined,Units,Percentage (%),E12000005,0.32619101882887
2013,,East,,,Undefined,Units,Percentage (%),E12000007,0.474210572922514
2013,,London,,,Undefined,Units,Percentage (%),E12000007,0.349574453672485
2013,,South East,,,Undefined,Units,Percentage (%),E12000008,0.512279499882313
2013,,South West,,,Undefined,Units,Percentage (%),E12000009,0.614990864408633
2013,England,,Male,,Undefined,Units,Percentage (%),E92000001,0.322916816054535
2013,England,,Female,,Undefined,Units,Percentage (%),E92000001,0.496764153434061
2013,Northern Ireland,,Male,,Undefined,Units,Percentage (%),N92000002,0.597800843755941
2013,Northern Ireland,,Female,,Undefined,Units,Percentage (%),N92000002,0.29229364228143
2013,Scotland,,Female,,Undefined,Units,Percentage (%),S92000003,0.455094486006282
2013,Scotland,,Male,,Undefined,Units,Percentage (%),S92000003,0.269144179356493
2013,Wales,,Male,,Undefined,Units,Percentage (%),W92000004,0.369889498863941
2013,Wales,,Female,,Undefined,Units,Percentage (%),W92000004,0.531868097946458
2013,England,,,Non-Agriculture,Undefined,Units,Percentage (%),E92000001,0.374062354022087
2013,England,,,Agriculture,Undefined,Units,Percentage (%),E92000001,3.66755319148936
2013,Northern Ireland,,,Non-Agriculture,Undefined,Units,Percentage (%),N92000002,0.263926000976434
2013,Northern Ireland,,,Agriculture,Undefined,Units,Percentage (%),N92000002,5.2045101345766
2013,Scotland,,,Non-Agriculture,Undefined,Units,Percentage (%),S92000003,0.25295317186455
2013,Scotland,,,Agriculture,Undefined,Units,Percentage (%),S92000003,6.33671137376209
2013,Wales,,,Non-Agriculture,Undefined,Units,Percentage (%),W92000004,0.373998031430885
2013,Wales,,,Agriculture,Undefined,Units,Percentage (%),W92000004,3.973054217522
2013,,North East,,Non-Agriculture,Undefined,Units,Percentage (%),E12000001,0.185642780206551
2013,,North West,,Non-Agriculture,Undefined,Units,Percentage (%),E12000002,0.253241284263182
2013,,Yorkshire and The Humber,,Non-Agriculture,Undefined,Units,Percentage (%),E12000003,0.358388712741433
2013,,Yorkshire and The Humber,,Agriculture,Undefined,Units,Percentage (%),E12000003,6.28775631753595
2013,,East Midlands,,Non-Agriculture,Undefined,Units,Percentage (%),E12000004,0.290911351664144
2013,,East Midlands,,Agriculture,Undefined,Units,Percentage (%),E12000004,3.16003386960203
2013,,West Midlands,,Non-Agriculture,Undefined,Units,Percentage (%),E12000005,0.303760823413253
2013,,West Midlands,,Agriculture,Undefined,Units,Percentage (%),E12000005,2.49805447470817
2013,,East,,Non-Agriculture,Undefined,Units,Percentage (%),E12000007,0.456564359363199
2013,,London,,Non-Agriculture,Undefined,Units,Percentage (%),E12000007,0.350005544642291
2013,,South East,,Non-Agriculture,Undefined,Units,Percentage (%),E12000008,0.485650015055528
2013,,South East,,Agriculture,Undefined,Units,Percentage (%),E12000008,3.3518849631066
2013,,South West,,Non-Agriculture,Undefined,Units,Percentage (%),E12000009,0.519361811532719
2013,,South West,,Agriculture,Undefined,Units,Percentage (%),E12000009,6.33005161536991
2014,,,,,Undefined,Units,Percentage (%),,0.39323805453706
2014,,,Male,,Undefined,Units,Percentage (%),,0.326624087727184
2014,,,Female,,Undefined,Units,Percentage (%),,0.468959278061696
2014,,,,Agriculture,Undefined,Units,Percentage (%),,3.93842317335485
2014,,,,Non-Agriculture,Undefined,Units,Percentage (%),,0.34931738584811
2014,,,Male,Agriculture,Undefined,Units,Percentage (%),,2.37855616572225
2014,,,Female,Agriculture,Undefined,Units,Percentage (%),,8.38119372293248
2014,,,Male,Non-Agriculture,Undefined,Units,Percentage (%),,0.291084723527616
2014,,,Female,Non-Agriculture,Undefined,Units,Percentage (%),,0.414829620731974
2014,England,,,,Undefined,Units,Percentage (%),E92000001,0.369337903845227
2014,Northern Ireland,,,,Undefined,Units,Percentage (%),N92000002,0.683270113795169
2014,Scotland,,,,Undefined,Units,Percentage (%),S92000003,0.430051207229478
2014,Wales,,,,Undefined,Units,Percentage (%),W92000004,0.600924184480879
2014,,North East,,,Undefined,Units,Percentage (%),E12000001,0.314862393633751
2014,,North West,,,Undefined,Units,Percentage (%),E12000002,0.302027942297958
2014,,Yorkshire and The Humber,,,Undefined,Units,Percentage (%),E12000003,0.311938734886282
2014,,East Midlands,,,Undefined,Units,Percentage (%),E12000004,0.334466735651095
2014,,West Midlands,,,Undefined,Units,Percentage (%),E12000005,0.371982252791044
2014,,East,,,Undefined,Units,Percentage (%),E12000007,0.327298625159985
2014,,London,,,Undefined,Units,Percentage (%),E12000007,0.331173903011694
2014,,South East,,,Undefined,Units,Percentage (%),E12000008,0.403428799035201
2014,,South West,,,Undefined,Units,Percentage (%),E12000009,0.607761246309994
2014,England,,Male,,Undefined,Units,Percentage (%),E92000001,0.307989946432295
2014,England,,Female,,Undefined,Units,Percentage (%),E92000001,0.43967263934507
2014,Northern Ireland,,Male,,Undefined,Units,Percentage (%),N92000002,0.556772415742245
2014,Northern Ireland,,Female,,Undefined,Units,Percentage (%),N92000002,0.825792755738358
2014,Scotland,,Male,,Undefined,Units,Percentage (%),S92000003,0.359472277050745
2014,Scotland,,Female,,Undefined,Units,Percentage (%),S92000003,0.505355863207383
2014,Wales,,Male,,Undefined,Units,Percentage (%),W92000004,0.484962804636445
2014,Wales,,Female,,Undefined,Units,Percentage (%),W92000004,0.728019499484683
2014,England,,,Agriculture,Undefined,Units,Percentage (%),E92000001,3.51241974959642
2014,England,,,Non-Agriculture,Undefined,Units,Percentage (%),E92000001,0.335926540667953
2014,Northern Ireland,,,Agriculture,Undefined,Units,Percentage (%),N92000002,4.77243218584412
2014,Northern Ireland,,,Non-Agriculture,Undefined,Units,Percentage (%),N92000002,0.532510159222608
2014,Scotland,,,Agriculture,Undefined,Units,Percentage (%),S92000003,3.65452327802453
2014,Scotland,,,Non-Agriculture,Undefined,Units,Percentage (%),S92000003,0.37408331612377
2014,Wales,,,Agriculture,Undefined,Units,Percentage (%),W92000004,7.40591262233882
2014,Wales,,,Non-Agriculture,Undefined,Units,Percentage (%),W92000004,0.450040977219053
2014,,North East,,Non-Agriculture,Undefined,Units,Percentage (%),E12000001,0.302402178209126
2014,,North West,,Non-Agriculture,Undefined,Units,Percentage (%),E12000002,0.299054720833131
2014,,Yorkshire and The Humber,,Agriculture,Undefined,Units,Percentage (%),E12000003,2.21944884811279
2014,,Yorkshire and The Humber,,Non-Agriculture,Undefined,Units,Percentage (%),E12000003,0.288343873120351
2014,,East Midlands,,Non-Agriculture,Undefined,Units,Percentage (%),E12000004,0.306191315636133
2014,,West Midlands,,Agriculture,Undefined,Units,Percentage (%),E12000005,5.05974427517794
2014,,West Midlands,,Non-Agriculture,Undefined,Units,Percentage (%),E12000005,0.314190590958633
2014,,East,,Agriculture,Undefined,Units,Percentage (%),E12000007,3.12491559756921
2014,,East,,Non-Agriculture,Undefined,Units,Percentage (%),E12000007,0.291201064995757
2014,,London,,Non-Agriculture,Undefined,Units,Percentage (%),E12000007,0.33153676580259
2014,,South East,,Agriculture,Undefined,Units,Percentage (%),E12000008,3.46914673752583
2014,,South East,,Non-Agriculture,Undefined,Units,Percentage (%),E12000008,0.364648982754918
2014,,South West,,Agriculture,Undefined,Units,Percentage (%),E12000009,6.4908890689605
2014,,South West,,Non-Agriculture,Undefined,Units,Percentage (%),E12000009,0.496962463681631
2015,,,,,Undefined,Units,Percentage (%),,0.387003110305845
2015,,,Male,,Undefined,Units,Percentage (%),,0.314488879238984
2015,,,Female,,Undefined,Units,Percentage (%),,0.469715689851515
2015,,,,Agriculture,Undefined,Units,Percentage (%),,3.496059273917
2015,,,,Non-Agriculture,Undefined,Units,Percentage (%),,0.350882154356145
2015,,,Male,Agriculture,Undefined,Units,Percentage (%),,2.69278878989494
2015,,,Female,Agriculture,Undefined,Units,Percentage (%),,5.6962690488702
2015,,,Male,Non-Agriculture,Undefined,Units,Percentage (%),,0.276336035551043
2015,,,Female,Non-Agriculture,Undefined,Units,Percentage (%),,0.435123748206258
2015,England,,,,Undefined,Units,Percentage (%),E92000001,0.367124366817772
2015,Northern Ireland,,,,Undefined,Units,Percentage (%),N92000002,0.770476797634492
2015,Scotland,,,,Undefined,Units,Percentage (%),S92000003,0.406663813567459
2015,Wales,,,,Undefined,Units,Percentage (%),W92000004,0.503115674126765
2015,,North East,,,Undefined,Units,Percentage (%),E12000001,0.27754008769478
2015,,North West,,,Undefined,Units,Percentage (%),E12000002,0.316510522490516
2015,,Yorkshire and The Humber,,,Undefined,Units,Percentage (%),E12000003,0.326176034758146
2015,,East Midlands,,,Undefined,Units,Percentage (%),E12000004,0.436938352347159
2015,,West Midlands,,,Undefined,Units,Percentage (%),E12000005,0.339965422386506
2015,,East,,,Undefined,Units,Percentage (%),E12000007,0.369033161855278
2015,,London,,,Undefined,Units,Percentage (%),E12000007,0.306117523415211
2015,,South East,,,Undefined,Units,Percentage (%),E12000008,0.392178992259762
2015,,South West,,,Undefined,Units,Percentage (%),E12000009,0.531645797311304
2015,England,,Male,,Undefined,Units,Percentage (%),E92000001,0.292401933408172
2015,England,,Female,,Undefined,Units,Percentage (%),E92000001,0.453183998712765
2015,Northern Ireland,,Male,,Undefined,Units,Percentage (%),N92000002,0.786144550356874
2015,Northern Ireland,,Female,,Undefined,Units,Percentage (%),N92000002,0.752484745130433
2015,Scotland,,Male,,Undefined,Units,Percentage (%),S92000003,0.340148717243496
2015,Scotland,,Female,,Undefined,Units,Percentage (%),S92000003,0.476341316659928
2015,Wales,,Female,,Undefined,Units,Percentage (%),W92000004,0.601700795435394
2015,Wales,,Male,,Undefined,Units,Percentage (%),W92000004,0.414206530907338
2015,England,,,Non-Agriculture,Undefined,Units,Percentage (%),E92000001,0.341933945535022
2015,England,,,Agriculture,Undefined,Units,Percentage (%),E92000001,2.89444384307297
2015,Northern Ireland,,,Non-Agriculture,Undefined,Units,Percentage (%),N92000002,0.590653305339962
2015,Northern Ireland,,,Agriculture,Undefined,Units,Percentage (%),N92000002,6.25561677021061
2015,Scotland,,,Non-Agriculture,Undefined,Units,Percentage (%),S92000003,0.36649731364259
2015,Scotland,,,Agriculture,Undefined,Units,Percentage (%),S92000003,2.98446961060019
2015,Wales,,,Non-Agriculture,Undefined,Units,Percentage (%),W92000004,0.354925363234714
2015,Wales,,,Agriculture,Undefined,Units,Percentage (%),W92000004,6.77902621722846
2015,,North East,,Non-Agriculture,Undefined,Units,Percentage (%),E12000001,0.27132195286073
2015,,North West,,Non-Agriculture,Undefined,Units,Percentage (%),E12000002,0.303586394731771
2015,,Yorkshire and The Humber,,Non-Agriculture,Undefined,Units,Percentage (%),E12000003,0.304833085249302
2015,,Yorkshire and The Humber,,Agriculture,Undefined,Units,Percentage (%),E12000003,2.04804785280062
2015,,East Midlands,,Non-Agriculture,Undefined,Units,Percentage (%),E12000004,0.441884414400715
2015,,West Midlands,,Non-Agriculture,Undefined,Units,Percentage (%),E12000005,0.280704262525844
2015,,West Midlands,,Agriculture,Undefined,Units,Percentage (%),E12000005,4.60911637382226
2015,,East,,Non-Agriculture,Undefined,Units,Percentage (%),E12000007,0.328474381740589
2015,,East,,Agriculture,Undefined,Units,Percentage (%),E12000007,3.45984158518022
2015,,London,,Non-Agriculture,Undefined,Units,Percentage (%),E12000007,0.306411583965384
2015,,South East,,Non-Agriculture,Undefined,Units,Percentage (%),E12000008,0.362868057523645
2015,,South East,,Agriculture,Undefined,Units,Percentage (%),E12000008,3.54149770208164
2015,,South West,,Non-Agriculture,Undefined,Units,Percentage (%),E12000009,0.470770550593549
2015,,South West,,Agriculture,Undefined,Units,Percentage (%),E12000009,4.20962990241208
2016,,,,,Undefined,Units,Percentage (%),,0.407996366042885
2016,,,Male,,Undefined,Units,Percentage (%),,0.354603384903873
2016,,,Female,,Undefined,Units,Percentage (%),,0.468913189740376
2016,,,,Agriculture,Undefined,Units,Percentage (%),,4.71835312818836
2016,,,,Non-Agriculture,Undefined,Units,Percentage (%),,0.358604042486674
2016,,,Male,Agriculture,Undefined,Units,Percentage (%),,2.96287523066872
2016,,,Female,Agriculture,Undefined,Units,Percentage (%),,9.65540954366209
2016,,,Male,Non-Agriculture,Undefined,Units,Percentage (%),,0.313046840516918
2016,,,Female,Non-Agriculture,Undefined,Units,Percentage (%),,0.410093354579189
2016,England,,,,Undefined,Units,Percentage (%),E92000001,0.382117438643817
2016,Northern Ireland,,,,Undefined,Units,Percentage (%),N92000002,0.69568185873779
2016,Scotland,,,,Undefined,Units,Percentage (%),S92000003,0.452820606318198
2016,Wales,,,,Undefined,Units,Percentage (%),W92000004,0.655815255145021
2016,,North East,,,Undefined,Units,Percentage (%),E12000001,0.333364433898271
2016,,North West,,,Undefined,Units,Percentage (%),E12000002,0.214034440744637
2016,,Yorkshire and The Humber,,,Undefined,Units,Percentage (%),E12000003,0.458790732712064
2016,,East Midlands,,,Undefined,Units,Percentage (%),E12000004,0.435356819866798
2016,,West Midlands,,,Undefined,Units,Percentage (%),E12000005,0.39831806946261
2016,,East,,,Undefined,Units,Percentage (%),E12000007,0.38352476729001
2016,,London,,,Undefined,Units,Percentage (%),E12000007,0.345957695657862
2016,,South East,,,Undefined,Units,Percentage (%),E12000008,0.348117085278299
2016,,South West,,,Undefined,Units,Percentage (%),E12000009,0.594590415059072
2016,England,,Male,,Undefined,Units,Percentage (%),E92000001,0.327191698872181
2016,England,,Female,,Undefined,Units,Percentage (%),E92000001,0.445367148555569
2016,Northern Ireland,,Female,,Undefined,Units,Percentage (%),N92000002,0.632578620485689
2016,Northern Ireland,,Male,,Undefined,Units,Percentage (%),N92000002,0.75213758972977
2016,Scotland,,Female,,Undefined,Units,Percentage (%),S92000003,0.49654199690663
2016,Scotland,,Male,,Undefined,Units,Percentage (%),S92000003,0.411970351911933
2016,Wales,,Male,,Undefined,Units,Percentage (%),W92000004,0.559886769371605
2016,Wales,,Female,,Undefined,Units,Percentage (%),W92000004,0.760327046004016
2016,England,,,Non-Agriculture,Undefined,Units,Percentage (%),E92000001,0.348307691044276
2016,England,,,Agriculture,Undefined,Units,Percentage (%),E92000001,3.92453671983301
2016,Northern Ireland,,,Non-Agriculture,Undefined,Units,Percentage (%),N92000002,0.439209903061245
2016,Northern Ireland,,,Agriculture,Undefined,Units,Percentage (%),N92000002,8.46107178968655
2016,Scotland,,,Non-Agriculture,Undefined,Units,Percentage (%),S92000003,0.376754031749237
2016,Scotland,,,Agriculture,Undefined,Units,Percentage (%),S92000003,4.51453959697627
2016,Wales,,,Non-Agriculture,Undefined,Units,Percentage (%),W92000004,0.478089270456117
2016,Wales,,,Agriculture,Undefined,Units,Percentage (%),W92000004,8.40780883564683
2016,,North East,,Non-Agriculture,Undefined,Units,Percentage (%),E12000001,0.325724919561319
2016,,North West,,Non-Agriculture,Undefined,Units,Percentage (%),E12000002,0.195997035920349
2016,,North West,,Agriculture,Undefined,Units,Percentage (%),E12000002,2.72911906575273
2016,,Yorkshire and The Humber,,Non-Agriculture,Undefined,Units,Percentage (%),E12000003,0.412109703579117
2016,,Yorkshire and The Humber,,Agriculture,Undefined,Units,Percentage (%),E12000003,5.12687312687313
2016,,East Midlands,,Non-Agriculture,Undefined,Units,Percentage (%),E12000004,0.388792099463842
2016,,East Midlands,,Agriculture,Undefined,Units,Percentage (%),E12000004,3.40319389890765
2016,,West Midlands,,Non-Agriculture,Undefined,Units,Percentage (%),E12000005,0.359650382454024
2016,,West Midlands,,Agriculture,Undefined,Units,Percentage (%),E12000005,4.0146116105003
2016,,East,,Non-Agriculture,Undefined,Units,Percentage (%),E12000007,0.341126555272913
2016,,East,,Agriculture,Undefined,Units,Percentage (%),E12000007,3.14272472468054
2016,,London,,Non-Agriculture,Undefined,Units,Percentage (%),E12000007,0.346105142581
2016,,South East,,Non-Agriculture,Undefined,Units,Percentage (%),E12000008,0.337135634093538
2016,,South West,,Non-Agriculture,Undefined,Units,Percentage (%),E12000009,0.474136189206149
2016,,South West,,Agriculture,Undefined,Units,Percentage (%),E12000009,6.44021387208377
2017,,,,,Undefined,Units,Percentage (%),,0.368558153786145
2017,,,Male,,Undefined,Units,Percentage (%),,0.322954978679461
2017,,,Female,,Undefined,Units,Percentage (%),,0.420080240679105
2017,,,,Agriculture,Undefined,Units,Percentage (%),,4.37918925703535
2017,,,,Non-Agriculture,Undefined,Units,Percentage (%),,0.324295247676805
2017,,,Male,Agriculture,Undefined,Units,Percentage (%),,2.13098337672742
2017,,,Female,Agriculture,Undefined,Units,Percentage (%),,10.1701385664613
2017,,,Male,Non-Agriculture,Undefined,Units,Percentage (%),,0.295751180395081
2017,,,Female,Non-Agriculture,Undefined,Units,Percentage (%),,0.356273983842656
2017,England,,,,Undefined,Units,Percentage (%),E92000001,0.351150574765655
2017,Northern Ireland,,,,Undefined,Units,Percentage (%),N92000002,0.428316290243555
2017,Scotland,,,,Undefined,Units,Percentage (%),S92000003,0.341513867296491
2017,Wales,,,,Undefined,Units,Percentage (%),W92000004,0.714068619059763
2017,,North East,,,Undefined,Units,Percentage (%),E12000001,0.134744137536588
2017,,North West,,,Undefined,Units,Percentage (%),E12000002,0.285350577150172
2017,,Yorkshire and The Humber,,,Undefined,Units,Percentage (%),E12000003,0.318805274585606
2017,,East Midlands,,,Undefined,Units,Percentage (%),E12000004,0.400481516067501
2017,,West Midlands,,,Undefined,Units,Percentage (%),E12000005,0.290597336903965
2017,,East,,,Undefined,Units,Percentage (%),E12000007,0.280567577990378
2017,,London,,,Undefined,Units,Percentage (%),E12000007,0.350575887564102
2017,,South East,,,Undefined,Units,Percentage (%),E12000008,0.388347936557025
2017,,South West,,,Undefined,Units,Percentage (%),E12000009,0.590164835900313
2017,England,,Male,,Undefined,Units,Percentage (%),E92000001,0.30924263127074
2017,England,,Female,,Undefined,Units,Percentage (%),E92000001,0.398915946610339
2017,Northern Ireland,,Male,,Undefined,Units,Percentage (%),N92000002,0.334877758262169
2017,Northern Ireland,,Female,,Undefined,Units,Percentage (%),N92000002,0.530320561561264
2017,Scotland,,Female,,Undefined,Units,Percentage (%),S92000003,0.420747597600064
2017,Scotland,,Male,,Undefined,Units,Percentage (%),S92000003,0.266532018639473
2017,Wales,,Male,,Undefined,Units,Percentage (%),W92000004,0.680228607969306
2017,Wales,,Female,,Undefined,Units,Percentage (%),W92000004,0.751390307153195
2017,England,,,Non-Agriculture,Undefined,Units,Percentage (%),E92000001,0.314890223510374
2017,England,,,Agriculture,Undefined,Units,Percentage (%),E92000001,4.2918000472432
2017,Northern Ireland,,,Non-Agriculture,Undefined,Units,Percentage (%),N92000002,0.417919202287558
2017,Scotland,,,Non-Agriculture,Undefined,Units,Percentage (%),S92000003,0.274458910315684
2017,Scotland,,,Agriculture,Undefined,Units,Percentage (%),S92000003,4.16979714500376
2017,Wales,,,Non-Agriculture,Undefined,Units,Percentage (%),W92000004,0.546559080876726
2017,Wales,,,Agriculture,Undefined,Units,Percentage (%),W92000004,7.80431689522599
2017,,North East,,Non-Agriculture,Undefined,Units,Percentage (%),E12000001,0.135697737947508
2017,,North West,,Non-Agriculture,Undefined,Units,Percentage (%),E12000002,0.239809435236308
2017,,North West,,Agriculture,Undefined,Units,Percentage (%),E12000002,7.78903077449973
2017,,Yorkshire and The Humber,,Non-Agriculture,Undefined,Units,Percentage (%),E12000003,0.315460283253667
2017,,East Midlands,,Non-Agriculture,Undefined,Units,Percentage (%),E12000004,0.347906578425384
2017,,East Midlands,,Agriculture,Undefined,Units,Percentage (%),E12000004,3.62662839478914
2017,,West Midlands,,Non-Agriculture,Undefined,Units,Percentage (%),E12000005,0.247411440859179
2017,,West Midlands,,Agriculture,Undefined,Units,Percentage (%),E12000005,3.84258112459747
2017,,East,,Non-Agriculture,Undefined,Units,Percentage (%),E12000007,0.260838042862703
2017,,London,,Non-Agriculture,Undefined,Units,Percentage (%),E12000007,0.340488700908059
2017,,South East,,Non-Agriculture,Undefined,Units,Percentage (%),E12000008,0.362935620069579
2017,,South East,,Agriculture,Undefined,Units,Percentage (%),E12000008,3.98260543111
2017,,South West,,Non-Agriculture,Undefined,Units,Percentage (%),E12000009,0.462120410342794
2017,,South West,,Agriculture,Undefined,Units,Percentage (%),E12000009,6.18761829270265
2018,,,,,Undefined,Units,Percentage (%),,0.40561330377834
2018,,,Male,,Undefined,Units,Percentage (%),,0.335796046221713
2018,,,Female,,Undefined,Units,Percentage (%),,0.484429757418649
2018,,,,Agriculture,Undefined,Units,Percentage (%),,3.98194827266106
2018,,,,Non-Agriculture,Undefined,Units,Percentage (%),,0.365990462678539
2018,,,Male,Agriculture,Undefined,Units,Percentage (%),,2.17652689116179
2018,,,Female,Agriculture,Undefined,Units,Percentage (%),,8.67473347657575
2018,,,Male,Non-Agriculture,Undefined,Units,Percentage (%),,0.307910444550685
2018,,,Female,Non-Agriculture,Undefined,Units,Percentage (%),,0.430999677814914
2018,England,,,,Undefined,Units,Percentage (%),E92000001,0.384584632635214
2018,Northern Ireland,,,,Undefined,Units,Percentage (%),N92000002,0.322705528860645
2018,Scotland,,,,Undefined,Units,Percentage (%),S92000003,0.469036865787456
2018,Wales,,,,Undefined,Units,Percentage (%),W92000004,0.726895978964301
2018,,North East,,,Undefined,Units,Percentage (%),E12000001,0.426758457052626
2018,,North West,,,Undefined,Units,Percentage (%),E12000002,0.247047802169831
2018,,Yorkshire and The Humber,,,Undefined,Units,Percentage (%),E12000003,0.299973954357256
2018,,East Midlands,,,Undefined,Units,Percentage (%),E12000004,0.436816393508655
2018,,West Midlands,,,Undefined,Units,Percentage (%),E12000005,0.385023995043168
2018,,East,,,Undefined,Units,Percentage (%),E12000007,0.31342990745888
2018,,London,,,Undefined,Units,Percentage (%),E12000007,0.39788145005684
2018,,South East,,,Undefined,Units,Percentage (%),E12000008,0.509274650175447
2018,,South West,,,Undefined,Units,Percentage (%),E12000009,0.42412393819867
2018,England,,Male,,Undefined,Units,Percentage (%),E92000001,0.321448865742341
2018,England,,Female,,Undefined,Units,Percentage (%),E92000001,0.456376464930953
2018,Northern Ireland,,Male,,Undefined,Units,Percentage (%),N92000002,0.164996599992302
2018,Northern Ireland,,Female,,Undefined,Units,Percentage (%),N92000002,0.494960705837509
2018,Scotland,,Female,,Undefined,Units,Percentage (%),S92000003,0.644863138801063
2018,Scotland,,Male,,Undefined,Units,Percentage (%),S92000003,0.304367765919953
2018,Wales,,Male,,Undefined,Units,Percentage (%),W92000004,0.75061053504117
2018,Wales,,Female,,Undefined,Units,Percentage (%),W92000004,0.700587824467466
2018,England,,,Non-Agriculture,Undefined,Units,Percentage (%),E92000001,0.354781386061229
2018,England,,,Agriculture,Undefined,Units,Percentage (%),E92000001,3.59933382828019
2018,Northern Ireland,,,Non-Agriculture,Undefined,Units,Percentage (%),N92000002,0.163094902143059
2018,Northern Ireland,,,Agriculture,Undefined,Units,Percentage (%),N92000002,5.20987758905502
2018,Scotland,,,Non-Agriculture,Undefined,Units,Percentage (%),S92000003,0.43584204520506
2018,Scotland,,,Agriculture,Undefined,Units,Percentage (%),S92000003,2.42367587040288
2018,Wales,,,Non-Agriculture,Undefined,Units,Percentage (%),W92000004,0.554906748270462
2018,Wales,,,Agriculture,Undefined,Units,Percentage (%),W92000004,8.00848977639603
2018,,North East,,Non-Agriculture,Undefined,Units,Percentage (%),E12000001,0.400766934069662
2018,,North West,,Non-Agriculture,Undefined,Units,Percentage (%),E12000002,0.221577692058538
2018,,Yorkshire and The Humber,,Non-Agriculture,Undefined,Units,Percentage (%),E12000003,0.285596717235578
2018,,East Midlands,,Non-Agriculture,Undefined,Units,Percentage (%),E12000004,0.386251147203666
2018,,East Midlands,,Agriculture,Undefined,Units,Percentage (%),E12000004,3.89665653495441
2018,,West Midlands,,Non-Agriculture,Undefined,Units,Percentage (%),E12000005,0.316619028596871
2018,,West Midlands,,Agriculture,Undefined,Units,Percentage (%),E12000005,6.8602781855036
2018,,East,,Non-Agriculture,Undefined,Units,Percentage (%),E12000007,0.30633290464332
2018,,London,,Non-Agriculture,Undefined,Units,Percentage (%),E12000007,0.372091014993111
2018,,London,,Agriculture,Undefined,Units,Percentage (%),E12000007,19.741576709192
2018,,South East,,Non-Agriculture,Undefined,Units,Percentage (%),E12000008,0.509572584588915
2018,,South West,,Non-Agriculture,Undefined,Units,Percentage (%),E12000009,0.347140214412307
2018,,South West,,Agriculture,Undefined,Units,Percentage (%),E12000009,3.88591563341422
2019,,,,,Undefined,Units,Percentage (%),,0.378889840204496
2019,,,Male,,Undefined,Units,Percentage (%),,0.349434961967084
2019,,,Female,,Undefined,Units,Percentage (%),,0.41167728143616
2019,,,,Agriculture,Undefined,Units,Percentage (%),,4.28382464650968
2019,,,,Non-Agriculture,Undefined,Units,Percentage (%),,0.337353150300024
2019,,,Male,Agriculture,Undefined,Units,Percentage (%),,2.18216472032434
2019,,,Female,Agriculture,Undefined,Units,Percentage (%),,9.86143409814281
2019,,,Male,Non-Agriculture,Undefined,Units,Percentage (%),,0.322446602994771
2019,,,Female,Non-Agriculture,Undefined,Units,Percentage (%),,0.353805587344249
2019,England,,,,Undefined,Units,Percentage (%),E92000001,0.365429361105081
2019,Northern Ireland,,,,Undefined,Units,Percentage (%),N92000002,0.416302252231176
2019,Scotland,,,,Undefined,Units,Percentage (%),S92000003,0.369191775160702
2019,Wales,,,,Undefined,Units,Percentage (%),W92000004,0.629539984910315
2019,,North East,,,Undefined,Units,Percentage (%),E12000001,0.337156509746415
2019,,North West,,,Undefined,Units,Percentage (%),E12000002,0.242047768190841
2019,,Yorkshire and The Humber,,,Undefined,Units,Percentage (%),E12000003,0.372859825902633
2019,,East Midlands,,,Undefined,Units,Percentage (%),E12000004,0.326794888124655
2019,,West Midlands,,,Undefined,Units,Percentage (%),E12000005,0.243219518375399
2019,,East,,,Undefined,Units,Percentage (%),E12000007,0.324449654627011
2019,,London,,,Undefined,Units,Percentage (%),E12000007,0.464034024566837
2019,,South East,,,Undefined,Units,Percentage (%),E12000008,0.433566829522569
2019,,South West,,,Undefined,Units,Percentage (%),E12000009,0.445286348558379
2019,England,,Female,,Undefined,Units,Percentage (%),E92000001,0.407783249473674
2019,England,,Male,,Undefined,Units,Percentage (%),E92000001,0.327631642526313
2019,Northern Ireland,,Male,,Undefined,Units,Percentage (%),N92000002,0.388916677756719
2019,Northern Ireland,,Female,,Undefined,Units,Percentage (%),N92000002,0.446312952127593
2019,Scotland,,Female,,Undefined,Units,Percentage (%),S92000003,0.353553661640507
2019,Scotland,,Male,,Undefined,Units,Percentage (%),S92000003,0.384123390802101
2019,Wales,,Male,,Undefined,Units,Percentage (%),W92000004,0.679486272753229
2019,Wales,,Female,,Undefined,Units,Percentage (%),W92000004,0.574202255017196
2019,England,,,Non-Agriculture,Undefined,Units,Percentage (%),E92000001,0.335199452771594
2019,England,,,Agriculture,Undefined,Units,Percentage (%),E92000001,3.68051916643154
2019,Northern Ireland,,,Non-Agriculture,Undefined,Units,Percentage (%),N92000002,0.181420243681496
2019,Northern Ireland,,,Agriculture,Undefined,Units,Percentage (%),N92000002,8.21906560472945
2019,Scotland,,,Non-Agriculture,Undefined,Units,Percentage (%),S92000003,0.333614052846882
2019,Scotland,,,Agriculture,Undefined,Units,Percentage (%),S92000003,2.78339818417639
2019,Wales,,,Non-Agriculture,Undefined,Units,Percentage (%),W92000004,0.474102210672888
2019,Wales,,,Agriculture,Undefined,Units,Percentage (%),W92000004,8.01094829600454
2019,,North East,,Non-Agriculture,Undefined,Units,Percentage (%),E12000001,0.318088395979944
2019,,North West,,Non-Agriculture,Undefined,Units,Percentage (%),E12000002,0.209171241952421
2019,,North West,,Agriculture,Undefined,Units,Percentage (%),E12000002,3.96672852598091
2019,,Yorkshire and The Humber,,Non-Agriculture,Undefined,Units,Percentage (%),E12000003,0.287480887151437
2019,,Yorkshire and The Humber,,Agriculture,Undefined,Units,Percentage (%),E12000003,7.89035392088827
2019,,East Midlands,,Non-Agriculture,Undefined,Units,Percentage (%),E12000004,0.280513041214929
2019,,West Midlands,,Non-Agriculture,Undefined,Units,Percentage (%),E12000005,0.218198078991883
2019,,West Midlands,,Agriculture,Undefined,Units,Percentage (%),E12000005,2.23519112926758
2019,,East,,Non-Agriculture,Undefined,Units,Percentage (%),E12000007,0.308095648308768
2019,,London,,Non-Agriculture,Undefined,Units,Percentage (%),E12000007,0.458246134336509
2019,,South East,,Non-Agriculture,Undefined,Units,Percentage (%),E12000008,0.413564496897449
2019,,South East,,Agriculture,Undefined,Units,Percentage (%),E12000008,2.69943195850827
2019,,South West,,Non-Agriculture,Undefined,Units,Percentage (%),E12000009,0.397852219942219
2019,,South West,,Agriculture,Undefined,Units,Percentage (%),E12000009,3.29747684726897
2020,,,,,Undefined,Units,Percentage (%),,0.292398980701723
2020,,,Male,,Undefined,Units,Percentage (%),,0.250386553122555
2020,,,Female,,Undefined,Units,Percentage (%),,0.338269696466604
2020,,,,Agriculture,Undefined,Units,Percentage (%),,4.35807218159619
2020,,,,Non-Agriculture,Undefined,Units,Percentage (%),,0.253736491836361
2020,,,Male,Agriculture,Undefined,Units,Percentage (%),,2.32924701498317
2020,,,Female,Agriculture,Undefined,Units,Percentage (%),,9.58749691767552
2020,,,Male,Non-Agriculture,Undefined,Units,Percentage (%),,0.222999301900616
2020,,,Female,Non-Agriculture,Undefined,Units,Percentage (%),,0.287043564444005
2020,England,,,,Undefined,Units,Percentage (%),E92000001,0.277382076551712
2020,Northern Ireland,,,,Undefined,Units,Percentage (%),N92000002,0.453643987985706
2020,Scotland,,,,Undefined,Units,Percentage (%),S92000003,0.219050779953535
2020,Wales,,,,Undefined,Units,Percentage (%),W92000004,0.617046940861747
2020,,North East,,,Undefined,Units,Percentage (%),E12000001,0.23168848399891
2020,,North West,,,Undefined,Units,Percentage (%),E12000002,0.201677332536928
2020,,Yorkshire and The Humber,,,Undefined,Units,Percentage (%),E12000003,0.226308204084669
2020,,East Midlands,,,Undefined,Units,Percentage (%),E12000004,0.217178888885059
2020,,West Midlands,,,Undefined,Units,Percentage (%),E12000005,0.203415714580715
2020,,East,,,Undefined,Units,Percentage (%),E12000007,0.358252797587495
2020,,London,,,Undefined,Units,Percentage (%),E12000007,0.312591823055876
2020,,South East,,,Undefined,Units,Percentage (%),E12000008,0.331915443531152
2020,,South West,,,Undefined,Units,Percentage (%),E12000009,0.323894413268537
2020,England,,Male,,Undefined,Units,Percentage (%),E92000001,0.229649552220973
2020,England,,Female,,Undefined,Units,Percentage (%),E92000001,0.329760589487453
2020,Northern Ireland,,Male,,Undefined,Units,Percentage (%),N92000002,0.335567478921193
2020,Northern Ireland,,Female,,Undefined,Units,Percentage (%),N92000002,0.58485758643487
2020,Scotland,,Female,,Undefined,Units,Percentage (%),S92000003,0.238907449739171
2020,Scotland,,Male,,Undefined,Units,Percentage (%),S92000003,0.199898995228655
2020,Wales,,Female,,Undefined,Units,Percentage (%),W92000004,0.539457125106262
2020,Wales,,Male,,Undefined,Units,Percentage (%),W92000004,0.689004931824775
2020,England,,,Non-Agriculture,Undefined,Units,Percentage (%),E92000001,0.257059206405972
2020,England,,,Agriculture,Undefined,Units,Percentage (%),E92000001,2.89120785721031
2020,Northern Ireland,,,Non-Agriculture,Undefined,Units,Percentage (%),N92000002,0.260277782125104
2020,Northern Ireland,,,Agriculture,Undefined,Units,Percentage (%),N92000002,7.75454545454545
2020,Scotland,,,Non-Agriculture,Undefined,Units,Percentage (%),S92000003,0.166605105378898
2020,Scotland,,,Agriculture,Undefined,Units,Percentage (%),S92000003,3.60984457263773
2020,Wales,,,Non-Agriculture,Undefined,Units,Percentage (%),W92000004,0.34469199964099
2020,Wales,,,Agriculture,Undefined,Units,Percentage (%),W92000004,12.8722074425462
2020,,North East,,Non-Agriculture,Undefined,Units,Percentage (%),E12000001,0.145428195457508
2020,,North East,,Agriculture,Undefined,Units,Percentage (%),E12000001,13.8616485555261
2020,,North West,,Non-Agriculture,Undefined,Units,Percentage (%),E12000002,0.193432155034026
2020,,Yorkshire and The Humber,,Non-Agriculture,Undefined,Units,Percentage (%),E12000003,0.199038072896824
2020,,Yorkshire and The Humber,,Agriculture,Undefined,Units,Percentage (%),E12000003,3.42077839699153
2020,,East Midlands,,Non-Agriculture,Undefined,Units,Percentage (%),E12000004,0.211997003915437
2020,,West Midlands,,Non-Agriculture,Undefined,Units,Percentage (%),E12000005,0.1926312604246
2020,,West Midlands,,Agriculture,Undefined,Units,Percentage (%),E12000005,1.74640522875817
2020,,East,,Non-Agriculture,Undefined,Units,Percentage (%),E12000007,0.328502822007881
2020,,East,,Agriculture,Undefined,Units,Percentage (%),E12000007,3.66620366985891
2020,,London,,Non-Agriculture,Undefined,Units,Percentage (%),E12000007,0.312947940841462
2020,,South East,,Non-Agriculture,Undefined,Units,Percentage (%),E12000008,0.30021928276747
2020,,South East,,Agriculture,Undefined,Units,Percentage (%),E12000008,4.70327804227189
2020,,South West,,Non-Agriculture,Undefined,Units,Percentage (%),E12000009,0.29474458491001
2020,,South West,,Agriculture,Undefined,Units,Percentage (%),E12000009,2.46507582758058
