Year,Region,Gender,Observation status,Unit multiplier,Unit measure,GeoCode,Value
1992,,,Undefined,Units,Percentage (%),,0.697767145136
1993,,,Undefined,Units,Percentage (%),,0.6029423587105073
1994,,,Undefined,Units,Percentage (%),,0.5742542670282341
1995,,,Undefined,Units,Percentage (%),,0.5241379310344828
1996,,,Undefined,Units,Percentage (%),,0.4758004758004757
1997,,,Undefined,Units,Percentage (%),,0.4446488807114383
1998,,,Undefined,Units,Percentage (%),,0.3793338896897049
1999,,,Undefined,Units,Percentage (%),,0.3781213732170267
2000,,,Undefined,Units,Percentage (%),,0.4031959754383369
2001,,,Undefined,Units,Percentage (%),,0.3593956285756198
2002,,,Undefined,Units,Percentage (%),,0.3495484998543548
2003,,,Undefined,Units,Percentage (%),,0.34296028880866425
2004,,,Undefined,Units,Percentage (%),,0.34652757930837386
2005,,,Undefined,Units,Percentage (%),,0.3395825963919349
2006,,,Undefined,Units,Percentage (%),,0.3366767202076173
2007,,,Undefined,Units,Percentage (%),,0.3514510404342682
2008,,,Undefined,Units,Percentage (%),,0.3490702979194028
2009,,,Undefined,Units,Percentage (%),,0.3096846846846847
2010,,,Undefined,Units,Percentage (%),,0.3310791772330234
2011,,,Undefined,Units,Percentage (%),,0.3614161900417559
2012,,,Undefined,Units,Percentage (%),,0.3756521739130435
2013,,,Undefined,Units,Percentage (%),,0.3792449577659024
2014,,,Undefined,Units,Percentage (%),,0.3913630229419704
2015,,,Undefined,Units,Percentage (%),,0.3388028964326048
2016,,,Undefined,Units,Percentage (%),,0.38641647837050136
2017,,,Undefined,Units,Percentage (%),,0.3756963337219847
2018,,,Undefined,Units,Percentage (%),,0.3686251883193897
2004,North East,,Undefined,Units,Percentage (%),E12000001,0.2793336077161212
2005,North East,,Undefined,Units,Percentage (%),E12000001,0.13843610272925674
2006,North East,,Undefined,Units,Percentage (%),E12000001,0.2566408889425014
2007,North East,,Undefined,Units,Percentage (%),E12000001,0.18768830004713674
2008,North East,,Undefined,Units,Percentage (%),E12000001,0.18276685689398312
2009,North East,,Undefined,Units,Percentage (%),E12000001,0.2580995781492915
2010,North East,,Undefined,Units,Percentage (%),E12000001,0.15684009419291775
2011,North East,,Undefined,Units,Percentage (%),E12000001,0.19094770455905727
2012,North East,,Undefined,Units,Percentage (%),E12000001,0.2365539182255421
2013,North East,,Undefined,Units,Percentage (%),E12000001,0.20603816146464712
2014,North East,,Undefined,Units,Percentage (%),E12000001,0.3120836114654027
2015,North East,,Undefined,Units,Percentage (%),E12000001,0.2757430453038072
2016,North East,,Undefined,Units,Percentage (%),E12000001,0.33134160768351617
2017,North East,,Undefined,Units,Percentage (%),E12000001,0.13417029241921094
2018,North East,,Undefined,Units,Percentage (%),E12000001,0.4246143308167923
2004,North East,Male,Undefined,Units,Percentage (%),E12000001,0.2039377612165769
2005,North East,Male,Undefined,Units,Percentage (%),E12000001,0.0
2006,North East,Male,Undefined,Units,Percentage (%),E12000001,0.1390861937956325
2007,North East,Male,Undefined,Units,Percentage (%),E12000001,0.0970646479821284
2008,North East,Male,Undefined,Units,Percentage (%),E12000001,0.04442331650383581
2009,North East,Male,Undefined,Units,Percentage (%),E12000001,0.2663942840717776
2010,North East,Male,Undefined,Units,Percentage (%),E12000001,0.1345584037839454
2011,North East,Male,Undefined,Units,Percentage (%),E12000001,0.1350976504309769
2012,North East,Male,Undefined,Units,Percentage (%),E12000001,0.09882695958774072
2013,North East,Male,Undefined,Units,Percentage (%),E12000001,0.10176676540064766
2014,North East,Male,Undefined,Units,Percentage (%),E12000001,0.09585362704164914
2015,North East,Male,Undefined,Units,Percentage (%),E12000001,0.21192914025678528
2016,North East,Male,Undefined,Units,Percentage (%),E12000001,0.25201308944560297
2017,North East,Male,Undefined,Units,Percentage (%),E12000001,0.0941254099792342
2018,North East,Male,Undefined,Units,Percentage (%),E12000001,0.2204768916772784
2004,North East,Female,Undefined,Units,Percentage (%),E12000001,0.3654026710609515
2005,North East,Female,Undefined,Units,Percentage (%),E12000001,0.20929009248309074
2006,North East,Female,Undefined,Units,Percentage (%),E12000001,0.3887633649010176
2007,North East,Female,Undefined,Units,Percentage (%),E12000001,0.2890967409755059
2008,North East,Female,Undefined,Units,Percentage (%),E12000001,0.33700554852953
2009,North East,Female,Undefined,Units,Percentage (%),E12000001,0.24908776254129
2010,North East,Female,Undefined,Units,Percentage (%),E12000001,0.18127349755383249
2011,North East,Female,Undefined,Units,Percentage (%),E12000001,0.2534288560263581
2012,North East,Female,Undefined,Units,Percentage (%),E12000001,0.389755851051794
2013,North East,Female,Undefined,Units,Percentage (%),E12000001,0.32225896775720153
2014,North East,Female,Undefined,Units,Percentage (%),E12000001,0.5478566799704679
2015,North East,Female,Undefined,Units,Percentage (%),E12000001,0.34603191083726115
2016,North East,Female,Undefined,Units,Percentage (%),E12000001,0.4195290971126942
2017,North East,Female,Undefined,Units,Percentage (%),E12000001,0.17718145987100495
2018,North East,Female,Undefined,Units,Percentage (%),E12000001,0.6437069246320013
2004,North West,,Undefined,Units,Percentage (%),E12000002,0.2677258017063842
2005,North West,,Undefined,Units,Percentage (%),E12000002,0.2996224978587063
2006,North West,,Undefined,Units,Percentage (%),E12000002,0.2907606329591794
2007,North West,,Undefined,Units,Percentage (%),E12000002,0.3316306999026546
2008,North West,,Undefined,Units,Percentage (%),E12000002,0.3169389260517871
2009,North West,,Undefined,Units,Percentage (%),E12000002,0.13349260337761235
2010,North West,,Undefined,Units,Percentage (%),E12000002,0.2672921409694789
2011,North West,,Undefined,Units,Percentage (%),E12000002,0.2585908647883173
2012,North West,,Undefined,Units,Percentage (%),E12000002,0.33726356634989096
2013,North West,,Undefined,Units,Percentage (%),E12000002,0.2726688385879055
2014,North West,,Undefined,Units,Percentage (%),E12000002,0.29989292212767976
2015,North West,,Undefined,Units,Percentage (%),E12000002,0.3197763474589856
2016,North West,,Undefined,Units,Percentage (%),E12000002,0.2130899756224348
2017,North West,,Undefined,Units,Percentage (%),E12000002,0.28617402969209965
2018,North West,,Undefined,Units,Percentage (%),E12000002,0.2459724344250715
2004,North West,Male,Undefined,Units,Percentage (%),E12000002,0.21726719390649635
2005,North West,Male,Undefined,Units,Percentage (%),E12000002,0.20762462228472608
2006,North West,Male,Undefined,Units,Percentage (%),E12000002,0.24327252897197585
2007,North West,Male,Undefined,Units,Percentage (%),E12000002,0.2765481240984187
2008,North West,Male,Undefined,Units,Percentage (%),E12000002,0.18010432569673648
2009,North West,Male,Undefined,Units,Percentage (%),E12000002,0.11910746555467552
2010,North West,Male,Undefined,Units,Percentage (%),E12000002,0.176021127282978
2011,North West,Male,Undefined,Units,Percentage (%),E12000002,0.19721954537215994
2012,North West,Male,Undefined,Units,Percentage (%),E12000002,0.17368548408779272
2013,North West,Male,Undefined,Units,Percentage (%),E12000002,0.20130697977123396
2014,North West,Male,Undefined,Units,Percentage (%),E12000002,0.2159320615500669
2015,North West,Male,Undefined,Units,Percentage (%),E12000002,0.2219491555425621
2016,North West,Male,Undefined,Units,Percentage (%),E12000002,0.16055742243584134
2017,North West,Male,Undefined,Units,Percentage (%),E12000002,0.2579083903143925
2018,North West,Male,Undefined,Units,Percentage (%),E12000002,0.3521861000081215
2004,North West,Female,Undefined,Units,Percentage (%),E12000002,0.3260263454100936
2005,North West,Female,Undefined,Units,Percentage (%),E12000002,0.4051094592275613
2006,North West,Female,Undefined,Units,Percentage (%),E12000002,0.34487512736101256
2007,North West,Female,Undefined,Units,Percentage (%),E12000002,0.3951949251344242
2008,North West,Female,Undefined,Units,Percentage (%),E12000002,0.4732008172977586
2009,North West,Female,Undefined,Units,Percentage (%),E12000002,0.14975210507992115
2010,North West,Female,Undefined,Units,Percentage (%),E12000002,0.3701889817093324
2011,North West,Female,Undefined,Units,Percentage (%),E12000002,0.3274295372306841
2012,North West,Female,Undefined,Units,Percentage (%),E12000002,0.519130783093674
2013,North West,Female,Undefined,Units,Percentage (%),E12000002,0.3527661589982722
2014,North West,Female,Undefined,Units,Percentage (%),E12000002,0.3943475960575848
2015,North West,Female,Undefined,Units,Percentage (%),E12000002,0.4303930031759723
2016,North West,Female,Undefined,Units,Percentage (%),E12000002,0.2710587950250364
2017,North West,Female,Undefined,Units,Percentage (%),E12000002,0.31763432961506644
2018,North West,Female,Undefined,Units,Percentage (%),E12000002,0.12579373924683948
2004,Yorkshire and The Humber,,Undefined,Units,Percentage (%),E12000003,0.2004169993902008
2005,Yorkshire and The Humber,,Undefined,Units,Percentage (%),E12000003,0.2705601956782162
2006,Yorkshire and The Humber,,Undefined,Units,Percentage (%),E12000003,0.2387354372006204
2007,Yorkshire and The Humber,,Undefined,Units,Percentage (%),E12000003,0.33232607130123154
2008,Yorkshire and The Humber,,Undefined,Units,Percentage (%),E12000003,0.3342266141518313
2009,Yorkshire and The Humber,,Undefined,Units,Percentage (%),E12000003,0.3659300917260246
2010,Yorkshire and The Humber,,Undefined,Units,Percentage (%),E12000003,0.4050018639987576
2011,Yorkshire and The Humber,,Undefined,Units,Percentage (%),E12000003,0.3501511337912473
2012,Yorkshire and The Humber,,Undefined,Units,Percentage (%),E12000003,0.3256371796470256
2013,Yorkshire and The Humber,,Undefined,Units,Percentage (%),E12000003,0.4124947816925208
2014,Yorkshire and The Humber,,Undefined,Units,Percentage (%),E12000003,0.3096953169272693
2015,Yorkshire and The Humber,,Undefined,Units,Percentage (%),E12000003,0.3392968766669485
2016,Yorkshire and The Humber,,Undefined,Units,Percentage (%),E12000003,0.4563308028407734
2017,Yorkshire and The Humber,,Undefined,Units,Percentage (%),E12000003,0.3174660219167573
2018,Yorkshire and The Humber,,Undefined,Units,Percentage (%),E12000003,0.2990126587993875
2004,Yorkshire and The Humber,Male,Undefined,Units,Percentage (%),E12000003,0.14318691822950907
2005,Yorkshire and The Humber,Male,Undefined,Units,Percentage (%),E12000003,0.2314700660814676
2006,Yorkshire and The Humber,Male,Undefined,Units,Percentage (%),E12000003,0.1755744622599502
2007,Yorkshire and The Humber,Male,Undefined,Units,Percentage (%),E12000003,0.24385763490241105
2008,Yorkshire and The Humber,Male,Undefined,Units,Percentage (%),E12000003,0.2507571187630034
2009,Yorkshire and The Humber,Male,Undefined,Units,Percentage (%),E12000003,0.32137114107850784
2010,Yorkshire and The Humber,Male,Undefined,Units,Percentage (%),E12000003,0.3601798428407581
2011,Yorkshire and The Humber,Male,Undefined,Units,Percentage (%),E12000003,0.24248840168095304
2012,Yorkshire and The Humber,Male,Undefined,Units,Percentage (%),E12000003,0.24615031893543715
2013,Yorkshire and The Humber,Male,Undefined,Units,Percentage (%),E12000003,0.3632568594292874
2014,Yorkshire and The Humber,Male,Undefined,Units,Percentage (%),E12000003,0.2916416737336339
2015,Yorkshire and The Humber,Male,Undefined,Units,Percentage (%),E12000003,0.2531542410929269
2016,Yorkshire and The Humber,Male,Undefined,Units,Percentage (%),E12000003,0.40207889019109866
2017,Yorkshire and The Humber,Male,Undefined,Units,Percentage (%),E12000003,0.2972507588139155
2018,Yorkshire and The Humber,Male,Undefined,Units,Percentage (%),E12000003,0.2406791752453485
2004,Yorkshire and The Humber,Female,Undefined,Units,Percentage (%),E12000003,0.26726928412569084
2005,Yorkshire and The Humber,Female,Undefined,Units,Percentage (%),E12000003,0.31676408816934404
2006,Yorkshire and The Humber,Female,Undefined,Units,Percentage (%),E12000003,0.31287179477921145
2007,Yorkshire and The Humber,Female,Undefined,Units,Percentage (%),E12000003,0.4366158168794105
2008,Yorkshire and The Humber,Female,Undefined,Units,Percentage (%),E12000003,0.43093496127023295
2009,Yorkshire and The Humber,Female,Undefined,Units,Percentage (%),E12000003,0.416576185305827
2010,Yorkshire and The Humber,Female,Undefined,Units,Percentage (%),E12000003,0.4557312809188235
2011,Yorkshire and The Humber,Female,Undefined,Units,Percentage (%),E12000003,0.4719772054914044
2012,Yorkshire and The Humber,Female,Undefined,Units,Percentage (%),E12000003,0.4169647456397775
2013,Yorkshire and The Humber,Female,Undefined,Units,Percentage (%),E12000003,0.4689493312471385
2014,Yorkshire and The Humber,Female,Undefined,Units,Percentage (%),E12000003,0.3303924134454431
2015,Yorkshire and The Humber,Female,Undefined,Units,Percentage (%),E12000003,0.43774533212762856
2016,Yorkshire and The Humber,Female,Undefined,Units,Percentage (%),E12000003,0.5177200855597031
2017,Yorkshire and The Humber,Female,Undefined,Units,Percentage (%),E12000003,0.3407603335802368
2018,Yorkshire and The Humber,Female,Undefined,Units,Percentage (%),E12000003,0.3651711760655049
2004,East Midlands,,Undefined,Units,Percentage (%),E12000004,0.3228408829218585
2005,East Midlands,,Undefined,Units,Percentage (%),E12000004,0.2708432649717203
2006,East Midlands,,Undefined,Units,Percentage (%),E12000004,0.24019849534975715
2007,East Midlands,,Undefined,Units,Percentage (%),E12000004,0.3188203972202336
2008,East Midlands,,Undefined,Units,Percentage (%),E12000004,0.3812009714971665
2009,East Midlands,,Undefined,Units,Percentage (%),E12000004,0.324466254660991
2010,East Midlands,,Undefined,Units,Percentage (%),E12000004,0.3022825826704621
2011,East Midlands,,Undefined,Units,Percentage (%),E12000004,0.3446099577327655
2012,East Midlands,,Undefined,Units,Percentage (%),E12000004,0.4149967138056389
2013,East Midlands,,Undefined,Units,Percentage (%),E12000004,0.3287651718847672
2014,East Midlands,,Undefined,Units,Percentage (%),E12000004,0.33256698529182105
2015,East Midlands,,Undefined,Units,Percentage (%),E12000004,0.4342824518300401
2016,East Midlands,,Undefined,Units,Percentage (%),E12000004,0.4338756705652213
2017,East Midlands,,Undefined,Units,Percentage (%),E12000004,0.39905539104032667
2018,East Midlands,,Undefined,Units,Percentage (%),E12000004,0.4358140707183353
2004,East Midlands,Male,Undefined,Units,Percentage (%),E12000004,0.19650447732854226
2005,East Midlands,Male,Undefined,Units,Percentage (%),E12000004,0.20681586192376067
2006,East Midlands,Male,Undefined,Units,Percentage (%),E12000004,0.15301333625615773
2007,East Midlands,Male,Undefined,Units,Percentage (%),E12000004,0.17439504831854902
2008,East Midlands,Male,Undefined,Units,Percentage (%),E12000004,0.3282326649698926
2009,East Midlands,Male,Undefined,Units,Percentage (%),E12000004,0.2083962203543616
2010,East Midlands,Male,Undefined,Units,Percentage (%),E12000004,0.3273007660573273
2011,East Midlands,Male,Undefined,Units,Percentage (%),E12000004,0.2976409394210056
2012,East Midlands,Male,Undefined,Units,Percentage (%),E12000004,0.33389728775364785
2013,East Midlands,Male,Undefined,Units,Percentage (%),E12000004,0.27043077383258657
2014,East Midlands,Male,Undefined,Units,Percentage (%),E12000004,0.338919352329029
2015,East Midlands,Male,Undefined,Units,Percentage (%),E12000004,0.2973004120450093
2016,East Midlands,Male,Undefined,Units,Percentage (%),E12000004,0.4075399459770698
2017,East Midlands,Male,Undefined,Units,Percentage (%),E12000004,0.2887863302854456
2018,East Midlands,Male,Undefined,Units,Percentage (%),E12000004,0.295180717932846
2004,East Midlands,Female,Undefined,Units,Percentage (%),E12000004,0.4733107967558423
2005,East Midlands,Female,Undefined,Units,Percentage (%),E12000004,0.0
2006,East Midlands,Female,Undefined,Units,Percentage (%),E12000004,0.3420457097448477
2007,East Midlands,Female,Undefined,Units,Percentage (%),E12000004,0.4895441960377899
2008,East Midlands,Female,Undefined,Units,Percentage (%),E12000004,0.4432935925580041
2009,East Midlands,Female,Undefined,Units,Percentage (%),E12000004,0.45836027828509296
2010,East Midlands,Female,Undefined,Units,Percentage (%),E12000004,0.2739470666185774
2011,East Midlands,Female,Undefined,Units,Percentage (%),E12000004,0.3998089972975587
2012,East Midlands,Female,Undefined,Units,Percentage (%),E12000004,0.5087288169113792
2013,East Midlands,Female,Undefined,Units,Percentage (%),E12000004,0.39608957438540005
2014,East Midlands,Female,Undefined,Units,Percentage (%),E12000004,0.32533530541444683
2015,East Midlands,Female,Undefined,Units,Percentage (%),E12000004,0.5923804034471026
2016,East Midlands,Female,Undefined,Units,Percentage (%),E12000004,0.4637201371293417
2017,East Midlands,Female,Undefined,Units,Percentage (%),E12000004,0.5257322631693657
2018,East Midlands,Female,Undefined,Units,Percentage (%),E12000004,0.5948270245618608
2004,West Midlands,,Undefined,Units,Percentage (%),E12000005,0.26579525477056165
2005,West Midlands,,Undefined,Units,Percentage (%),E12000005,0.2648209062197137
2006,West Midlands,,Undefined,Units,Percentage (%),E12000005,0.29935612076639323
2007,West Midlands,,Undefined,Units,Percentage (%),E12000005,0.33594092995410096
2008,West Midlands,,Undefined,Units,Percentage (%),E12000005,0.3044809228927289
2009,West Midlands,,Undefined,Units,Percentage (%),E12000005,0.2507975189659501
2010,West Midlands,,Undefined,Units,Percentage (%),E12000005,0.2234160561398552
2011,West Midlands,,Undefined,Units,Percentage (%),E12000005,0.3919423599715651
2012,West Midlands,,Undefined,Units,Percentage (%),E12000005,0.2839861741878462
2013,West Midlands,,Undefined,Units,Percentage (%),E12000005,0.3235176120053003
2014,West Midlands,,Undefined,Units,Percentage (%),E12000005,0.3688815506716219
2015,West Midlands,,Undefined,Units,Percentage (%),E12000005,0.353770182117581
2016,West Midlands,,Undefined,Units,Percentage (%),E12000005,0.3967680369436218
2017,West Midlands,,Undefined,Units,Percentage (%),E12000005,0.28897533039093604
2018,West Midlands,,Undefined,Units,Percentage (%),E12000005,0.38834322539228266
2004,West Midlands,Male,Undefined,Units,Percentage (%),E12000005,0.1895109578870307
2005,West Midlands,Male,Undefined,Units,Percentage (%),E12000005,0.0
2006,West Midlands,Male,Undefined,Units,Percentage (%),E12000005,0.27276080291683497
2007,West Midlands,Male,Undefined,Units,Percentage (%),E12000005,0.26265255736040016
2008,West Midlands,Male,Undefined,Units,Percentage (%),E12000005,0.2502320849213635
2009,West Midlands,Male,Undefined,Units,Percentage (%),E12000005,0.1579281050377924
2010,West Midlands,Male,Undefined,Units,Percentage (%),E12000005,0.17931378611531185
2011,West Midlands,Male,Undefined,Units,Percentage (%),E12000005,0.41995723989177536
2012,West Midlands,Male,Undefined,Units,Percentage (%),E12000005,0.23712631201206705
2013,West Midlands,Male,Undefined,Units,Percentage (%),E12000005,0.2099879186029512
2014,West Midlands,Male,Undefined,Units,Percentage (%),E12000005,0.26560088122966324
2015,West Midlands,Male,Undefined,Units,Percentage (%),E12000005,0.25826285072251176
2016,West Midlands,Male,Undefined,Units,Percentage (%),E12000005,0.25203980788737146
2017,West Midlands,Male,Undefined,Units,Percentage (%),E12000005,0.1869346429754497
2018,West Midlands,Male,Undefined,Units,Percentage (%),E12000005,0.3027325058013585
2004,West Midlands,Female,Undefined,Units,Percentage (%),E12000005,0.35819334714478485
2005,West Midlands,Female,Undefined,Units,Percentage (%),E12000005,0.4089515542197614
2006,West Midlands,Female,Undefined,Units,Percentage (%),E12000005,0.3315835543743149
2007,West Midlands,Female,Undefined,Units,Percentage (%),E12000005,0.42445465023245
2008,West Midlands,Female,Undefined,Units,Percentage (%),E12000005,0.3691750671187488
2009,West Midlands,Female,Undefined,Units,Percentage (%),E12000005,0.35821941445343586
2010,West Midlands,Female,Undefined,Units,Percentage (%),E12000005,0.2744907916626413
2011,West Midlands,Female,Undefined,Units,Percentage (%),E12000005,0.3588721925420337
2012,West Midlands,Female,Undefined,Units,Percentage (%),E12000005,0.3391264886610329
2013,West Midlands,Female,Undefined,Units,Percentage (%),E12000005,0.458061590923588
2014,West Midlands,Female,Undefined,Units,Percentage (%),E12000005,0.4885297512855494
2015,West Midlands,Female,Undefined,Units,Percentage (%),E12000005,0.4669812946833583
2016,West Midlands,Female,Undefined,Units,Percentage (%),E12000005,0.5738714756167566
2017,West Midlands,Female,Undefined,Units,Percentage (%),E12000005,0.4078847575396212
2018,West Midlands,Female,Undefined,Units,Percentage (%),E12000005,0.4880665945005648
2004,East of England,,Undefined,Units,Percentage (%),E12000006,0.34750146228585993
2005,East of England,,Undefined,Units,Percentage (%),E12000006,0.3473581320288908
2006,East of England,,Undefined,Units,Percentage (%),E12000006,0.29578451454471394
2007,East of England,,Undefined,Units,Percentage (%),E12000006,0.2977263287161613
2008,East of England,,Undefined,Units,Percentage (%),E12000006,0.35743824481945186
2009,East of England,,Undefined,Units,Percentage (%),E12000006,0.367348972137649
2010,East of England,,Undefined,Units,Percentage (%),E12000006,0.3508547499640436
2011,East of England,,Undefined,Units,Percentage (%),E12000006,0.3991855733381832
2012,East of England,,Undefined,Units,Percentage (%),E12000006,0.5301081834066753
2013,East of England,,Undefined,Units,Percentage (%),E12000006,0.4826571048530355
2014,East of England,,Undefined,Units,Percentage (%),E12000006,0.325546967156818
2015,East of England,,Undefined,Units,Percentage (%),E12000006,0.3673678359030452
2016,East of England,,Undefined,Units,Percentage (%),E12000006,0.38251917675930336
2017,East of England,,Undefined,Units,Percentage (%),E12000006,0.28527453222494353
2018,East of England,,Undefined,Units,Percentage (%),E12000006,0.3130363216844195
2004,East of England,Male,Undefined,Units,Percentage (%),E12000006,0.15389427167585346
2005,East of England,Male,Undefined,Units,Percentage (%),E12000006,0.23217742129794475
2006,East of England,Male,Undefined,Units,Percentage (%),E12000006,0.25921303562745096
2007,East of England,Male,Undefined,Units,Percentage (%),E12000006,0.2026297397804059
2008,East of England,Male,Undefined,Units,Percentage (%),E12000006,0.35921140013810743
2009,East of England,Male,Undefined,Units,Percentage (%),E12000006,0.31684990516603984
2010,East of England,Male,Undefined,Units,Percentage (%),E12000006,0.21426833860395686
2011,East of England,Male,Undefined,Units,Percentage (%),E12000006,0.2502094416493258
2012,East of England,Male,Undefined,Units,Percentage (%),E12000006,0.2355053924594699
2013,East of England,Male,Undefined,Units,Percentage (%),E12000006,0.32787033929818515
2014,East of England,Male,Undefined,Units,Percentage (%),E12000006,0.2009510788724988
2015,East of England,Male,Undefined,Units,Percentage (%),E12000006,0.29676163621278
2016,East of England,Male,Undefined,Units,Percentage (%),E12000006,0.3239821026569528
2017,East of England,Male,Undefined,Units,Percentage (%),E12000006,0.19712435490119146
2018,East of England,Male,Undefined,Units,Percentage (%),E12000006,0.2137073695429068
2004,East of England,Female,Undefined,Units,Percentage (%),E12000006,0.5796026319184622
2005,East of England,Female,Undefined,Units,Percentage (%),E12000006,0.4850616689258068
2006,East of England,Female,Undefined,Units,Percentage (%),E12000006,0.3398908809488949
2007,East of England,Female,Undefined,Units,Percentage (%),E12000006,0.4112646904302114
2008,East of England,Female,Undefined,Units,Percentage (%),E12000006,0.35534719603008597
2009,East of England,Female,Undefined,Units,Percentage (%),E12000006,0.4263959867875976
2010,East of England,Female,Undefined,Units,Percentage (%),E12000006,0.5126355101528512
2011,East of England,Female,Undefined,Units,Percentage (%),E12000006,0.5732981127075433
2012,East of England,Female,Undefined,Units,Percentage (%),E12000006,0.8655346710006043
2013,East of England,Female,Undefined,Units,Percentage (%),E12000006,0.660026561410828
2014,East of England,Female,Undefined,Units,Percentage (%),E12000006,0.4688424330361741
2015,East of England,Female,Undefined,Units,Percentage (%),E12000006,0.4480370403896198
2016,East of England,Female,Undefined,Units,Percentage (%),E12000006,0.4495274674714152
2017,East of England,Female,Undefined,Units,Percentage (%),E12000006,0.3841045614864538
2018,East of England,Female,Undefined,Units,Percentage (%),E12000006,0.4248321323032773
2004,London,,Undefined,Units,Percentage (%),E12000007,0.3797640541848919
2005,London,,Undefined,Units,Percentage (%),E12000007,0.3400017040994878
2006,London,,Undefined,Units,Percentage (%),E12000007,0.3457032340347292
2007,London,,Undefined,Units,Percentage (%),E12000007,0.3467965548081776
2008,London,,Undefined,Units,Percentage (%),E12000007,0.2631295106543733
2009,London,,Undefined,Units,Percentage (%),E12000007,0.30122330631336114
2010,London,,Undefined,Units,Percentage (%),E12000007,0.2880863727913926
2011,London,,Undefined,Units,Percentage (%),E12000007,0.2649972621160389
2012,London,,Undefined,Units,Percentage (%),E12000007,0.2681307585256159
2013,London,,Undefined,Units,Percentage (%),E12000007,0.3618284022798669
2014,London,,Undefined,Units,Percentage (%),E12000007,0.3368686393773374
2015,London,,Undefined,Units,Percentage (%),E12000007,0.304097049251859
2016,London,,Undefined,Units,Percentage (%),E12000007,0.3444151754625004
2017,London,,Undefined,Units,Percentage (%),E12000007,0.35435055772703755
2018,London,,Undefined,Units,Percentage (%),E12000007,0.4086603348378228
2004,London,Male,Undefined,Units,Percentage (%),E12000007,0.35673913547280683
2005,London,Male,Undefined,Units,Percentage (%),E12000007,0.2331759605830171
2006,London,Male,Undefined,Units,Percentage (%),E12000007,0.27945860636107744
2007,London,Male,Undefined,Units,Percentage (%),E12000007,0.28121354991589625
2008,London,Male,Undefined,Units,Percentage (%),E12000007,0.16453261242343364
2009,London,Male,Undefined,Units,Percentage (%),E12000007,0.18113490336180796
2010,London,Male,Undefined,Units,Percentage (%),E12000007,0.24465932991138206
2011,London,Male,Undefined,Units,Percentage (%),E12000007,0.1594495980384691
2012,London,Male,Undefined,Units,Percentage (%),E12000007,0.20072904276337744
2013,London,Male,Undefined,Units,Percentage (%),E12000007,0.340028636807665
2014,London,Male,Undefined,Units,Percentage (%),E12000007,0.3326721172509069
2015,London,Male,Undefined,Units,Percentage (%),E12000007,0.2527083617446606
2016,London,Male,Undefined,Units,Percentage (%),E12000007,0.3020111667586025
2017,London,Male,Undefined,Units,Percentage (%),E12000007,0.33353117597314946
2018,London,Male,Undefined,Units,Percentage (%),E12000007,0.3146568299938257
2004,London,Female,Undefined,Units,Percentage (%),E12000007,0.408469088417956
2005,London,Female,Undefined,Units,Percentage (%),E12000007,0.4695134587200172
2006,London,Female,Undefined,Units,Percentage (%),E12000007,0.42676554945910095
2007,London,Female,Undefined,Units,Percentage (%),E12000007,0.4280488517216873
2008,London,Female,Undefined,Units,Percentage (%),E12000007,0.3852416955617712
2009,London,Female,Undefined,Units,Percentage (%),E12000007,0.4475902620795073
2010,London,Female,Undefined,Units,Percentage (%),E12000007,0.341302720648522
2011,London,Female,Undefined,Units,Percentage (%),E12000007,0.3931856199224705
2012,London,Female,Undefined,Units,Percentage (%),E12000007,0.350879949893535
2013,London,Female,Undefined,Units,Percentage (%),E12000007,0.3884028340411186
2014,London,Female,Undefined,Units,Percentage (%),E12000007,0.3420363997408433
2015,London,Female,Undefined,Units,Percentage (%),E12000007,0.36604754858914057
2016,London,Female,Undefined,Units,Percentage (%),E12000007,0.396181469208794
2017,London,Female,Undefined,Units,Percentage (%),E12000007,0.3793984456573096
2018,London,Female,Undefined,Units,Percentage (%),E12000007,0.5219701005749595
2004,South East,,Undefined,Units,Percentage (%),E12000008,0.464274685258929
2005,South East,,Undefined,Units,Percentage (%),E12000008,0.3095495265919733
2006,South East,,Undefined,Units,Percentage (%),E12000008,0.38044795837267453
2007,South East,,Undefined,Units,Percentage (%),E12000008,0.4220934777626446
2008,South East,,Undefined,Units,Percentage (%),E12000008,0.28842257313530145
2009,South East,,Undefined,Units,Percentage (%),E12000008,0.39132366920949546
2010,South East,,Undefined,Units,Percentage (%),E12000008,0.4880781995560536
2011,South East,,Undefined,Units,Percentage (%),E12000008,0.39877988852284063
2012,South East,,Undefined,Units,Percentage (%),E12000008,0.5131543439871605
2013,South East,,Undefined,Units,Percentage (%),E12000008,0.5099734217551238
2014,South East,,Undefined,Units,Percentage (%),E12000008,0.4015067399543023
2015,South East,,Undefined,Units,Percentage (%),E12000008,0.3922526045342576
2016,South East,,Undefined,Units,Percentage (%),E12000008,0.34741797224267496
2017,South East,,Undefined,Units,Percentage (%),E12000008,0.3902088511162203
2018,South East,,Undefined,Units,Percentage (%),E12000008,0.5075516910737652
2004,South East,Male,Undefined,Units,Percentage (%),E12000008,0.3079899848903737
2005,South East,Male,Undefined,Units,Percentage (%),E12000008,0.20867972439853588
2006,South East,Male,Undefined,Units,Percentage (%),E12000008,0.26749590846432525
2007,South East,Male,Undefined,Units,Percentage (%),E12000008,0.2798431953004845
2008,South East,Male,Undefined,Units,Percentage (%),E12000008,0.13926596367999972
2009,South East,Male,Undefined,Units,Percentage (%),E12000008,0.2767723983619025
2010,South East,Male,Undefined,Units,Percentage (%),E12000008,0.3519554398793551
2011,South East,Male,Undefined,Units,Percentage (%),E12000008,0.24098239005623076
2012,South East,Male,Undefined,Units,Percentage (%),E12000008,0.35243986326936305
2013,South East,Male,Undefined,Units,Percentage (%),E12000008,0.4211388423800601
2014,South East,Male,Undefined,Units,Percentage (%),E12000008,0.33589396775452524
2015,South East,Male,Undefined,Units,Percentage (%),E12000008,0.3581861014456034
2016,South East,Male,Undefined,Units,Percentage (%),E12000008,0.32163581007149883
2017,South East,Male,Undefined,Units,Percentage (%),E12000008,0.3798005033949168
2018,South East,Male,Undefined,Units,Percentage (%),E12000008,0.4972806402665993
2004,South East,Female,Undefined,Units,Percentage (%),E12000008,0.6492114382983832
2005,South East,Female,Undefined,Units,Percentage (%),E12000008,0.4267506517255934
2006,South East,Female,Undefined,Units,Percentage (%),E12000008,0.5118484202975165
2007,South East,Female,Undefined,Units,Percentage (%),E12000008,0.5865550496337566
2008,South East,Female,Undefined,Units,Percentage (%),E12000008,0.4619755622809698
2009,South East,Female,Undefined,Units,Percentage (%),E12000008,0.5225421849576145
2010,South East,Female,Undefined,Units,Percentage (%),E12000008,0.6437318727941979
2011,South East,Female,Undefined,Units,Percentage (%),E12000008,0.5812590363799773
2012,South East,Female,Undefined,Units,Percentage (%),E12000008,0.6999474847444718
2013,South East,Female,Undefined,Units,Percentage (%),E12000008,0.6111112771423761
2014,South East,Female,Undefined,Units,Percentage (%),E12000008,0.4755524347952619
2015,South East,Female,Undefined,Units,Percentage (%),E12000008,0.4310041024561634
2016,South East,Female,Undefined,Units,Percentage (%),E12000008,0.376742858585873
2017,South East,Female,Undefined,Units,Percentage (%),E12000008,0.4019281372982791
2018,South East,Female,Undefined,Units,Percentage (%),E12000008,0.5190308183896957
2004,South West,,Undefined,Units,Percentage (%),E12000009,0.498208428207209
2005,South West,,Undefined,Units,Percentage (%),E12000009,0.4849900073971216
2006,South West,,Undefined,Units,Percentage (%),E12000009,0.4952754515994482
2007,South West,,Undefined,Units,Percentage (%),E12000009,0.3754154187010216
2008,South West,,Undefined,Units,Percentage (%),E12000009,0.5841094945711162
2009,South West,,Undefined,Units,Percentage (%),E12000009,0.4612337644479324
2010,South West,,Undefined,Units,Percentage (%),E12000009,0.3865646938642873
2011,South West,,Undefined,Units,Percentage (%),E12000009,0.4193607877989104
2012,South West,,Undefined,Units,Percentage (%),E12000009,0.4712713523732361
2013,South West,,Undefined,Units,Percentage (%),E12000009,0.6117693819556591
2014,South West,,Undefined,Units,Percentage (%),E12000009,0.6046655233658288
2015,South West,,Undefined,Units,Percentage (%),E12000009,0.528208736833875
2016,South West,,Undefined,Units,Percentage (%),E12000009,0.5933087829678112
2017,South West,,Undefined,Units,Percentage (%),E12000009,0.5886543044331122
2018,South West,,Undefined,Units,Percentage (%),E12000009,0.4265623437132698
2004,South West,Male,Undefined,Units,Percentage (%),E12000009,0.37346080795578224
2005,South West,Male,Undefined,Units,Percentage (%),E12000009,0.3206617120579796
2006,South West,Male,Undefined,Units,Percentage (%),E12000009,0.34554654746161384
2007,South West,Male,Undefined,Units,Percentage (%),E12000009,0.20840931975109256
2008,South West,Male,Undefined,Units,Percentage (%),E12000009,0.4630297074564334
2009,South West,Male,Undefined,Units,Percentage (%),E12000009,0.3405171698770489
2010,South West,Male,Undefined,Units,Percentage (%),E12000009,0.375046759027772
2011,South West,Male,Undefined,Units,Percentage (%),E12000009,0.2321636263928311
2012,South West,Male,Undefined,Units,Percentage (%),E12000009,0.40393043304004383
2013,South West,Male,Undefined,Units,Percentage (%),E12000009,0.4897020287655478
2014,South West,Male,Undefined,Units,Percentage (%),E12000009,0.5572320741966303
2015,South West,Male,Undefined,Units,Percentage (%),E12000009,0.4607784900923518
2016,South West,Male,Undefined,Units,Percentage (%),E12000009,0.5497474018884042
2017,South West,Male,Undefined,Units,Percentage (%),E12000009,0.5877199061130143
2018,South West,Male,Undefined,Units,Percentage (%),E12000009,0.31447731570754983
2004,South West,Female,Undefined,Units,Percentage (%),E12000009,0.6438171050559703
2005,South West,Female,Undefined,Units,Percentage (%),E12000009,0.6768439382472203
2006,South West,Female,Undefined,Units,Percentage (%),E12000009,0.66710997107611
2007,South West,Female,Undefined,Units,Percentage (%),E12000009,0.5662123613312203
2008,South West,Female,Undefined,Units,Percentage (%),E12000009,0.7221403259861509
2009,South West,Female,Undefined,Units,Percentage (%),E12000009,0.5965984755285554
2010,South West,Female,Undefined,Units,Percentage (%),E12000009,0.39965179528151945
2011,South West,Female,Undefined,Units,Percentage (%),E12000009,0.628460360466486
2012,South West,Female,Undefined,Units,Percentage (%),E12000009,0.5475594890687169
2013,South West,Female,Undefined,Units,Percentage (%),E12000009,0.7482598607888631
2014,South West,Female,Undefined,Units,Percentage (%),E12000009,0.6570357172720315
2015,South West,Female,Undefined,Units,Percentage (%),E12000009,0.6047114884851298
2016,South West,Female,Undefined,Units,Percentage (%),E12000009,0.6418582363400209
2017,South West,Female,Undefined,Units,Percentage (%),E12000009,0.5896909507900733
2018,South West,Female,Undefined,Units,Percentage (%),E12000009,0.5502058050699433
2004,Wales,,Undefined,Units,Percentage (%),W92000004,0.37579705281142267
2005,Wales,,Undefined,Units,Percentage (%),W92000004,0.463717286295218
2006,Wales,,Undefined,Units,Percentage (%),W92000004,0.4420934868547015
2007,Wales,,Undefined,Units,Percentage (%),W92000004,0.400799967953806
2008,Wales,,Undefined,Units,Percentage (%),W92000004,0.4219934356576675
2009,Wales,,Undefined,Units,Percentage (%),W92000004,0.4442289687362957
2010,Wales,,Undefined,Units,Percentage (%),W92000004,0.5344943219924748
2011,Wales,,Undefined,Units,Percentage (%),W92000004,0.4986301411116523
2012,Wales,,Undefined,Units,Percentage (%),W92000004,0.40757913248677097
2013,Wales,,Undefined,Units,Percentage (%),W92000004,0.4425017577538095
2014,Wales,,Undefined,Units,Percentage (%),W92000004,0.5966670095371105
2015,Wales,,Undefined,Units,Percentage (%),W92000004,0.4997579163499077
2016,Wales,,Undefined,Units,Percentage (%),W92000004,0.6543390900524402
2017,Wales,,Undefined,Units,Percentage (%),W92000004,0.7098932867850795
2018,Wales,,Undefined,Units,Percentage (%),W92000004,0.726644239121418
2004,Wales,Male,Undefined,Units,Percentage (%),W92000004,0.30009433975687944
2005,Wales,Male,Undefined,Units,Percentage (%),W92000004,0.33111359852724764
2006,Wales,Male,Undefined,Units,Percentage (%),W92000004,0.2287781837124012
2007,Wales,Male,Undefined,Units,Percentage (%),W92000004,0.28997336242783633
2008,Wales,Male,Undefined,Units,Percentage (%),W92000004,0.27683307441463384
2009,Wales,Male,Undefined,Units,Percentage (%),W92000004,0.3418976184116488
2010,Wales,Male,Undefined,Units,Percentage (%),W92000004,0.4222923081134584
2011,Wales,Male,Undefined,Units,Percentage (%),W92000004,0.4335384052419124
2012,Wales,Male,Undefined,Units,Percentage (%),W92000004,0.34540582005275033
2013,Wales,Male,Undefined,Units,Percentage (%),W92000004,0.3653185700586517
2014,Wales,Male,Undefined,Units,Percentage (%),W92000004,0.4805000739549883
2015,Wales,Male,Undefined,Units,Percentage (%),W92000004,0.41151871491887976
2016,Wales,Male,Undefined,Units,Percentage (%),W92000004,0.5619871260722654
2017,Wales,Male,Undefined,Units,Percentage (%),W92000004,0.6759475975133178
2018,Wales,Male,Undefined,Units,Percentage (%),W92000004,0.7534762298050393
2004,Wales,Female,Undefined,Units,Percentage (%),W92000004,0.4632574991657091
2005,Wales,Female,Undefined,Units,Percentage (%),W92000004,0.6153686200992258
2006,Wales,Female,Undefined,Units,Percentage (%),W92000004,0.6858659802107634
2007,Wales,Female,Undefined,Units,Percentage (%),W92000004,0.528007163307804
2008,Wales,Female,Undefined,Units,Percentage (%),W92000004,0.5851983679275418
2009,Wales,Female,Undefined,Units,Percentage (%),W92000004,0.5575551359190546
2010,Wales,Female,Undefined,Units,Percentage (%),W92000004,0.6589970199649557
2011,Wales,Female,Undefined,Units,Percentage (%),W92000004,0.5710677057235619
2012,Wales,Female,Undefined,Units,Percentage (%),W92000004,0.4774869509138331
2013,Wales,Female,Undefined,Units,Percentage (%),W92000004,0.5272241023726615
2014,Wales,Female,Undefined,Units,Percentage (%),W92000004,0.7245593823667722
2015,Wales,Female,Undefined,Units,Percentage (%),W92000004,0.5975618030895891
2016,Wales,Female,Undefined,Units,Percentage (%),W92000004,0.7553239798776856
2017,Wales,Female,Undefined,Units,Percentage (%),W92000004,0.7473668981058619
2018,Wales,Female,Undefined,Units,Percentage (%),W92000004,0.6968353688451636
2004,Scotland,,Undefined,Units,Percentage (%),S92000003,0.3321365006532855
2005,Scotland,,Undefined,Units,Percentage (%),S92000003,0.2586986926142134
2006,Scotland,,Undefined,Units,Percentage (%),S92000003,0.28845888480963194
2007,Scotland,,Undefined,Units,Percentage (%),S92000003,0.3101189098970292
2008,Scotland,,Undefined,Units,Percentage (%),S92000003,0.3473872963957335
2009,Scotland,,Undefined,Units,Percentage (%),S92000003,0.3648534760771345
2010,Scotland,,Undefined,Units,Percentage (%),S92000003,0.3201657651292338
2011,Scotland,,Undefined,Units,Percentage (%),S92000003,0.3072745606627988
2012,Scotland,,Undefined,Units,Percentage (%),S92000003,0.31653883161068946
2013,Scotland,,Undefined,Units,Percentage (%),S92000003,0.36563708745591855
2014,Scotland,,Undefined,Units,Percentage (%),S92000003,0.42805890353139797
2015,Scotland,,Undefined,Units,Percentage (%),S92000003,0.4050547048408722
2016,Scotland,,Undefined,Units,Percentage (%),S92000003,0.4505807515200071
2017,Scotland,,Undefined,Units,Percentage (%),S92000003,0.3402221562005469
2018,Scotland,,Undefined,Units,Percentage (%),S92000003,0.4723286728367805
2004,Scotland,Male,Undefined,Units,Percentage (%),S92000003,0.25152230995830704
2005,Scotland,Male,Undefined,Units,Percentage (%),S92000003,0.19185503105628893
2006,Scotland,Male,Undefined,Units,Percentage (%),S92000003,0.2399255101586136
2007,Scotland,Male,Undefined,Units,Percentage (%),S92000003,0.221400936626804
2008,Scotland,Male,Undefined,Units,Percentage (%),S92000003,0.2763318022415664
2009,Scotland,Male,Undefined,Units,Percentage (%),S92000003,0.26276569196382005
2010,Scotland,Male,Undefined,Units,Percentage (%),S92000003,0.2575616765718837
2011,Scotland,Male,Undefined,Units,Percentage (%),S92000003,0.2364334017466741
2012,Scotland,Male,Undefined,Units,Percentage (%),S92000003,0.249715914166077
2013,Scotland,Male,Undefined,Units,Percentage (%),S92000003,0.2676403187741561
2014,Scotland,Male,Undefined,Units,Percentage (%),S92000003,0.3575113698601121
2015,Scotland,Male,Undefined,Units,Percentage (%),S92000003,0.3383564056074809
2016,Scotland,Male,Undefined,Units,Percentage (%),S92000003,0.4098968254973408
2017,Scotland,Male,Undefined,Units,Percentage (%),S92000003,0.2653231488551306
2018,Scotland,Male,Undefined,Units,Percentage (%),S92000003,0.3132600461785355
2004,Scotland,Female,Undefined,Units,Percentage (%),S92000003,0.4211295518831781
2005,Scotland,Female,Undefined,Units,Percentage (%),S92000003,0.3314947220423139
2006,Scotland,Female,Undefined,Units,Percentage (%),S92000003,0.3411682153706752
2007,Scotland,Female,Undefined,Units,Percentage (%),S92000003,0.4083949802179774
2008,Scotland,Female,Undefined,Units,Percentage (%),S92000003,0.4261880136493326
2009,Scotland,Female,Undefined,Units,Percentage (%),S92000003,0.474652777200712
2010,Scotland,Female,Undefined,Units,Percentage (%),S92000003,0.3870134916855893
2011,Scotland,Female,Undefined,Units,Percentage (%),S92000003,0.3841515992562852
2012,Scotland,Female,Undefined,Units,Percentage (%),S92000003,0.388569476574058
2013,Scotland,Female,Undefined,Units,Percentage (%),S92000003,0.4699384198651574
2014,Scotland,Female,Undefined,Units,Percentage (%),S92000003,0.5034588032120462
2015,Scotland,Female,Undefined,Units,Percentage (%),S92000003,0.4751131221719457
2016,Scotland,Female,Undefined,Units,Percentage (%),S92000003,0.4941319833226469
2017,Scotland,Female,Undefined,Units,Percentage (%),S92000003,0.4194916179677823
2018,Scotland,Female,Undefined,Units,Percentage (%),S92000003,0.6424248223351448
2004,Northern Ireland,,Undefined,Units,Percentage (%),N92000002,0.4646322175130605
2005,Northern Ireland,,Undefined,Units,Percentage (%),N92000002,0.5475300723223083
2006,Northern Ireland,,Undefined,Units,Percentage (%),N92000002,0.4529732910523391
2007,Northern Ireland,,Undefined,Units,Percentage (%),N92000002,0.3020751579143944
2008,Northern Ireland,,Undefined,Units,Percentage (%),N92000002,0.6218567008335096
2009,Northern Ireland,,Undefined,Units,Percentage (%),N92000002,0.29606249918484995
2010,Northern Ireland,,Undefined,Units,Percentage (%),N92000002,0.3839848464961383
2011,Northern Ireland,,Undefined,Units,Percentage (%),N92000002,0.3212593365994699
2012,Northern Ireland,,Undefined,Units,Percentage (%),N92000002,0.3653389540616134
2013,Northern Ireland,,Undefined,Units,Percentage (%),N92000002,0.447670055306295
2014,Northern Ireland,,Undefined,Units,Percentage (%),N92000002,0.6777923969912749
2015,Northern Ireland,,Undefined,Units,Percentage (%),N92000002,0.7550279489177163
2016,Northern Ireland,,Undefined,Units,Percentage (%),N92000002,0.7003405248540009
2017,Northern Ireland,,Undefined,Units,Percentage (%),N92000002,0.4421474705275037
2018,Northern Ireland,,Undefined,Units,Percentage (%),N92000002,0.38217942504460334
2004,Northern Ireland,Male,Undefined,Units,Percentage (%),N92000002,0.2600201688648093
2005,Northern Ireland,Male,Undefined,Units,Percentage (%),N92000002,0.3063422494204825
2006,Northern Ireland,Male,Undefined,Units,Percentage (%),N92000002,0.3001799640071986
2007,Northern Ireland,Male,Undefined,Units,Percentage (%),N92000002,0.19876551255434632
2008,Northern Ireland,Male,Undefined,Units,Percentage (%),N92000002,0.6049551603587171
2009,Northern Ireland,Male,Undefined,Units,Percentage (%),N92000002,0.3367388957790681
2010,Northern Ireland,Male,Undefined,Units,Percentage (%),N92000002,0.18992323634971872
2011,Northern Ireland,Male,Undefined,Units,Percentage (%),N92000002,0.30581185086266505
2012,Northern Ireland,Male,Undefined,Units,Percentage (%),N92000002,0.2598021173872567
2013,Northern Ireland,Male,Undefined,Units,Percentage (%),N92000002,0.5892273862641703
2014,Northern Ireland,Male,Undefined,Units,Percentage (%),N92000002,0.5513921251688114
2015,Northern Ireland,Male,Undefined,Units,Percentage (%),N92000002,0.7700542538224284
2016,Northern Ireland,Male,Undefined,Units,Percentage (%),N92000002,0.7360209691054583
2017,Northern Ireland,Male,Undefined,Units,Percentage (%),N92000002,0.3037169275839971
2018,Northern Ireland,Male,Undefined,Units,Percentage (%),N92000002,0.2905815016764317
2004,Northern Ireland,Female,Undefined,Units,Percentage (%),N92000002,0.7188235980483371
2005,Northern Ireland,Female,Undefined,Units,Percentage (%),N92000002,0.8429630461310271
2006,Northern Ireland,Female,Undefined,Units,Percentage (%),N92000002,0.6359652273870249
2007,Northern Ireland,Female,Undefined,Units,Percentage (%),N92000002,0.4243990894710444
2008,Northern Ireland,Female,Undefined,Units,Percentage (%),N92000002,0.6415981776317407
2009,Northern Ireland,Female,Undefined,Units,Percentage (%),N92000002,0.2492120912767349
2010,Northern Ireland,Female,Undefined,Units,Percentage (%),N92000002,0.6068850346850696
2011,Northern Ireland,Female,Undefined,Units,Percentage (%),N92000002,0.33854852307209515
2012,Northern Ireland,Female,Undefined,Units,Percentage (%),N92000002,0.4809580156594659
2013,Northern Ireland,Female,Undefined,Units,Percentage (%),N92000002,0.2903144149940408
2014,Northern Ireland,Female,Undefined,Units,Percentage (%),N92000002,0.8207097345879574
2015,Northern Ireland,Female,Undefined,Units,Percentage (%),N92000002,0.7377567388226197
2016,Northern Ireland,Female,Undefined,Units,Percentage (%),N92000002,0.6591648170133692
2017,Northern Ireland,Female,Undefined,Units,Percentage (%),N92000002,0.5948593647427157
2018,Northern Ireland,Female,Undefined,Units,Percentage (%),N92000002,0.4823190809772762
