Year,Series,Product,Units,Unit multiplier,Observation status,Value
2013,Tourism direct GDP as a percentage of GDP (%),Accommodation services for visitors,Percentage (%),Units,Undefined,0.209869318473
2013,Tourism direct GDP as a percentage of GDP (%),Food and beverage serving activities,Percentage (%),Units,Undefined,1.253655755777163
2013,Tourism direct GDP as a percentage of GDP (%),Railway passenger transport services,Percentage (%),Units,Undefined,0.1043295988198192
2013,Tourism direct GDP as a percentage of GDP (%),Road passenger transport services,Percentage (%),Units,Undefined,0.1055930093737775
2013,Tourism direct GDP as a percentage of GDP (%),Water passenger transport services,Percentage (%),Units,Undefined,0.0589345736879996
2013,Tourism direct GDP as a percentage of GDP (%),Air passenger transport services,Percentage (%),Units,Undefined,-0.032738721371847
2013,Tourism direct GDP as a percentage of GDP (%),Transport equipment rental services,Percentage (%),Units,Undefined,0.0337320944977067
2013,Tourism direct GDP as a percentage of GDP (%),Travel agencies and other reservation services,Percentage (%),Units,Undefined,0.0274618737798203
2013,Tourism direct GDP as a percentage of GDP (%),Cultural activities,Percentage (%),Units,Undefined,0.1760177482608781
2013,Tourism direct GDP as a percentage of GDP (%),Sport and recreation activities,Percentage (%),Units,Undefined,0.1477436365085438
2013,Tourism direct GDP as a percentage of GDP (%),Exhibitions & Conferences etc.,Percentage (%),Units,Undefined,0.0318545972993735
2013,Tourism direct GDP as a percentage of GDP (%),Other consumption products,Percentage (%),Units,Undefined,2.405952934173854
2013,Tourism direct GDP as a percentage of GDP (%),,Percentage (%),Units,Undefined,6.289938950045333
2014,Tourism direct GDP as a percentage of GDP (%),Accommodation services for visitors,Percentage (%),Units,Undefined,0.2555457862049741
2014,Tourism direct GDP as a percentage of GDP (%),Food and beverage serving activities,Percentage (%),Units,Undefined,1.2043809260335796
2014,Tourism direct GDP as a percentage of GDP (%),Railway passenger transport services,Percentage (%),Units,Undefined,0.1081873352612255
2014,Tourism direct GDP as a percentage of GDP (%),Road passenger transport services,Percentage (%),Units,Undefined,0.1001055491874341
2014,Tourism direct GDP as a percentage of GDP (%),Water passenger transport services,Percentage (%),Units,Undefined,0.042064879372735
2014,Tourism direct GDP as a percentage of GDP (%),Air passenger transport services,Percentage (%),Units,Undefined,0.0350139778354112
2014,Tourism direct GDP as a percentage of GDP (%),Transport equipment rental services,Percentage (%),Units,Undefined,0.0326016547006521
2014,Tourism direct GDP as a percentage of GDP (%),Travel agencies and other reservation services,Percentage (%),Units,Undefined,0.0359972134252811
2014,Tourism direct GDP as a percentage of GDP (%),Cultural activities,Percentage (%),Units,Undefined,0.156781490330829
2014,Tourism direct GDP as a percentage of GDP (%),Sport and recreation activities,Percentage (%),Units,Undefined,0.1959796201308336
2014,Tourism direct GDP as a percentage of GDP (%),Exhibitions & Conferences etc.,Percentage (%),Units,Undefined,0.0137208495350154
2014,Tourism direct GDP as a percentage of GDP (%),Other consumption products,Percentage (%),Units,Undefined,2.226834323110427
2014,Tourism direct GDP as a percentage of GDP (%),,Percentage (%),Units,Undefined,5.935326605282326
2015,Tourism direct GDP as a percentage of GDP (%),Accommodation services for visitors,Percentage (%),Units,Undefined,0.2332125218009466
2015,Tourism direct GDP as a percentage of GDP (%),Food and beverage serving activities,Percentage (%),Units,Undefined,1.2935812805916835
2015,Tourism direct GDP as a percentage of GDP (%),Railway passenger transport services,Percentage (%),Units,Undefined,0.1102963579057132
2015,Tourism direct GDP as a percentage of GDP (%),Road passenger transport services,Percentage (%),Units,Undefined,0.1091260131388536
2015,Tourism direct GDP as a percentage of GDP (%),Water passenger transport services,Percentage (%),Units,Undefined,0.0337113407014924
2015,Tourism direct GDP as a percentage of GDP (%),Air passenger transport services,Percentage (%),Units,Undefined,0.0241810566291425
2015,Tourism direct GDP as a percentage of GDP (%),Transport equipment rental services,Percentage (%),Units,Undefined,0.0338469393511682
2015,Tourism direct GDP as a percentage of GDP (%),Travel agencies and other reservation services,Percentage (%),Units,Undefined,0.0269506302789674
2015,Tourism direct GDP as a percentage of GDP (%),Cultural activities,Percentage (%),Units,Undefined,0.1718963170026838
2015,Tourism direct GDP as a percentage of GDP (%),Sport and recreation activities,Percentage (%),Units,Undefined,0.2119284060277621
2015,Tourism direct GDP as a percentage of GDP (%),Exhibitions & Conferences etc.,Percentage (%),Units,Undefined,0.0139755148148905
2015,Tourism direct GDP as a percentage of GDP (%),Other consumption products,Percentage (%),Units,Undefined,2.524914059846391
2015,Tourism direct GDP as a percentage of GDP (%),,Percentage (%),Units,Undefined,6.476358509199816
2016,Tourism direct GDP as a percentage of GDP (%),Accommodation services for visitors,Percentage (%),Units,Undefined,0.2799627211971472
2016,Tourism direct GDP as a percentage of GDP (%),Food and beverage serving activities,Percentage (%),Units,Undefined,1.2839292471888035
2016,Tourism direct GDP as a percentage of GDP (%),Railway passenger transport services,Percentage (%),Units,Undefined,0.1141810138751021
2016,Tourism direct GDP as a percentage of GDP (%),Road passenger transport services,Percentage (%),Units,Undefined,0.0749530608619889
2016,Tourism direct GDP as a percentage of GDP (%),Water passenger transport services,Percentage (%),Units,Undefined,0.0466707072696661
2016,Tourism direct GDP as a percentage of GDP (%),Air passenger transport services,Percentage (%),Units,Undefined,0.0031916881766217
2016,Tourism direct GDP as a percentage of GDP (%),Transport equipment rental services,Percentage (%),Units,Undefined,0.0660947604956769
2016,Tourism direct GDP as a percentage of GDP (%),Travel agencies and other reservation services,Percentage (%),Units,Undefined,0.003818687754005
2016,Tourism direct GDP as a percentage of GDP (%),Cultural activities,Percentage (%),Units,Undefined,0.2301755288028464
2016,Tourism direct GDP as a percentage of GDP (%),Sport and recreation activities,Percentage (%),Units,Undefined,0.1633798515687661
2016,Tourism direct GDP as a percentage of GDP (%),Exhibitions & Conferences etc.,Percentage (%),Units,Undefined,0.0243265786659804
2016,Tourism direct GDP as a percentage of GDP (%),Other consumption products,Percentage (%),Units,Undefined,2.400535704796326
2016,Tourism direct GDP as a percentage of GDP (%),,Percentage (%),Units,Undefined,6.410049602715266
2014,Tourism direct GDP growth rate (%),Accommodation services for visitors,Percentage change (%),Units,Undefined,25.353319405742127
2014,Tourism direct GDP growth rate (%),Food and beverage serving activities,Percentage change (%),Units,Undefined,-1.0987827519575464
2014,Tourism direct GDP growth rate (%),Railway passenger transport services,Percentage change (%),Units,Undefined,6.754195823111144
2014,Tourism direct GDP growth rate (%),Road passenger transport services,Percentage change (%),Units,Undefined,-2.4024193512609906
2014,Tourism direct GDP growth rate (%),Water passenger transport services,Percentage change (%),Units,Undefined,-26.52060559180401
2014,Tourism direct GDP growth rate (%),Air passenger transport services,Percentage change (%),Units,Undefined,-210.10215148620577
2014,Tourism direct GDP growth rate (%),Transport equipment rental services,Percentage change (%),Units,Undefined,-0.5024465856432256
2014,Tourism direct GDP growth rate (%),Travel agencies and other reservation services,Percentage change (%),Units,Undefined,34.94437403191682
2014,Tourism direct GDP growth rate (%),Cultural activities,Percentage change (%),Units,Undefined,-8.30315475546005
2014,Tourism direct GDP growth rate (%),Sport and recreation activities,Percentage change (%),Units,Undefined,36.558329033988926
2014,Tourism direct GDP growth rate (%),Exhibitions & Conferences etc.,Percentage change (%),Units,Undefined,-55.65701248005483
2014,Tourism direct GDP growth rate (%),Other consumption products,Percentage change (%),Units,Undefined,-4.716687654494971
2014,Tourism direct GDP growth rate (%),,Percentage change (%),Units,Undefined,-2.856385485551255
2015,Tourism direct GDP growth rate (%),Accommodation services for visitors,Percentage change (%),Units,Undefined,-6.595614974029607
2015,Tourism direct GDP growth rate (%),Food and beverage serving activities,Percentage change (%),Units,Undefined,9.929430410116597
2015,Tourism direct GDP growth rate (%),Railway passenger transport services,Percentage change (%),Units,Undefined,4.344334206975788
2015,Tourism direct GDP growth rate (%),Road passenger transport services,Percentage change (%),Units,Undefined,11.571753993529011
2015,Tourism direct GDP growth rate (%),Water passenger transport services,Percentage change (%),Units,Undefined,-17.976083684920066
2015,Tourism direct GDP growth rate (%),Air passenger transport services,Percentage change (%),Units,Undefined,-29.3165162974808
2015,Tourism direct GDP growth rate (%),Transport equipment rental services,Percentage change (%),Units,Undefined,6.258549761157001
2015,Tourism direct GDP growth rate (%),Travel agencies and other reservation services,Percentage change (%),Units,Undefined,-23.37258630594373
2015,Tourism direct GDP growth rate (%),Cultural activities,Percentage change (%),Units,Undefined,12.216290338854296
2015,Tourism direct GDP growth rate (%),Sport and recreation activities,Percentage change (%),Units,Undefined,10.67827570730728
2015,Tourism direct GDP growth rate (%),Exhibitions & Conferences etc.,Percentage change (%),Units,Undefined,4.248769493689477
2015,Tourism direct GDP growth rate (%),Other consumption products,Percentage change (%),Units,Undefined,16.049378352423936
2015,Tourism direct GDP growth rate (%),,Percentage change (%),Units,Undefined,11.678708808907023
2016,Tourism direct GDP growth rate (%),Accommodation services for visitors,Percentage change (%),Units,Undefined,22.194151593896777
2016,Tourism direct GDP growth rate (%),Food and beverage serving activities,Percentage change (%),Units,Undefined,1.0297897198449537
2016,Tourism direct GDP growth rate (%),Railway passenger transport services,Percentage change (%),Units,Undefined,5.374324245500413
2016,Tourism direct GDP growth rate (%),Road passenger transport services,Percentage change (%),Units,Undefined,-30.086158847617533
2016,Tourism direct GDP growth rate (%),Water passenger transport services,Percentage change (%),Units,Undefined,40.91928696630493
2016,Tourism direct GDP growth rate (%),Air passenger transport services,Percentage change (%),Units,Undefined,-86.56470334973878
2016,Tourism direct GDP growth rate (%),Transport equipment rental services,Percentage change (%),Units,Undefined,98.76948356658558
2016,Tourism direct GDP growth rate (%),Travel agencies and other reservation services,Percentage change (%),Units,Undefined,-85.57727570453619
2016,Tourism direct GDP growth rate (%),Cultural activities,Percentage change (%),Units,Undefined,36.29962382428019
2016,Tourism direct GDP growth rate (%),Sport and recreation activities,Percentage change (%),Units,Undefined,-21.52859928219409
2016,Tourism direct GDP growth rate (%),Exhibitions & Conferences etc.,Percentage change (%),Units,Undefined,77.18024493469052
2016,Tourism direct GDP growth rate (%),Other consumption products,Percentage change (%),Units,Undefined,-3.22489557769191
2016,Tourism direct GDP growth rate (%),,Percentage change (%),Units,Undefined,0.7471078726985275
