Year,Industry sector,Observation status,Unit multiplier,Unit measure,Value
1990,"Agriculture, forestry and fishing",Normal value,Thousands,Tonnes per million GBP (£),0.95
1990,Mining and quarrying,Normal value,Thousands,Tonnes per million GBP (£),0.47
1990,Manufacturing,Normal value,Thousands,Tonnes per million GBP (£),1.09
1990,"Electricity, gas, steam and air conditioning supply",Normal value,Thousands,Tonnes per million GBP (£),11.51
1990,"Water supply; sewerage, waste management and remediation activities",Normal value,Thousands,Tonnes per million GBP (£),0.17
1990,Construction,Normal value,Thousands,Tonnes per million GBP (£),0.07
1990,Wholesale and retail trade; repair of motor vehicles and motorcycles,Normal value,Thousands,Tonnes per million GBP (£),0.08
1990,Transport and storage,Normal value,Thousands,Tonnes per million GBP (£),1.38
1990,Accommodation and food services,Normal value,Thousands,Tonnes per million GBP (£),0.06
1990,Information and communication,Normal value,Thousands,Tonnes per million GBP (£),0.11
1990,Financial and insurance activities,Normal value,Thousands,Tonnes per million GBP (£),0.0
1990,Real estate activities,Normal value,Thousands,Tonnes per million GBP (£),0.0
1990,"Professional, scientific and technical activities",Normal value,Thousands,Tonnes per million GBP (£),0.03
1990,Administrative and support service activities,Normal value,Thousands,Tonnes per million GBP (£),0.06
1990,Public administration and defence; compulsory social security,Normal value,Thousands,Tonnes per million GBP (£),0.13
1990,Education,Normal value,Thousands,Tonnes per million GBP (£),0.05
1990,Human health and social work activities,Normal value,Thousands,Tonnes per million GBP (£),0.06
1990,"Arts, entertainment and recreation",Normal value,Thousands,Tonnes per million GBP (£),0.08
1990,Other service activities,Normal value,Thousands,Tonnes per million GBP (£),0.04
1990,Activities of households as employers; undifferentiated goods and services-producing activities of households for own use,Normal value,Thousands,Tonnes per million GBP (£),0.02
1991,"Agriculture, forestry and fishing",Normal value,Thousands,Tonnes per million GBP (£),0.91
1991,Mining and quarrying,Normal value,Thousands,Tonnes per million GBP (£),0.44
1991,Manufacturing,Normal value,Thousands,Tonnes per million GBP (£),1.15
1991,"Electricity, gas, steam and air conditioning supply",Normal value,Thousands,Tonnes per million GBP (£),10.67
1991,"Water supply; sewerage, waste management and remediation activities",Normal value,Thousands,Tonnes per million GBP (£),0.2
1991,Construction,Normal value,Thousands,Tonnes per million GBP (£),0.07
1991,Wholesale and retail trade; repair of motor vehicles and motorcycles,Normal value,Thousands,Tonnes per million GBP (£),0.08
1991,Transport and storage,Normal value,Thousands,Tonnes per million GBP (£),1.42
1991,Accommodation and food services,Normal value,Thousands,Tonnes per million GBP (£),0.07
1991,Information and communication,Normal value,Thousands,Tonnes per million GBP (£),0.12
1991,Financial and insurance activities,Normal value,Thousands,Tonnes per million GBP (£),0.0
1991,Real estate activities,Normal value,Thousands,Tonnes per million GBP (£),0.01
1991,"Professional, scientific and technical activities",Normal value,Thousands,Tonnes per million GBP (£),0.03
1991,Administrative and support service activities,Normal value,Thousands,Tonnes per million GBP (£),0.06
1991,Public administration and defence; compulsory social security,Normal value,Thousands,Tonnes per million GBP (£),0.12
1991,Education,Normal value,Thousands,Tonnes per million GBP (£),0.06
1991,Human health and social work activities,Normal value,Thousands,Tonnes per million GBP (£),0.06
1991,"Arts, entertainment and recreation",Normal value,Thousands,Tonnes per million GBP (£),0.09
1991,Other service activities,Normal value,Thousands,Tonnes per million GBP (£),0.04
1991,Activities of households as employers; undifferentiated goods and services-producing activities of households for own use,Normal value,Thousands,Tonnes per million GBP (£),0.02
1992,"Agriculture, forestry and fishing",Normal value,Thousands,Tonnes per million GBP (£),0.89
1992,Mining and quarrying,Normal value,Thousands,Tonnes per million GBP (£),0.44
1992,Manufacturing,Normal value,Thousands,Tonnes per million GBP (£),1.13
1992,"Electricity, gas, steam and air conditioning supply",Normal value,Thousands,Tonnes per million GBP (£),9.8
1992,"Water supply; sewerage, waste management and remediation activities",Normal value,Thousands,Tonnes per million GBP (£),0.2
1992,Construction,Normal value,Thousands,Tonnes per million GBP (£),0.08
1992,Wholesale and retail trade; repair of motor vehicles and motorcycles,Normal value,Thousands,Tonnes per million GBP (£),0.08
1992,Transport and storage,Normal value,Thousands,Tonnes per million GBP (£),1.41
1992,Accommodation and food services,Normal value,Thousands,Tonnes per million GBP (£),0.07
1992,Information and communication,Normal value,Thousands,Tonnes per million GBP (£),0.11
1992,Financial and insurance activities,Normal value,Thousands,Tonnes per million GBP (£),0.0
1992,Real estate activities,Normal value,Thousands,Tonnes per million GBP (£),0.01
1992,"Professional, scientific and technical activities",Normal value,Thousands,Tonnes per million GBP (£),0.03
1992,Administrative and support service activities,Normal value,Thousands,Tonnes per million GBP (£),0.06
1992,Public administration and defence; compulsory social security,Normal value,Thousands,Tonnes per million GBP (£),0.12
1992,Education,Normal value,Thousands,Tonnes per million GBP (£),0.05
1992,Human health and social work activities,Normal value,Thousands,Tonnes per million GBP (£),0.06
1992,"Arts, entertainment and recreation",Normal value,Thousands,Tonnes per million GBP (£),0.08
1992,Other service activities,Normal value,Thousands,Tonnes per million GBP (£),0.04
1992,Activities of households as employers; undifferentiated goods and services-producing activities of households for own use,Normal value,Thousands,Tonnes per million GBP (£),0.02
1993,"Agriculture, forestry and fishing",Normal value,Thousands,Tonnes per million GBP (£),0.94
1993,Mining and quarrying,Normal value,Thousands,Tonnes per million GBP (£),0.44
1993,Manufacturing,Normal value,Thousands,Tonnes per million GBP (£),1.09
1993,"Electricity, gas, steam and air conditioning supply",Normal value,Thousands,Tonnes per million GBP (£),8.48
1993,"Water supply; sewerage, waste management and remediation activities",Normal value,Thousands,Tonnes per million GBP (£),0.18
1993,Construction,Normal value,Thousands,Tonnes per million GBP (£),0.08
1993,Wholesale and retail trade; repair of motor vehicles and motorcycles,Normal value,Thousands,Tonnes per million GBP (£),0.07
1993,Transport and storage,Normal value,Thousands,Tonnes per million GBP (£),1.39
1993,Accommodation and food services,Normal value,Thousands,Tonnes per million GBP (£),0.08
1993,Information and communication,Normal value,Thousands,Tonnes per million GBP (£),0.12
1993,Financial and insurance activities,Normal value,Thousands,Tonnes per million GBP (£),0.0
1993,Real estate activities,Normal value,Thousands,Tonnes per million GBP (£),0.01
1993,"Professional, scientific and technical activities",Normal value,Thousands,Tonnes per million GBP (£),0.03
1993,Administrative and support service activities,Normal value,Thousands,Tonnes per million GBP (£),0.06
1993,Public administration and defence; compulsory social security,Normal value,Thousands,Tonnes per million GBP (£),0.12
1993,Education,Normal value,Thousands,Tonnes per million GBP (£),0.05
1993,Human health and social work activities,Normal value,Thousands,Tonnes per million GBP (£),0.06
1993,"Arts, entertainment and recreation",Normal value,Thousands,Tonnes per million GBP (£),0.08
1993,Other service activities,Normal value,Thousands,Tonnes per million GBP (£),0.04
1993,Activities of households as employers; undifferentiated goods and services-producing activities of households for own use,Normal value,Thousands,Tonnes per million GBP (£),0.02
1994,"Agriculture, forestry and fishing",Normal value,Thousands,Tonnes per million GBP (£),1.03
1994,Mining and quarrying,Normal value,Thousands,Tonnes per million GBP (£),0.4
1994,Manufacturing,Normal value,Thousands,Tonnes per million GBP (£),1.06
1994,"Electricity, gas, steam and air conditioning supply",Normal value,Thousands,Tonnes per million GBP (£),8.56
1994,"Water supply; sewerage, waste management and remediation activities",Normal value,Thousands,Tonnes per million GBP (£),0.16
1994,Construction,Normal value,Thousands,Tonnes per million GBP (£),0.09
1994,Wholesale and retail trade; repair of motor vehicles and motorcycles,Normal value,Thousands,Tonnes per million GBP (£),0.07
1994,Transport and storage,Normal value,Thousands,Tonnes per million GBP (£),1.33
1994,Accommodation and food services,Normal value,Thousands,Tonnes per million GBP (£),0.07
1994,Information and communication,Normal value,Thousands,Tonnes per million GBP (£),0.11
1994,Financial and insurance activities,Normal value,Thousands,Tonnes per million GBP (£),0.0
1994,Real estate activities,Normal value,Thousands,Tonnes per million GBP (£),0.0
1994,"Professional, scientific and technical activities",Normal value,Thousands,Tonnes per million GBP (£),0.03
1994,Administrative and support service activities,Normal value,Thousands,Tonnes per million GBP (£),0.06
1994,Public administration and defence; compulsory social security,Normal value,Thousands,Tonnes per million GBP (£),0.12
1994,Education,Normal value,Thousands,Tonnes per million GBP (£),0.04
1994,Human health and social work activities,Normal value,Thousands,Tonnes per million GBP (£),0.06
1994,"Arts, entertainment and recreation",Normal value,Thousands,Tonnes per million GBP (£),0.07
1994,Other service activities,Normal value,Thousands,Tonnes per million GBP (£),0.04
1994,Activities of households as employers; undifferentiated goods and services-producing activities of households for own use,Normal value,Thousands,Tonnes per million GBP (£),0.02
1995,"Agriculture, forestry and fishing",Normal value,Thousands,Tonnes per million GBP (£),1.06
1995,Mining and quarrying,Normal value,Thousands,Tonnes per million GBP (£),0.4
1995,Manufacturing,Normal value,Thousands,Tonnes per million GBP (£),1.03
1995,"Electricity, gas, steam and air conditioning supply",Normal value,Thousands,Tonnes per million GBP (£),8.23
1995,"Water supply; sewerage, waste management and remediation activities",Normal value,Thousands,Tonnes per million GBP (£),0.15
1995,Construction,Normal value,Thousands,Tonnes per million GBP (£),0.09
1995,Wholesale and retail trade; repair of motor vehicles and motorcycles,Normal value,Thousands,Tonnes per million GBP (£),0.07
1995,Transport and storage,Normal value,Thousands,Tonnes per million GBP (£),1.31
1995,Accommodation and food services,Normal value,Thousands,Tonnes per million GBP (£),0.07
1995,Information and communication,Normal value,Thousands,Tonnes per million GBP (£),0.11
1995,Financial and insurance activities,Normal value,Thousands,Tonnes per million GBP (£),0.0
1995,Real estate activities,Normal value,Thousands,Tonnes per million GBP (£),0.0
1995,"Professional, scientific and technical activities",Normal value,Thousands,Tonnes per million GBP (£),0.03
1995,Administrative and support service activities,Normal value,Thousands,Tonnes per million GBP (£),0.06
1995,Public administration and defence; compulsory social security,Normal value,Thousands,Tonnes per million GBP (£),0.12
1995,Education,Normal value,Thousands,Tonnes per million GBP (£),0.04
1995,Human health and social work activities,Normal value,Thousands,Tonnes per million GBP (£),0.05
1995,"Arts, entertainment and recreation",Normal value,Thousands,Tonnes per million GBP (£),0.07
1995,Other service activities,Normal value,Thousands,Tonnes per million GBP (£),0.04
1995,Activities of households as employers; undifferentiated goods and services-producing activities of households for own use,Normal value,Thousands,Tonnes per million GBP (£),0.02
1996,"Agriculture, forestry and fishing",Normal value,Thousands,Tonnes per million GBP (£),1.13
1996,Mining and quarrying,Normal value,Thousands,Tonnes per million GBP (£),0.4
1996,Manufacturing,Normal value,Thousands,Tonnes per million GBP (£),1.03
1996,"Electricity, gas, steam and air conditioning supply",Normal value,Thousands,Tonnes per million GBP (£),7.72
1996,"Water supply; sewerage, waste management and remediation activities",Normal value,Thousands,Tonnes per million GBP (£),0.16
1996,Construction,Normal value,Thousands,Tonnes per million GBP (£),0.09
1996,Wholesale and retail trade; repair of motor vehicles and motorcycles,Normal value,Thousands,Tonnes per million GBP (£),0.07
1996,Transport and storage,Normal value,Thousands,Tonnes per million GBP (£),1.34
1996,Accommodation and food services,Normal value,Thousands,Tonnes per million GBP (£),0.08
1996,Information and communication,Normal value,Thousands,Tonnes per million GBP (£),0.11
1996,Financial and insurance activities,Normal value,Thousands,Tonnes per million GBP (£),0.0
1996,Real estate activities,Normal value,Thousands,Tonnes per million GBP (£),0.0
1996,"Professional, scientific and technical activities",Normal value,Thousands,Tonnes per million GBP (£),0.03
1996,Administrative and support service activities,Normal value,Thousands,Tonnes per million GBP (£),0.06
1996,Public administration and defence; compulsory social security,Normal value,Thousands,Tonnes per million GBP (£),0.13
1996,Education,Normal value,Thousands,Tonnes per million GBP (£),0.05
1996,Human health and social work activities,Normal value,Thousands,Tonnes per million GBP (£),0.06
1996,"Arts, entertainment and recreation",Normal value,Thousands,Tonnes per million GBP (£),0.07
1996,Other service activities,Normal value,Thousands,Tonnes per million GBP (£),0.04
1996,Activities of households as employers; undifferentiated goods and services-producing activities of households for own use,Normal value,Thousands,Tonnes per million GBP (£),0.02
1997,"Agriculture, forestry and fishing",Normal value,Thousands,Tonnes per million GBP (£),1.01
1997,Mining and quarrying,Normal value,Thousands,Tonnes per million GBP (£),0.35
1997,Manufacturing,Normal value,Thousands,Tonnes per million GBP (£),0.99
1997,"Electricity, gas, steam and air conditioning supply",Normal value,Thousands,Tonnes per million GBP (£),6.9
1997,"Water supply; sewerage, waste management and remediation activities",Normal value,Thousands,Tonnes per million GBP (£),0.12
1997,Construction,Normal value,Thousands,Tonnes per million GBP (£),0.09
1997,Wholesale and retail trade; repair of motor vehicles and motorcycles,Normal value,Thousands,Tonnes per million GBP (£),0.07
1997,Transport and storage,Normal value,Thousands,Tonnes per million GBP (£),1.38
1997,Accommodation and food services,Normal value,Thousands,Tonnes per million GBP (£),0.07
1997,Information and communication,Normal value,Thousands,Tonnes per million GBP (£),0.1
1997,Financial and insurance activities,Normal value,Thousands,Tonnes per million GBP (£),0.0
1997,Real estate activities,Normal value,Thousands,Tonnes per million GBP (£),0.0
1997,"Professional, scientific and technical activities",Normal value,Thousands,Tonnes per million GBP (£),0.03
1997,Administrative and support service activities,Normal value,Thousands,Tonnes per million GBP (£),0.05
1997,Public administration and defence; compulsory social security,Normal value,Thousands,Tonnes per million GBP (£),0.12
1997,Education,Normal value,Thousands,Tonnes per million GBP (£),0.05
1997,Human health and social work activities,Normal value,Thousands,Tonnes per million GBP (£),0.05
1997,"Arts, entertainment and recreation",Normal value,Thousands,Tonnes per million GBP (£),0.06
1997,Other service activities,Normal value,Thousands,Tonnes per million GBP (£),0.04
1997,Activities of households as employers; undifferentiated goods and services-producing activities of households for own use,Normal value,Thousands,Tonnes per million GBP (£),0.02
1998,"Agriculture, forestry and fishing",Normal value,Thousands,Tonnes per million GBP (£),0.91
1998,Mining and quarrying,Normal value,Thousands,Tonnes per million GBP (£),0.37
1998,Manufacturing,Normal value,Thousands,Tonnes per million GBP (£),0.93
1998,"Electricity, gas, steam and air conditioning supply",Normal value,Thousands,Tonnes per million GBP (£),6.24
1998,"Water supply; sewerage, waste management and remediation activities",Normal value,Thousands,Tonnes per million GBP (£),0.19
1998,Construction,Normal value,Thousands,Tonnes per million GBP (£),0.09
1998,Wholesale and retail trade; repair of motor vehicles and motorcycles,Normal value,Thousands,Tonnes per million GBP (£),0.07
1998,Transport and storage,Normal value,Thousands,Tonnes per million GBP (£),1.34
1998,Accommodation and food services,Normal value,Thousands,Tonnes per million GBP (£),0.08
1998,Information and communication,Normal value,Thousands,Tonnes per million GBP (£),0.08
1998,Financial and insurance activities,Normal value,Thousands,Tonnes per million GBP (£),0.0
1998,Real estate activities,Normal value,Thousands,Tonnes per million GBP (£),0.0
1998,"Professional, scientific and technical activities",Normal value,Thousands,Tonnes per million GBP (£),0.03
1998,Administrative and support service activities,Normal value,Thousands,Tonnes per million GBP (£),0.05
1998,Public administration and defence; compulsory social security,Normal value,Thousands,Tonnes per million GBP (£),0.12
1998,Education,Normal value,Thousands,Tonnes per million GBP (£),0.05
1998,Human health and social work activities,Normal value,Thousands,Tonnes per million GBP (£),0.05
1998,"Arts, entertainment and recreation",Normal value,Thousands,Tonnes per million GBP (£),0.07
1998,Other service activities,Normal value,Thousands,Tonnes per million GBP (£),0.04
1998,Activities of households as employers; undifferentiated goods and services-producing activities of households for own use,Normal value,Thousands,Tonnes per million GBP (£),0.02
1999,"Agriculture, forestry and fishing",Normal value,Thousands,Tonnes per million GBP (£),0.81
1999,Mining and quarrying,Normal value,Thousands,Tonnes per million GBP (£),0.35
1999,Manufacturing,Normal value,Thousands,Tonnes per million GBP (£),0.9
1999,"Electricity, gas, steam and air conditioning supply",Normal value,Thousands,Tonnes per million GBP (£),5.11
1999,"Water supply; sewerage, waste management and remediation activities",Normal value,Thousands,Tonnes per million GBP (£),0.14
1999,Construction,Normal value,Thousands,Tonnes per million GBP (£),0.09
1999,Wholesale and retail trade; repair of motor vehicles and motorcycles,Normal value,Thousands,Tonnes per million GBP (£),0.08
1999,Transport and storage,Normal value,Thousands,Tonnes per million GBP (£),1.24
1999,Accommodation and food services,Normal value,Thousands,Tonnes per million GBP (£),0.08
1999,Information and communication,Normal value,Thousands,Tonnes per million GBP (£),0.07
1999,Financial and insurance activities,Normal value,Thousands,Tonnes per million GBP (£),0.0
1999,Real estate activities,Normal value,Thousands,Tonnes per million GBP (£),0.0
1999,"Professional, scientific and technical activities",Normal value,Thousands,Tonnes per million GBP (£),0.03
1999,Administrative and support service activities,Normal value,Thousands,Tonnes per million GBP (£),0.05
1999,Public administration and defence; compulsory social security,Normal value,Thousands,Tonnes per million GBP (£),0.12
1999,Education,Normal value,Thousands,Tonnes per million GBP (£),0.04
1999,Human health and social work activities,Normal value,Thousands,Tonnes per million GBP (£),0.05
1999,"Arts, entertainment and recreation",Normal value,Thousands,Tonnes per million GBP (£),0.07
1999,Other service activities,Normal value,Thousands,Tonnes per million GBP (£),0.04
1999,Activities of households as employers; undifferentiated goods and services-producing activities of households for own use,Normal value,Thousands,Tonnes per million GBP (£),0.02
2000,"Agriculture, forestry and fishing",Normal value,Thousands,Tonnes per million GBP (£),0.67
2000,Mining and quarrying,Normal value,Thousands,Tonnes per million GBP (£),0.38
2000,Manufacturing,Normal value,Thousands,Tonnes per million GBP (£),0.84
2000,"Electricity, gas, steam and air conditioning supply",Normal value,Thousands,Tonnes per million GBP (£),5.97
2000,"Water supply; sewerage, waste management and remediation activities",Normal value,Thousands,Tonnes per million GBP (£),0.14
2000,Construction,Normal value,Thousands,Tonnes per million GBP (£),0.09
2000,Wholesale and retail trade; repair of motor vehicles and motorcycles,Normal value,Thousands,Tonnes per million GBP (£),0.07
2000,Transport and storage,Normal value,Thousands,Tonnes per million GBP (£),1.25
2000,Accommodation and food services,Normal value,Thousands,Tonnes per million GBP (£),0.08
2000,Information and communication,Normal value,Thousands,Tonnes per million GBP (£),0.06
2000,Financial and insurance activities,Normal value,Thousands,Tonnes per million GBP (£),0.0
2000,Real estate activities,Normal value,Thousands,Tonnes per million GBP (£),0.01
2000,"Professional, scientific and technical activities",Normal value,Thousands,Tonnes per million GBP (£),0.03
2000,Administrative and support service activities,Normal value,Thousands,Tonnes per million GBP (£),0.05
2000,Public administration and defence; compulsory social security,Normal value,Thousands,Tonnes per million GBP (£),0.12
2000,Education,Normal value,Thousands,Tonnes per million GBP (£),0.04
2000,Human health and social work activities,Normal value,Thousands,Tonnes per million GBP (£),0.04
2000,"Arts, entertainment and recreation",Normal value,Thousands,Tonnes per million GBP (£),0.06
2000,Other service activities,Normal value,Thousands,Tonnes per million GBP (£),0.04
2000,Activities of households as employers; undifferentiated goods and services-producing activities of households for own use,Normal value,Thousands,Tonnes per million GBP (£),0.02
2001,"Agriculture, forestry and fishing",Normal value,Thousands,Tonnes per million GBP (£),0.65
2001,Mining and quarrying,Normal value,Thousands,Tonnes per million GBP (£),0.42
2001,Manufacturing,Normal value,Thousands,Tonnes per million GBP (£),0.79
2001,"Electricity, gas, steam and air conditioning supply",Normal value,Thousands,Tonnes per million GBP (£),5.22
2001,"Water supply; sewerage, waste management and remediation activities",Normal value,Thousands,Tonnes per million GBP (£),0.14
2001,Construction,Normal value,Thousands,Tonnes per million GBP (£),0.09
2001,Wholesale and retail trade; repair of motor vehicles and motorcycles,Normal value,Thousands,Tonnes per million GBP (£),0.07
2001,Transport and storage,Normal value,Thousands,Tonnes per million GBP (£),1.32
2001,Accommodation and food services,Normal value,Thousands,Tonnes per million GBP (£),0.08
2001,Information and communication,Normal value,Thousands,Tonnes per million GBP (£),0.05
2001,Financial and insurance activities,Normal value,Thousands,Tonnes per million GBP (£),0.0
2001,Real estate activities,Normal value,Thousands,Tonnes per million GBP (£),0.0
2001,"Professional, scientific and technical activities",Normal value,Thousands,Tonnes per million GBP (£),0.02
2001,Administrative and support service activities,Normal value,Thousands,Tonnes per million GBP (£),0.05
2001,Public administration and defence; compulsory social security,Normal value,Thousands,Tonnes per million GBP (£),0.11
2001,Education,Normal value,Thousands,Tonnes per million GBP (£),0.04
2001,Human health and social work activities,Normal value,Thousands,Tonnes per million GBP (£),0.04
2001,"Arts, entertainment and recreation",Normal value,Thousands,Tonnes per million GBP (£),0.06
2001,Other service activities,Normal value,Thousands,Tonnes per million GBP (£),0.04
2001,Activities of households as employers; undifferentiated goods and services-producing activities of households for own use,Normal value,Thousands,Tonnes per million GBP (£),0.01
2002,"Agriculture, forestry and fishing",Normal value,Thousands,Tonnes per million GBP (£),0.52
2002,Mining and quarrying,Normal value,Thousands,Tonnes per million GBP (£),0.42
2002,Manufacturing,Normal value,Thousands,Tonnes per million GBP (£),0.72
2002,"Electricity, gas, steam and air conditioning supply",Normal value,Thousands,Tonnes per million GBP (£),5.9
2002,"Water supply; sewerage, waste management and remediation activities",Normal value,Thousands,Tonnes per million GBP (£),0.13
2002,Construction,Normal value,Thousands,Tonnes per million GBP (£),0.09
2002,Wholesale and retail trade; repair of motor vehicles and motorcycles,Normal value,Thousands,Tonnes per million GBP (£),0.07
2002,Transport and storage,Normal value,Thousands,Tonnes per million GBP (£),1.35
2002,Accommodation and food services,Normal value,Thousands,Tonnes per million GBP (£),0.07
2002,Information and communication,Normal value,Thousands,Tonnes per million GBP (£),0.04
2002,Financial and insurance activities,Normal value,Thousands,Tonnes per million GBP (£),0.0
2002,Real estate activities,Normal value,Thousands,Tonnes per million GBP (£),0.0
2002,"Professional, scientific and technical activities",Normal value,Thousands,Tonnes per million GBP (£),0.02
2002,Administrative and support service activities,Normal value,Thousands,Tonnes per million GBP (£),0.05
2002,Public administration and defence; compulsory social security,Normal value,Thousands,Tonnes per million GBP (£),0.11
2002,Education,Normal value,Thousands,Tonnes per million GBP (£),0.03
2002,Human health and social work activities,Normal value,Thousands,Tonnes per million GBP (£),0.03
2002,"Arts, entertainment and recreation",Normal value,Thousands,Tonnes per million GBP (£),0.05
2002,Other service activities,Normal value,Thousands,Tonnes per million GBP (£),0.04
2002,Activities of households as employers; undifferentiated goods and services-producing activities of households for own use,Normal value,Thousands,Tonnes per million GBP (£),0.01
2003,"Agriculture, forestry and fishing",Normal value,Thousands,Tonnes per million GBP (£),0.6
2003,Mining and quarrying,Normal value,Thousands,Tonnes per million GBP (£),0.43
2003,Manufacturing,Normal value,Thousands,Tonnes per million GBP (£),0.72
2003,"Electricity, gas, steam and air conditioning supply",Normal value,Thousands,Tonnes per million GBP (£),5.3
2003,"Water supply; sewerage, waste management and remediation activities",Normal value,Thousands,Tonnes per million GBP (£),0.12
2003,Construction,Normal value,Thousands,Tonnes per million GBP (£),0.09
2003,Wholesale and retail trade; repair of motor vehicles and motorcycles,Normal value,Thousands,Tonnes per million GBP (£),0.07
2003,Transport and storage,Normal value,Thousands,Tonnes per million GBP (£),1.31
2003,Accommodation and food services,Normal value,Thousands,Tonnes per million GBP (£),0.07
2003,Information and communication,Normal value,Thousands,Tonnes per million GBP (£),0.03
2003,Financial and insurance activities,Normal value,Thousands,Tonnes per million GBP (£),0.0
2003,Real estate activities,Normal value,Thousands,Tonnes per million GBP (£),0.0
2003,"Professional, scientific and technical activities",Normal value,Thousands,Tonnes per million GBP (£),0.02
2003,Administrative and support service activities,Normal value,Thousands,Tonnes per million GBP (£),0.05
2003,Public administration and defence; compulsory social security,Normal value,Thousands,Tonnes per million GBP (£),0.12
2003,Education,Normal value,Thousands,Tonnes per million GBP (£),0.03
2003,Human health and social work activities,Normal value,Thousands,Tonnes per million GBP (£),0.03
2003,"Arts, entertainment and recreation",Normal value,Thousands,Tonnes per million GBP (£),0.04
2003,Other service activities,Normal value,Thousands,Tonnes per million GBP (£),0.04
2003,Activities of households as employers; undifferentiated goods and services-producing activities of households for own use,Normal value,Thousands,Tonnes per million GBP (£),0.01
2004,"Agriculture, forestry and fishing",Normal value,Thousands,Tonnes per million GBP (£),0.67
2004,Mining and quarrying,Normal value,Thousands,Tonnes per million GBP (£),0.44
2004,Manufacturing,Normal value,Thousands,Tonnes per million GBP (£),0.7
2004,"Electricity, gas, steam and air conditioning supply",Normal value,Thousands,Tonnes per million GBP (£),6.75
2004,"Water supply; sewerage, waste management and remediation activities",Normal value,Thousands,Tonnes per million GBP (£),0.14
2004,Construction,Normal value,Thousands,Tonnes per million GBP (£),0.1
2004,Wholesale and retail trade; repair of motor vehicles and motorcycles,Normal value,Thousands,Tonnes per million GBP (£),0.07
2004,Transport and storage,Normal value,Thousands,Tonnes per million GBP (£),1.3
2004,Accommodation and food services,Normal value,Thousands,Tonnes per million GBP (£),0.07
2004,Information and communication,Normal value,Thousands,Tonnes per million GBP (£),0.03
2004,Financial and insurance activities,Normal value,Thousands,Tonnes per million GBP (£),0.0
2004,Real estate activities,Normal value,Thousands,Tonnes per million GBP (£),0.0
2004,"Professional, scientific and technical activities",Normal value,Thousands,Tonnes per million GBP (£),0.02
2004,Administrative and support service activities,Normal value,Thousands,Tonnes per million GBP (£),0.05
2004,Public administration and defence; compulsory social security,Normal value,Thousands,Tonnes per million GBP (£),0.11
2004,Education,Normal value,Thousands,Tonnes per million GBP (£),0.03
2004,Human health and social work activities,Normal value,Thousands,Tonnes per million GBP (£),0.03
2004,"Arts, entertainment and recreation",Normal value,Thousands,Tonnes per million GBP (£),0.04
2004,Other service activities,Normal value,Thousands,Tonnes per million GBP (£),0.04
2004,Activities of households as employers; undifferentiated goods and services-producing activities of households for own use,Normal value,Thousands,Tonnes per million GBP (£),0.01
2005,"Agriculture, forestry and fishing",Normal value,Thousands,Tonnes per million GBP (£),0.6
2005,Mining and quarrying,Normal value,Thousands,Tonnes per million GBP (£),0.48
2005,Manufacturing,Normal value,Thousands,Tonnes per million GBP (£),0.69
2005,"Electricity, gas, steam and air conditioning supply",Normal value,Thousands,Tonnes per million GBP (£),8.29
2005,"Water supply; sewerage, waste management and remediation activities",Normal value,Thousands,Tonnes per million GBP (£),0.15
2005,Construction,Normal value,Thousands,Tonnes per million GBP (£),0.1
2005,Wholesale and retail trade; repair of motor vehicles and motorcycles,Normal value,Thousands,Tonnes per million GBP (£),0.06
2005,Transport and storage,Normal value,Thousands,Tonnes per million GBP (£),1.33
2005,Accommodation and food services,Normal value,Thousands,Tonnes per million GBP (£),0.06
2005,Information and communication,Normal value,Thousands,Tonnes per million GBP (£),0.03
2005,Financial and insurance activities,Normal value,Thousands,Tonnes per million GBP (£),0.0
2005,Real estate activities,Normal value,Thousands,Tonnes per million GBP (£),0.0
2005,"Professional, scientific and technical activities",Normal value,Thousands,Tonnes per million GBP (£),0.02
2005,Administrative and support service activities,Normal value,Thousands,Tonnes per million GBP (£),0.05
2005,Public administration and defence; compulsory social security,Normal value,Thousands,Tonnes per million GBP (£),0.09
2005,Education,Normal value,Thousands,Tonnes per million GBP (£),0.03
2005,Human health and social work activities,Normal value,Thousands,Tonnes per million GBP (£),0.04
2005,"Arts, entertainment and recreation",Normal value,Thousands,Tonnes per million GBP (£),0.04
2005,Other service activities,Normal value,Thousands,Tonnes per million GBP (£),0.04
2005,Activities of households as employers; undifferentiated goods and services-producing activities of households for own use,Normal value,Thousands,Tonnes per million GBP (£),0.01
2006,"Agriculture, forestry and fishing",Normal value,Thousands,Tonnes per million GBP (£),0.59
2006,Mining and quarrying,Normal value,Thousands,Tonnes per million GBP (£),0.51
2006,Manufacturing,Normal value,Thousands,Tonnes per million GBP (£),0.63
2006,"Electricity, gas, steam and air conditioning supply",Normal value,Thousands,Tonnes per million GBP (£),7.7
2006,"Water supply; sewerage, waste management and remediation activities",Normal value,Thousands,Tonnes per million GBP (£),0.15
2006,Construction,Normal value,Thousands,Tonnes per million GBP (£),0.1
2006,Wholesale and retail trade; repair of motor vehicles and motorcycles,Normal value,Thousands,Tonnes per million GBP (£),0.06
2006,Transport and storage,Normal value,Thousands,Tonnes per million GBP (£),1.16
2006,Accommodation and food services,Normal value,Thousands,Tonnes per million GBP (£),0.06
2006,Information and communication,Normal value,Thousands,Tonnes per million GBP (£),0.02
2006,Financial and insurance activities,Normal value,Thousands,Tonnes per million GBP (£),0.0
2006,Real estate activities,Normal value,Thousands,Tonnes per million GBP (£),0.0
2006,"Professional, scientific and technical activities",Normal value,Thousands,Tonnes per million GBP (£),0.02
2006,Administrative and support service activities,Normal value,Thousands,Tonnes per million GBP (£),0.05
2006,Public administration and defence; compulsory social security,Normal value,Thousands,Tonnes per million GBP (£),0.09
2006,Education,Normal value,Thousands,Tonnes per million GBP (£),0.03
2006,Human health and social work activities,Normal value,Thousands,Tonnes per million GBP (£),0.03
2006,"Arts, entertainment and recreation",Normal value,Thousands,Tonnes per million GBP (£),0.03
2006,Other service activities,Normal value,Thousands,Tonnes per million GBP (£),0.04
2006,Activities of households as employers; undifferentiated goods and services-producing activities of households for own use,Normal value,Thousands,Tonnes per million GBP (£),0.01
2007,"Agriculture, forestry and fishing",Normal value,Thousands,Tonnes per million GBP (£),0.66
2007,Mining and quarrying,Normal value,Thousands,Tonnes per million GBP (£),0.55
2007,Manufacturing,Normal value,Thousands,Tonnes per million GBP (£),0.63
2007,"Electricity, gas, steam and air conditioning supply",Normal value,Thousands,Tonnes per million GBP (£),7.48
2007,"Water supply; sewerage, waste management and remediation activities",Normal value,Thousands,Tonnes per million GBP (£),0.15
2007,Construction,Normal value,Thousands,Tonnes per million GBP (£),0.1
2007,Wholesale and retail trade; repair of motor vehicles and motorcycles,Normal value,Thousands,Tonnes per million GBP (£),0.06
2007,Transport and storage,Normal value,Thousands,Tonnes per million GBP (£),1.19
2007,Accommodation and food services,Normal value,Thousands,Tonnes per million GBP (£),0.06
2007,Information and communication,Normal value,Thousands,Tonnes per million GBP (£),0.02
2007,Financial and insurance activities,Normal value,Thousands,Tonnes per million GBP (£),0.0
2007,Real estate activities,Normal value,Thousands,Tonnes per million GBP (£),0.0
2007,"Professional, scientific and technical activities",Normal value,Thousands,Tonnes per million GBP (£),0.02
2007,Administrative and support service activities,Normal value,Thousands,Tonnes per million GBP (£),0.04
2007,Public administration and defence; compulsory social security,Normal value,Thousands,Tonnes per million GBP (£),0.09
2007,Education,Normal value,Thousands,Tonnes per million GBP (£),0.03
2007,Human health and social work activities,Normal value,Thousands,Tonnes per million GBP (£),0.03
2007,"Arts, entertainment and recreation",Normal value,Thousands,Tonnes per million GBP (£),0.03
2007,Other service activities,Normal value,Thousands,Tonnes per million GBP (£),0.03
2007,Activities of households as employers; undifferentiated goods and services-producing activities of households for own use,Normal value,Thousands,Tonnes per million GBP (£),0.01
2008,"Agriculture, forestry and fishing",Normal value,Thousands,Tonnes per million GBP (£),0.52
2008,Mining and quarrying,Normal value,Thousands,Tonnes per million GBP (£),0.6
2008,Manufacturing,Normal value,Thousands,Tonnes per million GBP (£),0.59
2008,"Electricity, gas, steam and air conditioning supply",Normal value,Thousands,Tonnes per million GBP (£),7.46
2008,"Water supply; sewerage, waste management and remediation activities",Normal value,Thousands,Tonnes per million GBP (£),0.13
2008,Construction,Normal value,Thousands,Tonnes per million GBP (£),0.11
2008,Wholesale and retail trade; repair of motor vehicles and motorcycles,Normal value,Thousands,Tonnes per million GBP (£),0.06
2008,Transport and storage,Normal value,Thousands,Tonnes per million GBP (£),1.12
2008,Accommodation and food services,Normal value,Thousands,Tonnes per million GBP (£),0.08
2008,Information and communication,Normal value,Thousands,Tonnes per million GBP (£),0.02
2008,Financial and insurance activities,Normal value,Thousands,Tonnes per million GBP (£),0.0
2008,Real estate activities,Normal value,Thousands,Tonnes per million GBP (£),0.01
2008,"Professional, scientific and technical activities",Normal value,Thousands,Tonnes per million GBP (£),0.02
2008,Administrative and support service activities,Normal value,Thousands,Tonnes per million GBP (£),0.05
2008,Public administration and defence; compulsory social security,Normal value,Thousands,Tonnes per million GBP (£),0.08
2008,Education,Normal value,Thousands,Tonnes per million GBP (£),0.03
2008,Human health and social work activities,Normal value,Thousands,Tonnes per million GBP (£),0.03
2008,"Arts, entertainment and recreation",Normal value,Thousands,Tonnes per million GBP (£),0.03
2008,Other service activities,Normal value,Thousands,Tonnes per million GBP (£),0.04
2008,Activities of households as employers; undifferentiated goods and services-producing activities of households for own use,Normal value,Thousands,Tonnes per million GBP (£),0.01
2009,"Agriculture, forestry and fishing",Normal value,Thousands,Tonnes per million GBP (£),0.54
2009,Mining and quarrying,Normal value,Thousands,Tonnes per million GBP (£),0.65
2009,Manufacturing,Normal value,Thousands,Tonnes per million GBP (£),0.54
2009,"Electricity, gas, steam and air conditioning supply",Normal value,Thousands,Tonnes per million GBP (£),6.45
2009,"Water supply; sewerage, waste management and remediation activities",Normal value,Thousands,Tonnes per million GBP (£),0.12
2009,Construction,Normal value,Thousands,Tonnes per million GBP (£),0.12
2009,Wholesale and retail trade; repair of motor vehicles and motorcycles,Normal value,Thousands,Tonnes per million GBP (£),0.07
2009,Transport and storage,Normal value,Thousands,Tonnes per million GBP (£),1.16
2009,Accommodation and food services,Normal value,Thousands,Tonnes per million GBP (£),0.07
2009,Information and communication,Normal value,Thousands,Tonnes per million GBP (£),0.02
2009,Financial and insurance activities,Normal value,Thousands,Tonnes per million GBP (£),0.0
2009,Real estate activities,Normal value,Thousands,Tonnes per million GBP (£),0.0
2009,"Professional, scientific and technical activities",Normal value,Thousands,Tonnes per million GBP (£),0.02
2009,Administrative and support service activities,Normal value,Thousands,Tonnes per million GBP (£),0.04
2009,Public administration and defence; compulsory social security,Normal value,Thousands,Tonnes per million GBP (£),0.07
2009,Education,Normal value,Thousands,Tonnes per million GBP (£),0.03
2009,Human health and social work activities,Normal value,Thousands,Tonnes per million GBP (£),0.03
2009,"Arts, entertainment and recreation",Normal value,Thousands,Tonnes per million GBP (£),0.03
2009,Other service activities,Normal value,Thousands,Tonnes per million GBP (£),0.03
2009,Activities of households as employers; undifferentiated goods and services-producing activities of households for own use,Normal value,Thousands,Tonnes per million GBP (£),0.01
2010,"Agriculture, forestry and fishing",Normal value,Thousands,Tonnes per million GBP (£),0.65
2010,Mining and quarrying,Normal value,Thousands,Tonnes per million GBP (£),0.72
2010,Manufacturing,Normal value,Thousands,Tonnes per million GBP (£),0.55
2010,"Electricity, gas, steam and air conditioning supply",Normal value,Thousands,Tonnes per million GBP (£),6.63
2010,"Water supply; sewerage, waste management and remediation activities",Normal value,Thousands,Tonnes per million GBP (£),0.14
2010,Construction,Normal value,Thousands,Tonnes per million GBP (£),0.11
2010,Wholesale and retail trade; repair of motor vehicles and motorcycles,Normal value,Thousands,Tonnes per million GBP (£),0.07
2010,Transport and storage,Normal value,Thousands,Tonnes per million GBP (£),1.09
2010,Accommodation and food services,Normal value,Thousands,Tonnes per million GBP (£),0.07
2010,Information and communication,Normal value,Thousands,Tonnes per million GBP (£),0.02
2010,Financial and insurance activities,Normal value,Thousands,Tonnes per million GBP (£),0.0
2010,Real estate activities,Normal value,Thousands,Tonnes per million GBP (£),0.0
2010,"Professional, scientific and technical activities",Normal value,Thousands,Tonnes per million GBP (£),0.02
2010,Administrative and support service activities,Normal value,Thousands,Tonnes per million GBP (£),0.04
2010,Public administration and defence; compulsory social security,Normal value,Thousands,Tonnes per million GBP (£),0.08
2010,Education,Normal value,Thousands,Tonnes per million GBP (£),0.03
2010,Human health and social work activities,Normal value,Thousands,Tonnes per million GBP (£),0.03
2010,"Arts, entertainment and recreation",Normal value,Thousands,Tonnes per million GBP (£),0.03
2010,Other service activities,Normal value,Thousands,Tonnes per million GBP (£),0.03
2010,Activities of households as employers; undifferentiated goods and services-producing activities of households for own use,Normal value,Thousands,Tonnes per million GBP (£),0.01
2011,"Agriculture, forestry and fishing",Normal value,Thousands,Tonnes per million GBP (£),0.52
2011,Mining and quarrying,Normal value,Thousands,Tonnes per million GBP (£),0.87
2011,Manufacturing,Normal value,Thousands,Tonnes per million GBP (£),0.54
2011,"Electricity, gas, steam and air conditioning supply",Normal value,Thousands,Tonnes per million GBP (£),7.06
2011,"Water supply; sewerage, waste management and remediation activities",Normal value,Thousands,Tonnes per million GBP (£),0.14
2011,Construction,Normal value,Thousands,Tonnes per million GBP (£),0.1
2011,Wholesale and retail trade; repair of motor vehicles and motorcycles,Normal value,Thousands,Tonnes per million GBP (£),0.06
2011,Transport and storage,Normal value,Thousands,Tonnes per million GBP (£),1.12
2011,Accommodation and food services,Normal value,Thousands,Tonnes per million GBP (£),0.06
2011,Information and communication,Normal value,Thousands,Tonnes per million GBP (£),0.01
2011,Financial and insurance activities,Normal value,Thousands,Tonnes per million GBP (£),0.0
2011,Real estate activities,Normal value,Thousands,Tonnes per million GBP (£),0.0
2011,"Professional, scientific and technical activities",Normal value,Thousands,Tonnes per million GBP (£),0.01
2011,Administrative and support service activities,Normal value,Thousands,Tonnes per million GBP (£),0.04
2011,Public administration and defence; compulsory social security,Normal value,Thousands,Tonnes per million GBP (£),0.06
2011,Education,Normal value,Thousands,Tonnes per million GBP (£),0.02
2011,Human health and social work activities,Normal value,Thousands,Tonnes per million GBP (£),0.03
2011,"Arts, entertainment and recreation",Normal value,Thousands,Tonnes per million GBP (£),0.03
2011,Other service activities,Normal value,Thousands,Tonnes per million GBP (£),0.03
2011,Activities of households as employers; undifferentiated goods and services-producing activities of households for own use,Normal value,Thousands,Tonnes per million GBP (£),0.01
2012,"Agriculture, forestry and fishing",Normal value,Thousands,Tonnes per million GBP (£),0.61
2012,Mining and quarrying,Normal value,Thousands,Tonnes per million GBP (£),0.91
2012,Manufacturing,Normal value,Thousands,Tonnes per million GBP (£),0.51
2012,"Electricity, gas, steam and air conditioning supply",Normal value,Thousands,Tonnes per million GBP (£),7.18
2012,"Water supply; sewerage, waste management and remediation activities",Normal value,Thousands,Tonnes per million GBP (£),0.15
2012,Construction,Normal value,Thousands,Tonnes per million GBP (£),0.1
2012,Wholesale and retail trade; repair of motor vehicles and motorcycles,Normal value,Thousands,Tonnes per million GBP (£),0.06
2012,Transport and storage,Normal value,Thousands,Tonnes per million GBP (£),1.06
2012,Accommodation and food services,Normal value,Thousands,Tonnes per million GBP (£),0.06
2012,Information and communication,Normal value,Thousands,Tonnes per million GBP (£),0.01
2012,Financial and insurance activities,Normal value,Thousands,Tonnes per million GBP (£),0.0
2012,Real estate activities,Normal value,Thousands,Tonnes per million GBP (£),0.0
2012,"Professional, scientific and technical activities",Normal value,Thousands,Tonnes per million GBP (£),0.01
2012,Administrative and support service activities,Normal value,Thousands,Tonnes per million GBP (£),0.04
2012,Public administration and defence; compulsory social security,Normal value,Thousands,Tonnes per million GBP (£),0.07
2012,Education,Normal value,Thousands,Tonnes per million GBP (£),0.03
2012,Human health and social work activities,Normal value,Thousands,Tonnes per million GBP (£),0.03
2012,"Arts, entertainment and recreation",Normal value,Thousands,Tonnes per million GBP (£),0.03
2012,Other service activities,Normal value,Thousands,Tonnes per million GBP (£),0.03
2012,Activities of households as employers; undifferentiated goods and services-producing activities of households for own use,Normal value,Thousands,Tonnes per million GBP (£),0.01
2013,"Agriculture, forestry and fishing",Normal value,Thousands,Tonnes per million GBP (£),0.6
2013,Mining and quarrying,Normal value,Thousands,Tonnes per million GBP (£),1.01
2013,Manufacturing,Normal value,Thousands,Tonnes per million GBP (£),0.51
2013,"Electricity, gas, steam and air conditioning supply",Normal value,Thousands,Tonnes per million GBP (£),6.14
2013,"Water supply; sewerage, waste management and remediation activities",Normal value,Thousands,Tonnes per million GBP (£),0.16
2013,Construction,Normal value,Thousands,Tonnes per million GBP (£),0.09
2013,Wholesale and retail trade; repair of motor vehicles and motorcycles,Normal value,Thousands,Tonnes per million GBP (£),0.06
2013,Transport and storage,Normal value,Thousands,Tonnes per million GBP (£),1.0
2013,Accommodation and food services,Normal value,Thousands,Tonnes per million GBP (£),0.06
2013,Information and communication,Normal value,Thousands,Tonnes per million GBP (£),0.01
2013,Financial and insurance activities,Normal value,Thousands,Tonnes per million GBP (£),0.0
2013,Real estate activities,Normal value,Thousands,Tonnes per million GBP (£),0.0
2013,"Professional, scientific and technical activities",Normal value,Thousands,Tonnes per million GBP (£),0.01
2013,Administrative and support service activities,Normal value,Thousands,Tonnes per million GBP (£),0.03
2013,Public administration and defence; compulsory social security,Normal value,Thousands,Tonnes per million GBP (£),0.06
2013,Education,Normal value,Thousands,Tonnes per million GBP (£),0.03
2013,Human health and social work activities,Normal value,Thousands,Tonnes per million GBP (£),0.04
2013,"Arts, entertainment and recreation",Normal value,Thousands,Tonnes per million GBP (£),0.03
2013,Other service activities,Normal value,Thousands,Tonnes per million GBP (£),0.03
2013,Activities of households as employers; undifferentiated goods and services-producing activities of households for own use,Normal value,Thousands,Tonnes per million GBP (£),0.01
2014,"Agriculture, forestry and fishing",Normal value,Thousands,Tonnes per million GBP (£),0.47
2014,Mining and quarrying,Normal value,Thousands,Tonnes per million GBP (£),1.0
2014,Manufacturing,Normal value,Thousands,Tonnes per million GBP (£),0.49
2014,"Electricity, gas, steam and air conditioning supply",Normal value,Thousands,Tonnes per million GBP (£),6.05
2014,"Water supply; sewerage, waste management and remediation activities",Normal value,Thousands,Tonnes per million GBP (£),0.16
2014,Construction,Normal value,Thousands,Tonnes per million GBP (£),0.09
2014,Wholesale and retail trade; repair of motor vehicles and motorcycles,Normal value,Thousands,Tonnes per million GBP (£),0.06
2014,Transport and storage,Normal value,Thousands,Tonnes per million GBP (£),1.05
2014,Accommodation and food services,Normal value,Thousands,Tonnes per million GBP (£),0.06
2014,Information and communication,Normal value,Thousands,Tonnes per million GBP (£),0.01
2014,Financial and insurance activities,Normal value,Thousands,Tonnes per million GBP (£),0.0
2014,Real estate activities,Normal value,Thousands,Tonnes per million GBP (£),0.0
2014,"Professional, scientific and technical activities",Normal value,Thousands,Tonnes per million GBP (£),0.01
2014,Administrative and support service activities,Normal value,Thousands,Tonnes per million GBP (£),0.03
2014,Public administration and defence; compulsory social security,Normal value,Thousands,Tonnes per million GBP (£),0.05
2014,Education,Normal value,Thousands,Tonnes per million GBP (£),0.02
2014,Human health and social work activities,Normal value,Thousands,Tonnes per million GBP (£),0.03
2014,"Arts, entertainment and recreation",Normal value,Thousands,Tonnes per million GBP (£),0.03
2014,Other service activities,Normal value,Thousands,Tonnes per million GBP (£),0.03
2014,Activities of households as employers; undifferentiated goods and services-producing activities of households for own use,Normal value,Thousands,Tonnes per million GBP (£),0.01
2015,"Agriculture, forestry and fishing",Normal value,Thousands,Tonnes per million GBP (£),0.55
2015,Mining and quarrying,Normal value,Thousands,Tonnes per million GBP (£),0.94
2015,Manufacturing,Normal value,Thousands,Tonnes per million GBP (£),0.47
2015,"Electricity, gas, steam and air conditioning supply",Normal value,Thousands,Tonnes per million GBP (£),4.5
2015,"Water supply; sewerage, waste management and remediation activities",Normal value,Thousands,Tonnes per million GBP (£),0.16
2015,Construction,Normal value,Thousands,Tonnes per million GBP (£),0.1
2015,Wholesale and retail trade; repair of motor vehicles and motorcycles,Normal value,Thousands,Tonnes per million GBP (£),0.06
2015,Transport and storage,Normal value,Thousands,Tonnes per million GBP (£),1.15
2015,Accommodation and food services,Normal value,Thousands,Tonnes per million GBP (£),0.06
2015,Information and communication,Normal value,Thousands,Tonnes per million GBP (£),0.01
2015,Financial and insurance activities,Normal value,Thousands,Tonnes per million GBP (£),0.0
2015,Real estate activities,Normal value,Thousands,Tonnes per million GBP (£),0.0
2015,"Professional, scientific and technical activities",Normal value,Thousands,Tonnes per million GBP (£),0.01
2015,Administrative and support service activities,Normal value,Thousands,Tonnes per million GBP (£),0.03
2015,Public administration and defence; compulsory social security,Normal value,Thousands,Tonnes per million GBP (£),0.05
2015,Education,Normal value,Thousands,Tonnes per million GBP (£),0.02
2015,Human health and social work activities,Normal value,Thousands,Tonnes per million GBP (£),0.03
2015,"Arts, entertainment and recreation",Normal value,Thousands,Tonnes per million GBP (£),0.03
2015,Other service activities,Normal value,Thousands,Tonnes per million GBP (£),0.03
2015,Activities of households as employers; undifferentiated goods and services-producing activities of households for own use,Normal value,Thousands,Tonnes per million GBP (£),0.01
2016,"Agriculture, forestry and fishing",Normal value,Thousands,Tonnes per million GBP (£),0.66
2016,Mining and quarrying,Normal value,Thousands,Tonnes per million GBP (£),0.85
2016,Manufacturing,Normal value,Thousands,Tonnes per million GBP (£),0.44
2016,"Electricity, gas, steam and air conditioning supply",Normal value,Thousands,Tonnes per million GBP (£),3.78
2016,"Water supply; sewerage, waste management and remediation activities",Normal value,Thousands,Tonnes per million GBP (£),0.18
2016,Construction,Normal value,Thousands,Tonnes per million GBP (£),0.1
2016,Wholesale and retail trade; repair of motor vehicles and motorcycles,Normal value,Thousands,Tonnes per million GBP (£),0.06
2016,Transport and storage,Normal value,Thousands,Tonnes per million GBP (£),1.16
2016,Accommodation and food services,Normal value,Thousands,Tonnes per million GBP (£),0.06
2016,Information and communication,Normal value,Thousands,Tonnes per million GBP (£),0.01
2016,Financial and insurance activities,Normal value,Thousands,Tonnes per million GBP (£),0.0
2016,Real estate activities,Normal value,Thousands,Tonnes per million GBP (£),0.0
2016,"Professional, scientific and technical activities",Normal value,Thousands,Tonnes per million GBP (£),0.01
2016,Administrative and support service activities,Normal value,Thousands,Tonnes per million GBP (£),0.03
2016,Public administration and defence; compulsory social security,Normal value,Thousands,Tonnes per million GBP (£),0.05
2016,Education,Normal value,Thousands,Tonnes per million GBP (£),0.02
2016,Human health and social work activities,Normal value,Thousands,Tonnes per million GBP (£),0.03
2016,"Arts, entertainment and recreation",Normal value,Thousands,Tonnes per million GBP (£),0.03
2016,Other service activities,Normal value,Thousands,Tonnes per million GBP (£),0.03
2016,Activities of households as employers; undifferentiated goods and services-producing activities of households for own use,Normal value,Thousands,Tonnes per million GBP (£),0.01
2017,"Agriculture, forestry and fishing",Normal value,Thousands,Tonnes per million GBP (£),0.63
2017,Mining and quarrying,Normal value,Thousands,Tonnes per million GBP (£),0.93
2017,Manufacturing,Normal value,Thousands,Tonnes per million GBP (£),0.44
2017,"Electricity, gas, steam and air conditioning supply",Normal value,Thousands,Tonnes per million GBP (£),3.6
2017,"Water supply; sewerage, waste management and remediation activities",Normal value,Thousands,Tonnes per million GBP (£),0.19
2017,Construction,Normal value,Thousands,Tonnes per million GBP (£),0.1
2017,Wholesale and retail trade; repair of motor vehicles and motorcycles,Normal value,Thousands,Tonnes per million GBP (£),0.06
2017,Transport and storage,Normal value,Thousands,Tonnes per million GBP (£),1.06
2017,Accommodation and food services,Normal value,Thousands,Tonnes per million GBP (£),0.06
2017,Information and communication,Normal value,Thousands,Tonnes per million GBP (£),0.01
2017,Financial and insurance activities,Normal value,Thousands,Tonnes per million GBP (£),0.0
2017,Real estate activities,Normal value,Thousands,Tonnes per million GBP (£),0.0
2017,"Professional, scientific and technical activities",Normal value,Thousands,Tonnes per million GBP (£),0.01
2017,Administrative and support service activities,Normal value,Thousands,Tonnes per million GBP (£),0.03
2017,Public administration and defence; compulsory social security,Normal value,Thousands,Tonnes per million GBP (£),0.05
2017,Education,Normal value,Thousands,Tonnes per million GBP (£),0.02
2017,Human health and social work activities,Normal value,Thousands,Tonnes per million GBP (£),0.03
2017,"Arts, entertainment and recreation",Normal value,Thousands,Tonnes per million GBP (£),0.03
2017,Other service activities,Normal value,Thousands,Tonnes per million GBP (£),0.03
2017,Activities of households as employers; undifferentiated goods and services-producing activities of households for own use,Normal value,Thousands,Tonnes per million GBP (£),0.01
2018,"Agriculture, forestry and fishing",Normal value,Thousands,Tonnes per million GBP (£),0.72
2018,Mining and quarrying,Normal value,Thousands,Tonnes per million GBP (£),0.87
2018,Manufacturing,Normal value,Thousands,Tonnes per million GBP (£),0.42
2018,"Electricity, gas, steam and air conditioning supply",Normal value,Thousands,Tonnes per million GBP (£),3.38
2018,"Water supply; sewerage, waste management and remediation activities",Normal value,Thousands,Tonnes per million GBP (£),0.19
2018,Construction,Normal value,Thousands,Tonnes per million GBP (£),0.1
2018,Wholesale and retail trade; repair of motor vehicles and motorcycles,Normal value,Thousands,Tonnes per million GBP (£),0.06
2018,Transport and storage,Normal value,Thousands,Tonnes per million GBP (£),1.08
2018,Accommodation and food services,Normal value,Thousands,Tonnes per million GBP (£),0.06
2018,Information and communication,Normal value,Thousands,Tonnes per million GBP (£),0.01
2018,Financial and insurance activities,Normal value,Thousands,Tonnes per million GBP (£),0.0
2018,Real estate activities,Normal value,Thousands,Tonnes per million GBP (£),0.0
2018,"Professional, scientific and technical activities",Normal value,Thousands,Tonnes per million GBP (£),0.01
2018,Administrative and support service activities,Normal value,Thousands,Tonnes per million GBP (£),0.03
2018,Public administration and defence; compulsory social security,Normal value,Thousands,Tonnes per million GBP (£),0.05
2018,Education,Normal value,Thousands,Tonnes per million GBP (£),0.02
2018,Human health and social work activities,Normal value,Thousands,Tonnes per million GBP (£),0.03
2018,"Arts, entertainment and recreation",Normal value,Thousands,Tonnes per million GBP (£),0.03
2018,Other service activities,Normal value,Thousands,Tonnes per million GBP (£),0.03
2018,Activities of households as employers; undifferentiated goods and services-producing activities of households for own use,Normal value,Thousands,Tonnes per million GBP (£),0.01
2019,"Agriculture, forestry and fishing",Normal value,Thousands,Tonnes per million GBP (£),0.63
2019,Mining and quarrying,Normal value,Thousands,Tonnes per million GBP (£),0.85
2019,Manufacturing,Normal value,Thousands,Tonnes per million GBP (£),0.4
2019,"Electricity, gas, steam and air conditioning supply",Normal value,Thousands,Tonnes per million GBP (£),2.8
2019,"Water supply; sewerage, waste management and remediation activities",Normal value,Thousands,Tonnes per million GBP (£),0.19
2019,Construction,Normal value,Thousands,Tonnes per million GBP (£),0.1
2019,Wholesale and retail trade; repair of motor vehicles and motorcycles,Normal value,Thousands,Tonnes per million GBP (£),0.06
2019,Transport and storage,Normal value,Thousands,Tonnes per million GBP (£),1.04
2019,Accommodation and food services,Normal value,Thousands,Tonnes per million GBP (£),0.06
2019,Information and communication,Normal value,Thousands,Tonnes per million GBP (£),0.01
2019,Financial and insurance activities,Normal value,Thousands,Tonnes per million GBP (£),0.0
2019,Real estate activities,Normal value,Thousands,Tonnes per million GBP (£),0.0
2019,"Professional, scientific and technical activities",Normal value,Thousands,Tonnes per million GBP (£),0.01
2019,Administrative and support service activities,Normal value,Thousands,Tonnes per million GBP (£),0.03
2019,Public administration and defence; compulsory social security,Normal value,Thousands,Tonnes per million GBP (£),0.05
2019,Education,Normal value,Thousands,Tonnes per million GBP (£),0.02
2019,Human health and social work activities,Normal value,Thousands,Tonnes per million GBP (£),0.03
2019,"Arts, entertainment and recreation",Normal value,Thousands,Tonnes per million GBP (£),0.02
2019,Other service activities,Normal value,Thousands,Tonnes per million GBP (£),0.03
2019,Activities of households as employers; undifferentiated goods and services-producing activities of households for own use,Normal value,Thousands,Tonnes per million GBP (£),0.01
2020,"Agriculture, forestry and fishing",Normal value,Thousands,Tonnes per million GBP (£),0.65
2020,Mining and quarrying,Normal value,Thousands,Tonnes per million GBP (£),0.97
2020,Manufacturing,Normal value,Thousands,Tonnes per million GBP (£),0.43
2020,"Electricity, gas, steam and air conditioning supply",Normal value,Thousands,Tonnes per million GBP (£),2.58
2020,"Water supply; sewerage, waste management and remediation activities",Normal value,Thousands,Tonnes per million GBP (£),0.19
2020,Construction,Normal value,Thousands,Tonnes per million GBP (£),0.1
2020,Wholesale and retail trade; repair of motor vehicles and motorcycles,Normal value,Thousands,Tonnes per million GBP (£),0.05
2020,Transport and storage,Normal value,Thousands,Tonnes per million GBP (£),0.79
2020,Accommodation and food services,Normal value,Thousands,Tonnes per million GBP (£),0.09
2020,Information and communication,Normal value,Thousands,Tonnes per million GBP (£),0.01
2020,Financial and insurance activities,Normal value,Thousands,Tonnes per million GBP (£),0.0
2020,Real estate activities,Normal value,Thousands,Tonnes per million GBP (£),0.0
2020,"Professional, scientific and technical activities",Normal value,Thousands,Tonnes per million GBP (£),0.01
2020,Administrative and support service activities,Normal value,Thousands,Tonnes per million GBP (£),0.03
2020,Public administration and defence; compulsory social security,Normal value,Thousands,Tonnes per million GBP (£),0.04
2020,Education,Normal value,Thousands,Tonnes per million GBP (£),0.02
2020,Human health and social work activities,Normal value,Thousands,Tonnes per million GBP (£),0.03
2020,"Arts, entertainment and recreation",Normal value,Thousands,Tonnes per million GBP (£),0.03
2020,Other service activities,Normal value,Thousands,Tonnes per million GBP (£),0.03
2020,Activities of households as employers; undifferentiated goods and services-producing activities of households for own use,Normal value,Thousands,Tonnes per million GBP (£),0.01
