Year,Series,Manufacturing industry,Observation status,Unit multiplier,Units,Value
1990,Proportion of medium and high-tech manufacturing value added in total value added,"Air, spacecraft and related machinery",Normal value,Units,Percentage (%),6.40908039467492
1990,Proportion of medium and high-tech manufacturing value added in total value added,Basic pharmaceutical products and pharmaceutical preparations,Normal value,Units,Percentage (%),7.219488071213777
1990,Proportion of medium and high-tech manufacturing value added in total value added,Chemicals and chemical products,Normal value,Units,Percentage (%),3.805565969258748
1990,Proportion of medium and high-tech manufacturing value added in total value added,"Computer, electronic and optical products",Normal value,Units,Percentage (%),2.490248785584953
1990,Proportion of medium and high-tech manufacturing value added in total value added,Electrical equipment,Normal value,Units,Percentage (%),2.7574599781445173
1990,Proportion of medium and high-tech manufacturing value added in total value added,Machinery and equipment n.e.c.,Normal value,Units,Percentage (%),9.669854589252528
1990,Proportion of medium and high-tech manufacturing value added in total value added,"Motor vehicles, trailers and semi-trailers",Normal value,Units,Percentage (%),7.134140018664901
1990,Proportion of medium and high-tech manufacturing value added in total value added,Other,Normal value,Units,Percentage (%),0.0717880815831664
1990,Proportion of medium and high-tech manufacturing value added in total value added,Weapons and ammunition,Normal value,Units,Percentage (%),0.6516762517049669
1990,Proportion of medium and high-tech manufacturing value added in total value added,,Normal value,Units,Percentage (%),40.20930214008248
1991,Proportion of medium and high-tech manufacturing value added in total value added,"Air, spacecraft and related machinery",Normal value,Units,Percentage (%),6.297783677515836
1991,Proportion of medium and high-tech manufacturing value added in total value added,Basic pharmaceutical products and pharmaceutical preparations,Normal value,Units,Percentage (%),7.821820442592376
1991,Proportion of medium and high-tech manufacturing value added in total value added,Chemicals and chemical products,Normal value,Units,Percentage (%),4.12178851679465
1991,Proportion of medium and high-tech manufacturing value added in total value added,"Computer, electronic and optical products",Normal value,Units,Percentage (%),2.519617562549359
1991,Proportion of medium and high-tech manufacturing value added in total value added,Electrical equipment,Normal value,Units,Percentage (%),2.739737536336599
1991,Proportion of medium and high-tech manufacturing value added in total value added,Machinery and equipment n.e.c.,Normal value,Units,Percentage (%),9.124897081309966
1991,Proportion of medium and high-tech manufacturing value added in total value added,"Motor vehicles, trailers and semi-trailers",Normal value,Units,Percentage (%),7.011073210895098
1991,Proportion of medium and high-tech manufacturing value added in total value added,Other,Normal value,Units,Percentage (%),0.0705728160233898
1991,Proportion of medium and high-tech manufacturing value added in total value added,Weapons and ammunition,Normal value,Units,Percentage (%),0.6267538184934385
1991,Proportion of medium and high-tech manufacturing value added in total value added,,Normal value,Units,Percentage (%),40.33404466251071
1992,Proportion of medium and high-tech manufacturing value added in total value added,"Air, spacecraft and related machinery",Normal value,Units,Percentage (%),6.188435031097664
1992,Proportion of medium and high-tech manufacturing value added in total value added,Basic pharmaceutical products and pharmaceutical preparations,Normal value,Units,Percentage (%),8.069423432509666
1992,Proportion of medium and high-tech manufacturing value added in total value added,Chemicals and chemical products,Normal value,Units,Percentage (%),4.247772734913431
1992,Proportion of medium and high-tech manufacturing value added in total value added,"Computer, electronic and optical products",Normal value,Units,Percentage (%),2.5634560430324425
1992,Proportion of medium and high-tech manufacturing value added in total value added,Electrical equipment,Normal value,Units,Percentage (%),2.7508825012607163
1992,Proportion of medium and high-tech manufacturing value added in total value added,Machinery and equipment n.e.c.,Normal value,Units,Percentage (%),8.772903008909061
1992,Proportion of medium and high-tech manufacturing value added in total value added,"Motor vehicles, trailers and semi-trailers",Normal value,Units,Percentage (%),6.88687174315011
1992,Proportion of medium and high-tech manufacturing value added in total value added,Other,Normal value,Units,Percentage (%),0.0680786686838124
1992,Proportion of medium and high-tech manufacturing value added in total value added,Weapons and ammunition,Normal value,Units,Percentage (%),0.5984199025046226
1992,Proportion of medium and high-tech manufacturing value added in total value added,,Normal value,Units,Percentage (%),40.14624306606152
1993,Proportion of medium and high-tech manufacturing value added in total value added,"Air, spacecraft and related machinery",Normal value,Units,Percentage (%),5.995460118633397
1993,Proportion of medium and high-tech manufacturing value added in total value added,Basic pharmaceutical products and pharmaceutical preparations,Normal value,Units,Percentage (%),8.134506412168207
1993,Proportion of medium and high-tech manufacturing value added in total value added,Chemicals and chemical products,Normal value,Units,Percentage (%),4.279749478079332
1993,Proportion of medium and high-tech manufacturing value added in total value added,"Computer, electronic and optical products",Normal value,Units,Percentage (%),2.663452298107831
1993,Proportion of medium and high-tech manufacturing value added in total value added,Electrical equipment,Normal value,Units,Percentage (%),2.824999171554495
1993,Proportion of medium and high-tech manufacturing value added in total value added,Machinery and equipment n.e.c.,Normal value,Units,Percentage (%),8.644000397653842
1993,Proportion of medium and high-tech manufacturing value added in total value added,"Motor vehicles, trailers and semi-trailers",Normal value,Units,Percentage (%),6.678927660138516
1993,Proportion of medium and high-tech manufacturing value added in total value added,Other,Normal value,Units,Percentage (%),0.0662756403883752
1993,Proportion of medium and high-tech manufacturing value added in total value added,Weapons and ammunition,Normal value,Units,Percentage (%),0.584054080922557
1993,Proportion of medium and high-tech manufacturing value added in total value added,,Normal value,Units,Percentage (%),39.87142525764655
1994,Proportion of medium and high-tech manufacturing value added in total value added,"Air, spacecraft and related machinery",Normal value,Units,Percentage (%),5.893566196826602
1994,Proportion of medium and high-tech manufacturing value added in total value added,Basic pharmaceutical products and pharmaceutical preparations,Normal value,Units,Percentage (%),8.166041795200355
1994,Proportion of medium and high-tech manufacturing value added in total value added,Chemicals and chemical products,Normal value,Units,Percentage (%),4.299748469460396
1994,Proportion of medium and high-tech manufacturing value added in total value added,"Computer, electronic and optical products",Normal value,Units,Percentage (%),2.852261401926819
1994,Proportion of medium and high-tech manufacturing value added in total value added,Electrical equipment,Normal value,Units,Percentage (%),2.984354484046003
1994,Proportion of medium and high-tech manufacturing value added in total value added,Machinery and equipment n.e.c.,Normal value,Units,Percentage (%),8.722889279103981
1994,Proportion of medium and high-tech manufacturing value added in total value added,"Motor vehicles, trailers and semi-trailers",Normal value,Units,Percentage (%),6.557986490120703
1994,Proportion of medium and high-tech manufacturing value added in total value added,Other,Normal value,Units,Percentage (%),0.0656510527897742
1994,Proportion of medium and high-tech manufacturing value added in total value added,Weapons and ammunition,Normal value,Units,Percentage (%),0.5726670146963441
1994,Proportion of medium and high-tech manufacturing value added in total value added,,Normal value,Units,Percentage (%),40.115166184170974
1995,Proportion of medium and high-tech manufacturing value added in total value added,"Air, spacecraft and related machinery",Normal value,Units,Percentage (%),5.802973166703026
1995,Proportion of medium and high-tech manufacturing value added in total value added,Basic pharmaceutical products and pharmaceutical preparations,Normal value,Units,Percentage (%),8.448904540779754
1995,Proportion of medium and high-tech manufacturing value added in total value added,Chemicals and chemical products,Normal value,Units,Percentage (%),4.451958737183283
1995,Proportion of medium and high-tech manufacturing value added in total value added,"Computer, electronic and optical products",Normal value,Units,Percentage (%),3.007448499392277
1995,Proportion of medium and high-tech manufacturing value added in total value added,Electrical equipment,Normal value,Units,Percentage (%),3.104839966341509
1995,Proportion of medium and high-tech manufacturing value added in total value added,Machinery and equipment n.e.c.,Normal value,Units,Percentage (%),8.646804001620593
1995,Proportion of medium and high-tech manufacturing value added in total value added,"Motor vehicles, trailers and semi-trailers",Normal value,Units,Percentage (%),6.459002088073051
1995,Proportion of medium and high-tech manufacturing value added in total value added,Other,Normal value,Units,Percentage (%),0.0646679340542898
1995,Proportion of medium and high-tech manufacturing value added in total value added,Weapons and ammunition,Normal value,Units,Percentage (%),0.5796740112818275
1995,Proportion of medium and high-tech manufacturing value added in total value added,,Normal value,Units,Percentage (%),40.56627294542962
1996,Proportion of medium and high-tech manufacturing value added in total value added,"Air, spacecraft and related machinery",Normal value,Units,Percentage (%),6.13646381922372
1996,Proportion of medium and high-tech manufacturing value added in total value added,Basic pharmaceutical products and pharmaceutical preparations,Normal value,Units,Percentage (%),8.43870109582473
1996,Proportion of medium and high-tech manufacturing value added in total value added,Chemicals and chemical products,Normal value,Units,Percentage (%),4.444392888352706
1996,Proportion of medium and high-tech manufacturing value added in total value added,"Computer, electronic and optical products",Normal value,Units,Percentage (%),3.134352597267012
1996,Proportion of medium and high-tech manufacturing value added in total value added,Electrical equipment,Normal value,Units,Percentage (%),3.1931265418493684
1996,Proportion of medium and high-tech manufacturing value added in total value added,Machinery and equipment n.e.c.,Normal value,Units,Percentage (%),8.44720785096165
1996,Proportion of medium and high-tech manufacturing value added in total value added,"Motor vehicles, trailers and semi-trailers",Normal value,Units,Percentage (%),6.827831009442498
1996,Proportion of medium and high-tech manufacturing value added in total value added,Other,Normal value,Units,Percentage (%),0.0688273824714443
1996,Proportion of medium and high-tech manufacturing value added in total value added,Weapons and ammunition,Normal value,Units,Percentage (%),0.5753659838062316
1996,Proportion of medium and high-tech manufacturing value added in total value added,,Normal value,Units,Percentage (%),41.26626916919936
1997,Proportion of medium and high-tech manufacturing value added in total value added,"Air, spacecraft and related machinery",Normal value,Units,Percentage (%),6.201044875686777
1997,Proportion of medium and high-tech manufacturing value added in total value added,Basic pharmaceutical products and pharmaceutical preparations,Normal value,Units,Percentage (%),8.329023408513413
1997,Proportion of medium and high-tech manufacturing value added in total value added,Chemicals and chemical products,Normal value,Units,Percentage (%),4.539287775554106
1997,Proportion of medium and high-tech manufacturing value added in total value added,"Computer, electronic and optical products",Normal value,Units,Percentage (%),3.3460007645431853
1997,Proportion of medium and high-tech manufacturing value added in total value added,Electrical equipment,Normal value,Units,Percentage (%),3.1968398881668207
1997,Proportion of medium and high-tech manufacturing value added in total value added,Machinery and equipment n.e.c.,Normal value,Units,Percentage (%),8.50666726630838
1997,Proportion of medium and high-tech manufacturing value added in total value added,"Motor vehicles, trailers and semi-trailers",Normal value,Units,Percentage (%),6.818675841184891
1997,Proportion of medium and high-tech manufacturing value added in total value added,Other,Normal value,Units,Percentage (%),0.0607137235501787
1997,Proportion of medium and high-tech manufacturing value added in total value added,Weapons and ammunition,Normal value,Units,Percentage (%),0.5854002233665385
1997,Proportion of medium and high-tech manufacturing value added in total value added,,Normal value,Units,Percentage (%),41.58365376687429
1998,Proportion of medium and high-tech manufacturing value added in total value added,"Air, spacecraft and related machinery",Normal value,Units,Percentage (%),6.138519444303971
1998,Proportion of medium and high-tech manufacturing value added in total value added,Basic pharmaceutical products and pharmaceutical preparations,Normal value,Units,Percentage (%),7.933044841461917
1998,Proportion of medium and high-tech manufacturing value added in total value added,Chemicals and chemical products,Normal value,Units,Percentage (%),4.729773661510897
1998,Proportion of medium and high-tech manufacturing value added in total value added,"Computer, electronic and optical products",Normal value,Units,Percentage (%),3.700305589469806
1998,Proportion of medium and high-tech manufacturing value added in total value added,Electrical equipment,Normal value,Units,Percentage (%),3.143309179965468
1998,Proportion of medium and high-tech manufacturing value added in total value added,Machinery and equipment n.e.c.,Normal value,Units,Percentage (%),8.818026166549874
1998,Proportion of medium and high-tech manufacturing value added in total value added,"Motor vehicles, trailers and semi-trailers",Normal value,Units,Percentage (%),6.293120263543826
1998,Proportion of medium and high-tech manufacturing value added in total value added,Other,Normal value,Units,Percentage (%),0.0476806264945347
1998,Proportion of medium and high-tech manufacturing value added in total value added,Weapons and ammunition,Normal value,Units,Percentage (%),0.5988975661207475
1998,Proportion of medium and high-tech manufacturing value added in total value added,,Normal value,Units,Percentage (%),41.40267733942104
1999,Proportion of medium and high-tech manufacturing value added in total value added,"Air, spacecraft and related machinery",Normal value,Units,Percentage (%),6.521408944672273
1999,Proportion of medium and high-tech manufacturing value added in total value added,Basic pharmaceutical products and pharmaceutical preparations,Normal value,Units,Percentage (%),8.544246993358463
1999,Proportion of medium and high-tech manufacturing value added in total value added,Chemicals and chemical products,Normal value,Units,Percentage (%),4.905900059373403
1999,Proportion of medium and high-tech manufacturing value added in total value added,"Computer, electronic and optical products",Normal value,Units,Percentage (%),3.672866354611104
1999,Proportion of medium and high-tech manufacturing value added in total value added,Electrical equipment,Normal value,Units,Percentage (%),3.0494456181047456
1999,Proportion of medium and high-tech manufacturing value added in total value added,Machinery and equipment n.e.c.,Normal value,Units,Percentage (%),8.703726716650788
1999,Proportion of medium and high-tech manufacturing value added in total value added,"Motor vehicles, trailers and semi-trailers",Normal value,Units,Percentage (%),5.510680308741698
1999,Proportion of medium and high-tech manufacturing value added in total value added,Other,Normal value,Units,Percentage (%),0.1063198155282161
1999,Proportion of medium and high-tech manufacturing value added in total value added,Weapons and ammunition,Normal value,Units,Percentage (%),0.6116841334935034
1999,Proportion of medium and high-tech manufacturing value added in total value added,,Normal value,Units,Percentage (%),41.62627894453419
2000,Proportion of medium and high-tech manufacturing value added in total value added,"Air, spacecraft and related machinery",Normal value,Units,Percentage (%),7.78799923283975
2000,Proportion of medium and high-tech manufacturing value added in total value added,Basic pharmaceutical products and pharmaceutical preparations,Normal value,Units,Percentage (%),8.521430886136223
2000,Proportion of medium and high-tech manufacturing value added in total value added,Chemicals and chemical products,Normal value,Units,Percentage (%),4.8965987024410245
2000,Proportion of medium and high-tech manufacturing value added in total value added,"Computer, electronic and optical products",Normal value,Units,Percentage (%),3.488595104723988
2000,Proportion of medium and high-tech manufacturing value added in total value added,Electrical equipment,Normal value,Units,Percentage (%),3.1175805352926784
2000,Proportion of medium and high-tech manufacturing value added in total value added,Machinery and equipment n.e.c.,Normal value,Units,Percentage (%),8.703962118155905
2000,Proportion of medium and high-tech manufacturing value added in total value added,"Motor vehicles, trailers and semi-trailers",Normal value,Units,Percentage (%),6.026176036823692
2000,Proportion of medium and high-tech manufacturing value added in total value added,Other,Normal value,Units,Percentage (%),0.1296236285357159
2000,Proportion of medium and high-tech manufacturing value added in total value added,Weapons and ammunition,Normal value,Units,Percentage (%),0.5780155680623251
2000,Proportion of medium and high-tech manufacturing value added in total value added,,Normal value,Units,Percentage (%),43.2499818130113
2001,Proportion of medium and high-tech manufacturing value added in total value added,"Air, spacecraft and related machinery",Normal value,Units,Percentage (%),7.819883678662305
2001,Proportion of medium and high-tech manufacturing value added in total value added,Basic pharmaceutical products and pharmaceutical preparations,Normal value,Units,Percentage (%),8.900659500441398
2001,Proportion of medium and high-tech manufacturing value added in total value added,Chemicals and chemical products,Normal value,Units,Percentage (%),4.663888456145817
2001,Proportion of medium and high-tech manufacturing value added in total value added,"Computer, electronic and optical products",Normal value,Units,Percentage (%),3.618164823181181
2001,Proportion of medium and high-tech manufacturing value added in total value added,Electrical equipment,Normal value,Units,Percentage (%),3.600638728773952
2001,Proportion of medium and high-tech manufacturing value added in total value added,Machinery and equipment n.e.c.,Normal value,Units,Percentage (%),8.75655605753752
2001,Proportion of medium and high-tech manufacturing value added in total value added,"Motor vehicles, trailers and semi-trailers",Normal value,Units,Percentage (%),6.717687074829932
2001,Proportion of medium and high-tech manufacturing value added in total value added,Other,Normal value,Units,Percentage (%),0.1395596406501532
2001,Proportion of medium and high-tech manufacturing value added in total value added,Weapons and ammunition,Normal value,Units,Percentage (%),0.4251700680272109
2001,Proportion of medium and high-tech manufacturing value added in total value added,,Normal value,Units,Percentage (%),44.64220802824947
2002,Proportion of medium and high-tech manufacturing value added in total value added,"Air, spacecraft and related machinery",Normal value,Units,Percentage (%),7.244316394700753
2002,Proportion of medium and high-tech manufacturing value added in total value added,Basic pharmaceutical products and pharmaceutical preparations,Normal value,Units,Percentage (%),9.390058251449997
2002,Proportion of medium and high-tech manufacturing value added in total value added,Chemicals and chemical products,Normal value,Units,Percentage (%),4.7330875784759
2002,Proportion of medium and high-tech manufacturing value added in total value added,"Computer, electronic and optical products",Normal value,Units,Percentage (%),4.590289747493174
2002,Proportion of medium and high-tech manufacturing value added in total value added,Electrical equipment,Normal value,Units,Percentage (%),3.753003786973315
2002,Proportion of medium and high-tech manufacturing value added in total value added,Machinery and equipment n.e.c.,Normal value,Units,Percentage (%),8.832077299548331
2002,Proportion of medium and high-tech manufacturing value added in total value added,"Motor vehicles, trailers and semi-trailers",Normal value,Units,Percentage (%),5.911956015751796
2002,Proportion of medium and high-tech manufacturing value added in total value added,Other,Normal value,Units,Percentage (%),0.1427978309827258
2002,Proportion of medium and high-tech manufacturing value added in total value added,Weapons and ammunition,Normal value,Units,Percentage (%),0.4082634022369563
2002,Proportion of medium and high-tech manufacturing value added in total value added,,Normal value,Units,Percentage (%),45.00585030761295
2003,Proportion of medium and high-tech manufacturing value added in total value added,"Air, spacecraft and related machinery",Normal value,Units,Percentage (%),7.731451183784809
2003,Proportion of medium and high-tech manufacturing value added in total value added,Basic pharmaceutical products and pharmaceutical preparations,Normal value,Units,Percentage (%),8.79077192188427
2003,Proportion of medium and high-tech manufacturing value added in total value added,Chemicals and chemical products,Normal value,Units,Percentage (%),4.987125461006355
2003,Proportion of medium and high-tech manufacturing value added in total value added,"Computer, electronic and optical products",Normal value,Units,Percentage (%),3.9314744252328735
2003,Proportion of medium and high-tech manufacturing value added in total value added,Electrical equipment,Normal value,Units,Percentage (%),3.850129357006991
2003,Proportion of medium and high-tech manufacturing value added in total value added,Machinery and equipment n.e.c.,Normal value,Units,Percentage (%),9.135112323472027
2003,Proportion of medium and high-tech manufacturing value added in total value added,"Motor vehicles, trailers and semi-trailers",Normal value,Units,Percentage (%),5.880086360328071
2003,Proportion of medium and high-tech manufacturing value added in total value added,Other,Normal value,Units,Percentage (%),0.1767573287013535
2003,Proportion of medium and high-tech manufacturing value added in total value added,Weapons and ammunition,Normal value,Units,Percentage (%),0.4642173442364267
2003,Proportion of medium and high-tech manufacturing value added in total value added,,Normal value,Units,Percentage (%),44.94712570565317
2004,Proportion of medium and high-tech manufacturing value added in total value added,"Air, spacecraft and related machinery",Normal value,Units,Percentage (%),8.344870158279246
2004,Proportion of medium and high-tech manufacturing value added in total value added,Basic pharmaceutical products and pharmaceutical preparations,Normal value,Units,Percentage (%),8.903432280335856
2004,Proportion of medium and high-tech manufacturing value added in total value added,Chemicals and chemical products,Normal value,Units,Percentage (%),4.29709272011363
2004,Proportion of medium and high-tech manufacturing value added in total value added,"Computer, electronic and optical products",Normal value,Units,Percentage (%),4.554199104622521
2004,Proportion of medium and high-tech manufacturing value added in total value added,Electrical equipment,Normal value,Units,Percentage (%),3.1529992748281463
2004,Proportion of medium and high-tech manufacturing value added in total value added,Machinery and equipment n.e.c.,Normal value,Units,Percentage (%),9.646583601527055
2004,Proportion of medium and high-tech manufacturing value added in total value added,"Motor vehicles, trailers and semi-trailers",Normal value,Units,Percentage (%),5.912847528122884
2004,Proportion of medium and high-tech manufacturing value added in total value added,Other,Normal value,Units,Percentage (%),0.2139556626332728
2004,Proportion of medium and high-tech manufacturing value added in total value added,Weapons and ammunition,Normal value,Units,Percentage (%),0.6226888892884326
2004,Proportion of medium and high-tech manufacturing value added in total value added,,Normal value,Units,Percentage (%),45.64866921975104
2005,Proportion of medium and high-tech manufacturing value added in total value added,"Air, spacecraft and related machinery",Normal value,Units,Percentage (%),8.552821400601788
2005,Proportion of medium and high-tech manufacturing value added in total value added,Basic pharmaceutical products and pharmaceutical preparations,Normal value,Units,Percentage (%),9.35245867853757
2005,Proportion of medium and high-tech manufacturing value added in total value added,Chemicals and chemical products,Normal value,Units,Percentage (%),4.855529450558509
2005,Proportion of medium and high-tech manufacturing value added in total value added,"Computer, electronic and optical products",Normal value,Units,Percentage (%),4.624117484263397
2005,Proportion of medium and high-tech manufacturing value added in total value added,Electrical equipment,Normal value,Units,Percentage (%),3.104924423089379
2005,Proportion of medium and high-tech manufacturing value added in total value added,Machinery and equipment n.e.c.,Normal value,Units,Percentage (%),9.582104141273176
2005,Proportion of medium and high-tech manufacturing value added in total value added,"Motor vehicles, trailers and semi-trailers",Normal value,Units,Percentage (%),6.107391639727487
2005,Proportion of medium and high-tech manufacturing value added in total value added,Other,Normal value,Units,Percentage (%),0.2272901246562678
2005,Proportion of medium and high-tech manufacturing value added in total value added,Weapons and ammunition,Normal value,Units,Percentage (%),0.7030684166828596
2005,Proportion of medium and high-tech manufacturing value added in total value added,,Normal value,Units,Percentage (%),47.10970575939045
2006,Proportion of medium and high-tech manufacturing value added in total value added,"Air, spacecraft and related machinery",Normal value,Units,Percentage (%),8.755908478840304
2006,Proportion of medium and high-tech manufacturing value added in total value added,Basic pharmaceutical products and pharmaceutical preparations,Normal value,Units,Percentage (%),9.897429361468683
2006,Proportion of medium and high-tech manufacturing value added in total value added,Chemicals and chemical products,Normal value,Units,Percentage (%),4.715146208876156
2006,Proportion of medium and high-tech manufacturing value added in total value added,"Computer, electronic and optical products",Normal value,Units,Percentage (%),5.08087620039787
2006,Proportion of medium and high-tech manufacturing value added in total value added,Electrical equipment,Normal value,Units,Percentage (%),3.061603338117377
2006,Proportion of medium and high-tech manufacturing value added in total value added,Machinery and equipment n.e.c.,Normal value,Units,Percentage (%),9.344955419730578
2006,Proportion of medium and high-tech manufacturing value added in total value added,"Motor vehicles, trailers and semi-trailers",Normal value,Units,Percentage (%),6.372013897739678
2006,Proportion of medium and high-tech manufacturing value added in total value added,Other,Normal value,Units,Percentage (%),0.2388327671906949
2006,Proportion of medium and high-tech manufacturing value added in total value added,Weapons and ammunition,Normal value,Units,Percentage (%),0.7757908911066657
2006,Proportion of medium and high-tech manufacturing value added in total value added,,Normal value,Units,Percentage (%),48.24255656346801
2007,Proportion of medium and high-tech manufacturing value added in total value added,"Air, spacecraft and related machinery",Normal value,Units,Percentage (%),7.887448519859587
2007,Proportion of medium and high-tech manufacturing value added in total value added,Basic pharmaceutical products and pharmaceutical preparations,Normal value,Units,Percentage (%),9.863180297962906
2007,Proportion of medium and high-tech manufacturing value added in total value added,Chemicals and chemical products,Normal value,Units,Percentage (%),4.318527322479892
2007,Proportion of medium and high-tech manufacturing value added in total value added,"Computer, electronic and optical products",Normal value,Units,Percentage (%),5.383233367423091
2007,Proportion of medium and high-tech manufacturing value added in total value added,Electrical equipment,Normal value,Units,Percentage (%),3.104010613892037
2007,Proportion of medium and high-tech manufacturing value added in total value added,Machinery and equipment n.e.c.,Normal value,Units,Percentage (%),10.059979546145554
2007,Proportion of medium and high-tech manufacturing value added in total value added,"Motor vehicles, trailers and semi-trailers",Normal value,Units,Percentage (%),6.845960363746925
2007,Proportion of medium and high-tech manufacturing value added in total value added,Other,Normal value,Units,Percentage (%),0.2073025788440808
2007,Proportion of medium and high-tech manufacturing value added in total value added,Weapons and ammunition,Normal value,Units,Percentage (%),0.6196965090245723
2007,Proportion of medium and high-tech manufacturing value added in total value added,,Normal value,Units,Percentage (%),48.289339119378646
2008,Proportion of medium and high-tech manufacturing value added in total value added,"Air, spacecraft and related machinery",Normal value,Units,Percentage (%),7.253976961053208
2008,Proportion of medium and high-tech manufacturing value added in total value added,Basic pharmaceutical products and pharmaceutical preparations,Normal value,Units,Percentage (%),10.809654415798136
2008,Proportion of medium and high-tech manufacturing value added in total value added,Chemicals and chemical products,Normal value,Units,Percentage (%),4.196928140427866
2008,Proportion of medium and high-tech manufacturing value added in total value added,"Computer, electronic and optical products",Normal value,Units,Percentage (%),6.3038946791003845
2008,Proportion of medium and high-tech manufacturing value added in total value added,Electrical equipment,Normal value,Units,Percentage (%),3.2347778387273727
2008,Proportion of medium and high-tech manufacturing value added in total value added,Machinery and equipment n.e.c.,Normal value,Units,Percentage (%),9.588590235874932
2008,Proportion of medium and high-tech manufacturing value added in total value added,"Motor vehicles, trailers and semi-trailers",Normal value,Units,Percentage (%),9.033461327482172
2008,Proportion of medium and high-tech manufacturing value added in total value added,Other,Normal value,Units,Percentage (%),0.3049917718047175
2008,Proportion of medium and high-tech manufacturing value added in total value added,Weapons and ammunition,Normal value,Units,Percentage (%),0.6785518376302798
2008,Proportion of medium and high-tech manufacturing value added in total value added,,Normal value,Units,Percentage (%),51.40482720789906
2009,Proportion of medium and high-tech manufacturing value added in total value added,"Air, spacecraft and related machinery",Normal value,Units,Percentage (%),6.245143569634435
2009,Proportion of medium and high-tech manufacturing value added in total value added,Basic pharmaceutical products and pharmaceutical preparations,Normal value,Units,Percentage (%),10.0700530668546
2009,Proportion of medium and high-tech manufacturing value added in total value added,Chemicals and chemical products,Normal value,Units,Percentage (%),4.5043579874350215
2009,Proportion of medium and high-tech manufacturing value added in total value added,"Computer, electronic and optical products",Normal value,Units,Percentage (%),7.297445442334219
2009,Proportion of medium and high-tech manufacturing value added in total value added,Electrical equipment,Normal value,Units,Percentage (%),2.884041995699236
2009,Proportion of medium and high-tech manufacturing value added in total value added,Machinery and equipment n.e.c.,Normal value,Units,Percentage (%),7.801610678424499
2009,Proportion of medium and high-tech manufacturing value added in total value added,"Motor vehicles, trailers and semi-trailers",Normal value,Units,Percentage (%),7.383581199515713
2009,Proportion of medium and high-tech manufacturing value added in total value added,Other,Normal value,Units,Percentage (%),0.172873862315305
2009,Proportion of medium and high-tech manufacturing value added in total value added,Weapons and ammunition,Normal value,Units,Percentage (%),0.6686062270731311
2009,Proportion of medium and high-tech manufacturing value added in total value added,,Normal value,Units,Percentage (%),47.02771402928615
2010,Proportion of medium and high-tech manufacturing value added in total value added,"Air, spacecraft and related machinery",Normal value,Units,Percentage (%),5.885250376841181
2010,Proportion of medium and high-tech manufacturing value added in total value added,Basic pharmaceutical products and pharmaceutical preparations,Normal value,Units,Percentage (%),9.866710977650648
2010,Proportion of medium and high-tech manufacturing value added in total value added,Chemicals and chemical products,Normal value,Units,Percentage (%),4.488860930768044
2010,Proportion of medium and high-tech manufacturing value added in total value added,"Computer, electronic and optical products",Normal value,Units,Percentage (%),7.157608631146665
2010,Proportion of medium and high-tech manufacturing value added in total value added,Electrical equipment,Normal value,Units,Percentage (%),2.523945734869975
2010,Proportion of medium and high-tech manufacturing value added in total value added,Machinery and equipment n.e.c.,Normal value,Units,Percentage (%),8.879209048935943
2010,Proportion of medium and high-tech manufacturing value added in total value added,"Motor vehicles, trailers and semi-trailers",Normal value,Units,Percentage (%),7.824647193571741
2010,Proportion of medium and high-tech manufacturing value added in total value added,Other,Normal value,Units,Percentage (%),0.2718004106678694
2010,Proportion of medium and high-tech manufacturing value added in total value added,Weapons and ammunition,Normal value,Units,Percentage (%),0.7305377850046882
2010,Proportion of medium and high-tech manufacturing value added in total value added,,Normal value,Units,Percentage (%),47.62857108945676
2011,Proportion of medium and high-tech manufacturing value added in total value added,"Air, spacecraft and related machinery",Normal value,Units,Percentage (%),7.949104584312053
2011,Proportion of medium and high-tech manufacturing value added in total value added,Basic pharmaceutical products and pharmaceutical preparations,Normal value,Units,Percentage (%),9.480412594092238
2011,Proportion of medium and high-tech manufacturing value added in total value added,Chemicals and chemical products,Normal value,Units,Percentage (%),3.7733015337110034
2011,Proportion of medium and high-tech manufacturing value added in total value added,"Computer, electronic and optical products",Normal value,Units,Percentage (%),7.571233757261547
2011,Proportion of medium and high-tech manufacturing value added in total value added,Electrical equipment,Normal value,Units,Percentage (%),2.7916784313254315
2011,Proportion of medium and high-tech manufacturing value added in total value added,Machinery and equipment n.e.c.,Normal value,Units,Percentage (%),9.87089914032885
2011,Proportion of medium and high-tech manufacturing value added in total value added,"Motor vehicles, trailers and semi-trailers",Normal value,Units,Percentage (%),8.74629788716741
2011,Proportion of medium and high-tech manufacturing value added in total value added,Other,Normal value,Units,Percentage (%),0.4139157390108074
2011,Proportion of medium and high-tech manufacturing value added in total value added,Weapons and ammunition,Normal value,Units,Percentage (%),0.7118870112159751
2011,Proportion of medium and high-tech manufacturing value added in total value added,,Normal value,Units,Percentage (%),51.30873067842532
2012,Proportion of medium and high-tech manufacturing value added in total value added,"Air, spacecraft and related machinery",Normal value,Units,Percentage (%),5.107170121557343
2012,Proportion of medium and high-tech manufacturing value added in total value added,Basic pharmaceutical products and pharmaceutical preparations,Normal value,Units,Percentage (%),8.672264959774502
2012,Proportion of medium and high-tech manufacturing value added in total value added,Chemicals and chemical products,Normal value,Units,Percentage (%),4.795349110341183
2012,Proportion of medium and high-tech manufacturing value added in total value added,"Computer, electronic and optical products",Normal value,Units,Percentage (%),7.487227670444536
2012,Proportion of medium and high-tech manufacturing value added in total value added,Electrical equipment,Normal value,Units,Percentage (%),3.0536144224558104
2012,Proportion of medium and high-tech manufacturing value added in total value added,Machinery and equipment n.e.c.,Normal value,Units,Percentage (%),9.704034294438898
2012,Proportion of medium and high-tech manufacturing value added in total value added,"Motor vehicles, trailers and semi-trailers",Normal value,Units,Percentage (%),8.22244406600505
2012,Proportion of medium and high-tech manufacturing value added in total value added,Other,Normal value,Units,Percentage (%),0.4239826178871337
2012,Proportion of medium and high-tech manufacturing value added in total value added,Weapons and ammunition,Normal value,Units,Percentage (%),0.8902460508544248
2012,Proportion of medium and high-tech manufacturing value added in total value added,,Normal value,Units,Percentage (%),48.35633331375888
2013,Proportion of medium and high-tech manufacturing value added in total value added,"Air, spacecraft and related machinery",Normal value,Units,Percentage (%),3.8950166864641664
2013,Proportion of medium and high-tech manufacturing value added in total value added,Basic pharmaceutical products and pharmaceutical preparations,Normal value,Units,Percentage (%),7.95350415747497
2013,Proportion of medium and high-tech manufacturing value added in total value added,Chemicals and chemical products,Normal value,Units,Percentage (%),4.944284178969398
2013,Proportion of medium and high-tech manufacturing value added in total value added,"Computer, electronic and optical products",Normal value,Units,Percentage (%),7.6831268736919505
2013,Proportion of medium and high-tech manufacturing value added in total value added,Electrical equipment,Normal value,Units,Percentage (%),2.804457265682448
2013,Proportion of medium and high-tech manufacturing value added in total value added,Machinery and equipment n.e.c.,Normal value,Units,Percentage (%),9.498274789298035
2013,Proportion of medium and high-tech manufacturing value added in total value added,"Motor vehicles, trailers and semi-trailers",Normal value,Units,Percentage (%),9.411731432773347
2013,Proportion of medium and high-tech manufacturing value added in total value added,Other,Normal value,Units,Percentage (%),0.4672209966627071
2013,Proportion of medium and high-tech manufacturing value added in total value added,Weapons and ammunition,Normal value,Units,Percentage (%),0.7573957803043159
2013,Proportion of medium and high-tech manufacturing value added in total value added,,Normal value,Units,Percentage (%),47.41501216132134
2014,Proportion of medium and high-tech manufacturing value added in total value added,"Air, spacecraft and related machinery",Normal value,Units,Percentage (%),3.661721458982575
2014,Proportion of medium and high-tech manufacturing value added in total value added,Basic pharmaceutical products and pharmaceutical preparations,Normal value,Units,Percentage (%),7.433173857700917
2014,Proportion of medium and high-tech manufacturing value added in total value added,Chemicals and chemical products,Normal value,Units,Percentage (%),5.585853487249265
2014,Proportion of medium and high-tech manufacturing value added in total value added,"Computer, electronic and optical products",Normal value,Units,Percentage (%),7.423298073124698
2014,Proportion of medium and high-tech manufacturing value added in total value added,Electrical equipment,Normal value,Units,Percentage (%),2.636285827151824
2014,Proportion of medium and high-tech manufacturing value added in total value added,Machinery and equipment n.e.c.,Normal value,Units,Percentage (%),8.882719571610412
2014,Proportion of medium and high-tech manufacturing value added in total value added,"Motor vehicles, trailers and semi-trailers",Normal value,Units,Percentage (%),10.715226265197735
2014,Proportion of medium and high-tech manufacturing value added in total value added,Other,Normal value,Units,Percentage (%),0.3555282447438879
2014,Proportion of medium and high-tech manufacturing value added in total value added,Weapons and ammunition,Normal value,Units,Percentage (%),0.703923978404951
2014,Proportion of medium and high-tech manufacturing value added in total value added,,Normal value,Units,Percentage (%),47.39773076416626
2015,Proportion of medium and high-tech manufacturing value added in total value added,"Air, spacecraft and related machinery",Normal value,Units,Percentage (%),3.412235027559313
2015,Proportion of medium and high-tech manufacturing value added in total value added,Basic pharmaceutical products and pharmaceutical preparations,Normal value,Units,Percentage (%),7.841877083287946
2015,Proportion of medium and high-tech manufacturing value added in total value added,Chemicals and chemical products,Normal value,Units,Percentage (%),6.975882878368663
2015,Proportion of medium and high-tech manufacturing value added in total value added,"Computer, electronic and optical products",Normal value,Units,Percentage (%),6.3740441384719295
2015,Proportion of medium and high-tech manufacturing value added in total value added,Electrical equipment,Normal value,Units,Percentage (%),2.382845689636392
2015,Proportion of medium and high-tech manufacturing value added in total value added,Machinery and equipment n.e.c.,Normal value,Units,Percentage (%),8.182283610378859
2015,Proportion of medium and high-tech manufacturing value added in total value added,"Motor vehicles, trailers and semi-trailers",Normal value,Units,Percentage (%),11.059127252129583
2015,Proportion of medium and high-tech manufacturing value added in total value added,Other,Normal value,Units,Percentage (%),0.4319078015729505
2015,Proportion of medium and high-tech manufacturing value added in total value added,Weapons and ammunition,Normal value,Units,Percentage (%),0.6437768240343348
2015,Proportion of medium and high-tech manufacturing value added in total value added,,Normal value,Units,Percentage (%),47.30398030543997
2016,Proportion of medium and high-tech manufacturing value added in total value added,"Air, spacecraft and related machinery",Normal value,Units,Percentage (%),3.7400744178909817
2016,Proportion of medium and high-tech manufacturing value added in total value added,Basic pharmaceutical products and pharmaceutical preparations,Normal value,Units,Percentage (%),7.140939155976173
2016,Proportion of medium and high-tech manufacturing value added in total value added,Chemicals and chemical products,Normal value,Units,Percentage (%),5.763824575439904
2016,Proportion of medium and high-tech manufacturing value added in total value added,"Computer, electronic and optical products",Normal value,Units,Percentage (%),7.129431234690355
2016,Proportion of medium and high-tech manufacturing value added in total value added,Electrical equipment,Normal value,Units,Percentage (%),2.385975679926349
2016,Proportion of medium and high-tech manufacturing value added in total value added,Machinery and equipment n.e.c.,Normal value,Units,Percentage (%),7.559608292279281
2016,Proportion of medium and high-tech manufacturing value added in total value added,"Motor vehicles, trailers and semi-trailers",Normal value,Units,Percentage (%),10.237665974364734
2016,Proportion of medium and high-tech manufacturing value added in total value added,Other,Normal value,Units,Percentage (%),0.3583895486154875
2016,Proportion of medium and high-tech manufacturing value added in total value added,Weapons and ammunition,Normal value,Units,Percentage (%),0.6274557082029558
2016,Proportion of medium and high-tech manufacturing value added in total value added,,Normal value,Units,Percentage (%),44.94336458738622
2017,Proportion of medium and high-tech manufacturing value added in total value added,"Air, spacecraft and related machinery",Normal value,Units,Percentage (%),4.410044831394972
2017,Proportion of medium and high-tech manufacturing value added in total value added,Basic pharmaceutical products and pharmaceutical preparations,Normal value,Units,Percentage (%),6.918004028328244
2017,Proportion of medium and high-tech manufacturing value added in total value added,Chemicals and chemical products,Normal value,Units,Percentage (%),5.405215169038183
2017,Proportion of medium and high-tech manufacturing value added in total value added,"Computer, electronic and optical products",Normal value,Units,Percentage (%),7.287808892642887
2017,Proportion of medium and high-tech manufacturing value added in total value added,Electrical equipment,Normal value,Units,Percentage (%),2.4424447187750418
2017,Proportion of medium and high-tech manufacturing value added in total value added,Machinery and equipment n.e.c.,Normal value,Units,Percentage (%),7.961362701145691
2017,Proportion of medium and high-tech manufacturing value added in total value added,"Motor vehicles, trailers and semi-trailers",Normal value,Units,Percentage (%),10.34316591947675
2017,Proportion of medium and high-tech manufacturing value added in total value added,Other,Normal value,Units,Percentage (%),0.3649318866003941
2017,Proportion of medium and high-tech manufacturing value added in total value added,Weapons and ammunition,Normal value,Units,Percentage (%),0.6112879821540728
2017,Proportion of medium and high-tech manufacturing value added in total value added,,Normal value,Units,Percentage (%),45.74426612955623
2018,Proportion of medium and high-tech manufacturing value added in total value added,"Air, spacecraft and related machinery",Normal value,Units,Percentage (%),4.182284474255278
2018,Proportion of medium and high-tech manufacturing value added in total value added,Basic pharmaceutical products and pharmaceutical preparations,Normal value,Units,Percentage (%),6.709513970366833
2018,Proportion of medium and high-tech manufacturing value added in total value added,Chemicals and chemical products,Normal value,Units,Percentage (%),5.639023579861076
2018,Proportion of medium and high-tech manufacturing value added in total value added,"Computer, electronic and optical products",Normal value,Units,Percentage (%),7.108222321437842
2018,Proportion of medium and high-tech manufacturing value added in total value added,Electrical equipment,Normal value,Units,Percentage (%),2.38238622794904
2018,Proportion of medium and high-tech manufacturing value added in total value added,Machinery and equipment n.e.c.,Normal value,Units,Percentage (%),8.436211855343627
2018,Proportion of medium and high-tech manufacturing value added in total value added,"Motor vehicles, trailers and semi-trailers",Normal value,Units,Percentage (%),9.45945945945946
2018,Proportion of medium and high-tech manufacturing value added in total value added,Other,Normal value,Units,Percentage (%),0.3836529576060886
2018,Proportion of medium and high-tech manufacturing value added in total value added,Weapons and ammunition,Normal value,Units,Percentage (%),0.6577649489674077
2018,Proportion of medium and high-tech manufacturing value added in total value added,,Normal value,Units,Percentage (%),44.95851979524665
2019,Proportion of medium and high-tech manufacturing value added in total value added,"Air, spacecraft and related machinery",Normal value,Units,Percentage (%),4.321814310269632
2019,Proportion of medium and high-tech manufacturing value added in total value added,Basic pharmaceutical products and pharmaceutical preparations,Normal value,Units,Percentage (%),7.146925267451705
2019,Proportion of medium and high-tech manufacturing value added in total value added,Chemicals and chemical products,Normal value,Units,Percentage (%),6.360347879627491
2019,Proportion of medium and high-tech manufacturing value added in total value added,"Computer, electronic and optical products",Normal value,Units,Percentage (%),6.9370686780061055
2019,Proportion of medium and high-tech manufacturing value added in total value added,Electrical equipment,Normal value,Units,Percentage (%),2.567536365735396
2019,Proportion of medium and high-tech manufacturing value added in total value added,Machinery and equipment n.e.c.,Normal value,Units,Percentage (%),7.597937350881244
2019,Proportion of medium and high-tech manufacturing value added in total value added,"Motor vehicles, trailers and semi-trailers",Normal value,Units,Percentage (%),8.36809564124272
2019,Proportion of medium and high-tech manufacturing value added in total value added,Other,Normal value,Units,Percentage (%),0.4135560173426717
2019,Proportion of medium and high-tech manufacturing value added in total value added,Weapons and ammunition,Normal value,Units,Percentage (%),0.6829318350906898
2019,Proportion of medium and high-tech manufacturing value added in total value added,,Normal value,Units,Percentage (%),44.39621334564766
2020,Proportion of medium and high-tech manufacturing value added in total value added,"Air, spacecraft and related machinery",Normal value,Units,Percentage (%),4.631138718902796
2020,Proportion of medium and high-tech manufacturing value added in total value added,Basic pharmaceutical products and pharmaceutical preparations,Normal value,Units,Percentage (%),8.452494439148396
2020,Proportion of medium and high-tech manufacturing value added in total value added,Chemicals and chemical products,Normal value,Units,Percentage (%),6.693522761052513
2020,Proportion of medium and high-tech manufacturing value added in total value added,"Computer, electronic and optical products",Normal value,Units,Percentage (%),6.728886702133112
2020,Proportion of medium and high-tech manufacturing value added in total value added,Electrical equipment,Normal value,Units,Percentage (%),3.2263189724981296
2020,Proportion of medium and high-tech manufacturing value added in total value added,Machinery and equipment n.e.c.,Normal value,Units,Percentage (%),7.521756511577847
2020,Proportion of medium and high-tech manufacturing value added in total value added,"Motor vehicles, trailers and semi-trailers",Normal value,Units,Percentage (%),6.6499584858082965
2020,Proportion of medium and high-tech manufacturing value added in total value added,Other,Normal value,Units,Percentage (%),0.5591602857816456
2020,Proportion of medium and high-tech manufacturing value added in total value added,Weapons and ammunition,Normal value,Units,Percentage (%),0.5530100351589328
2020,Proportion of medium and high-tech manufacturing value added in total value added,,Normal value,Units,Percentage (%),45.01624691206167
2021,Proportion of medium and high-tech manufacturing value added in total value added,"Air, spacecraft and related machinery",Normal value,Units,Percentage (%),4.763818907574809
2021,Proportion of medium and high-tech manufacturing value added in total value added,Basic pharmaceutical products and pharmaceutical preparations,Normal value,Units,Percentage (%),7.998279939797894
2021,Proportion of medium and high-tech manufacturing value added in total value added,Chemicals and chemical products,Normal value,Units,Percentage (%),6.334776064988362
2021,Proportion of medium and high-tech manufacturing value added in total value added,"Computer, electronic and optical products",Normal value,Units,Percentage (%),6.415637590793939
2021,Proportion of medium and high-tech manufacturing value added in total value added,Electrical equipment,Normal value,Units,Percentage (%),3.2900825441933947
2021,Proportion of medium and high-tech manufacturing value added in total value added,Machinery and equipment n.e.c.,Normal value,Units,Percentage (%),8.783992222336478
2021,Proportion of medium and high-tech manufacturing value added in total value added,"Motor vehicles, trailers and semi-trailers",Normal value,Units,Percentage (%),6.248305647219392
2021,Proportion of medium and high-tech manufacturing value added in total value added,Other,Normal value,Units,Percentage (%),0.567900311293504
2021,Proportion of medium and high-tech manufacturing value added in total value added,Weapons and ammunition,Normal value,Units,Percentage (%),0.541725482131005
2021,Proportion of medium and high-tech manufacturing value added in total value added,,Normal value,Units,Percentage (%),44.94451871032877
2022,Proportion of medium and high-tech manufacturing value added in total value added,"Air, spacecraft and related machinery",Normal value,Units,Percentage (%),4.703612991258338
2022,Proportion of medium and high-tech manufacturing value added in total value added,Basic pharmaceutical products and pharmaceutical preparations,Normal value,Units,Percentage (%),8.128616795182024
2022,Proportion of medium and high-tech manufacturing value added in total value added,Chemicals and chemical products,Normal value,Units,Percentage (%),6.285063586879162
2022,Proportion of medium and high-tech manufacturing value added in total value added,"Computer, electronic and optical products",Normal value,Units,Percentage (%),6.3415089060897145
2022,Proportion of medium and high-tech manufacturing value added in total value added,Electrical equipment,Normal value,Units,Percentage (%),3.0269415962736272
2022,Proportion of medium and high-tech manufacturing value added in total value added,Machinery and equipment n.e.c.,Normal value,Units,Percentage (%),8.272429651953253
2022,Proportion of medium and high-tech manufacturing value added in total value added,"Motor vehicles, trailers and semi-trailers",Normal value,Units,Percentage (%),5.774110740808003
2022,Proportion of medium and high-tech manufacturing value added in total value added,Other,Normal value,Units,Percentage (%),0.5374576046569842
2022,Proportion of medium and high-tech manufacturing value added in total value added,Weapons and ammunition,Normal value,Units,Percentage (%),0.475122339094028
2022,Proportion of medium and high-tech manufacturing value added in total value added,,Normal value,Units,Percentage (%),43.54486421219514
