Year,Country,Sex,Cause of death,Observation status,Unit multiplier,Unit measure,GeoCode,Value
2013,England,,,Undefined,Units,"Rate per 1,000,000 population",E92000001,1.68938308315
2013,England,,Exposure to excessive natural heat,Undefined,Units,"Rate per 1,000,000 population",E92000001,0.018564649265414464
2013,England,,Exposure to excessive natural cold,Undefined,Units,"Rate per 1,000,000 population",E92000001,1.5594305382948148
2013,England,,Exposure to sunlight,Undefined,Units,"Rate per 1,000,000 population",E92000001,0.0
2013,England,,Victim of lightning,Undefined,Units,"Rate per 1,000,000 population",E92000001,0.018564649265414464
2013,England,,Victim of earthquake,Undefined,Units,"Rate per 1,000,000 population",E92000001,0.0
2013,England,,Victim of volcanic eruption,Undefined,Units,"Rate per 1,000,000 population",E92000001,0.0
2013,England,,"Victim of avalanche, landslide and other earth movements",Undefined,Units,"Rate per 1,000,000 population",E92000001,0.0
2013,England,,Victim of cataclysmic storm,Undefined,Units,"Rate per 1,000,000 population",E92000001,0.0
2013,England,,Victim of flood,Undefined,Units,"Rate per 1,000,000 population",E92000001,0.0
2013,England,,Exposure to other and unspecified forces of nature,Undefined,Units,"Rate per 1,000,000 population",E92000001,0.09282324632707233
2013,England,Male,,Undefined,Units,"Rate per 1,000,000 population",E92000001,1.997439583953686
2013,England,Male,Exposure to excessive natural heat,Undefined,Units,"Rate per 1,000,000 population",E92000001,0.03768753931988087
2013,England,Male,Exposure to excessive natural cold,Undefined,Units,"Rate per 1,000,000 population",E92000001,1.771314348034401
2013,England,Male,Exposure to sunlight,Undefined,Units,"Rate per 1,000,000 population",E92000001,0.0
2013,England,Male,Victim of lightning,Undefined,Units,"Rate per 1,000,000 population",E92000001,0.0
2013,England,Male,Victim of earthquake,Undefined,Units,"Rate per 1,000,000 population",E92000001,0.0
2013,England,Male,Victim of volcanic eruption,Undefined,Units,"Rate per 1,000,000 population",E92000001,0.0
2013,England,Male,"Victim of avalanche, landslide and other earth movements",Undefined,Units,"Rate per 1,000,000 population",E92000001,0.0
2013,England,Male,Victim of cataclysmic storm,Undefined,Units,"Rate per 1,000,000 population",E92000001,0.0
2013,England,Male,Victim of flood,Undefined,Units,"Rate per 1,000,000 population",E92000001,0.0
2013,England,Male,Exposure to other and unspecified forces of nature,Undefined,Units,"Rate per 1,000,000 population",E92000001,0.18843769659940435
2013,England,Female,,Undefined,Units,"Rate per 1,000,000 population",E92000001,1.3903194544327921
2013,England,Female,Exposure to excessive natural heat,Undefined,Units,"Rate per 1,000,000 population",E92000001,0.0
2013,England,Female,Exposure to excessive natural cold,Undefined,Units,"Rate per 1,000,000 population",E92000001,1.3537321003687712
2013,England,Female,Exposure to sunlight,Undefined,Units,"Rate per 1,000,000 population",E92000001,0.0
2013,England,Female,Victim of lightning,Undefined,Units,"Rate per 1,000,000 population",E92000001,0.03658735406402085
2013,England,Female,Victim of earthquake,Undefined,Units,"Rate per 1,000,000 population",E92000001,0.0
2013,England,Female,Victim of volcanic eruption,Undefined,Units,"Rate per 1,000,000 population",E92000001,0.0
2013,England,Female,"Victim of avalanche, landslide and other earth movements",Undefined,Units,"Rate per 1,000,000 population",E92000001,0.0
2013,England,Female,Victim of cataclysmic storm,Undefined,Units,"Rate per 1,000,000 population",E92000001,0.0
2013,England,Female,Victim of flood,Undefined,Units,"Rate per 1,000,000 population",E92000001,0.0
2013,England,Female,Exposure to other and unspecified forces of nature,Undefined,Units,"Rate per 1,000,000 population",E92000001,0.0
2013,Wales,,,Undefined,Units,"Rate per 1,000,000 population",W92000004,1.9465275894332104
2013,Wales,,Exposure to excessive natural heat,Undefined,Units,"Rate per 1,000,000 population",W92000004,0.0
2013,Wales,,Exposure to excessive natural cold,Undefined,Units,"Rate per 1,000,000 population",W92000004,1.9465275894332104
2013,Wales,,Exposure to sunlight,Undefined,Units,"Rate per 1,000,000 population",W92000004,0.0
2013,Wales,,Victim of lightning,Undefined,Units,"Rate per 1,000,000 population",W92000004,0.0
2013,Wales,,Victim of earthquake,Undefined,Units,"Rate per 1,000,000 population",W92000004,0.0
2013,Wales,,Victim of volcanic eruption,Undefined,Units,"Rate per 1,000,000 population",W92000004,0.0
2013,Wales,,"Victim of avalanche, landslide and other earth movements",Undefined,Units,"Rate per 1,000,000 population",W92000004,0.0
2013,Wales,,Victim of cataclysmic storm,Undefined,Units,"Rate per 1,000,000 population",W92000004,0.0
2013,Wales,,Victim of flood,Undefined,Units,"Rate per 1,000,000 population",W92000004,0.0
2013,Wales,,Exposure to other and unspecified forces of nature,Undefined,Units,"Rate per 1,000,000 population",W92000004,0.0
2013,Wales,Male,,Undefined,Units,"Rate per 1,000,000 population",W92000004,1.9799013613141796
2013,Wales,Male,Exposure to excessive natural heat,Undefined,Units,"Rate per 1,000,000 population",W92000004,0.0
2013,Wales,Male,Exposure to excessive natural cold,Undefined,Units,"Rate per 1,000,000 population",W92000004,1.9799013613141796
2013,Wales,Male,Exposure to sunlight,Undefined,Units,"Rate per 1,000,000 population",W92000004,0.0
2013,Wales,Male,Victim of lightning,Undefined,Units,"Rate per 1,000,000 population",W92000004,0.0
2013,Wales,Male,Victim of earthquake,Undefined,Units,"Rate per 1,000,000 population",W92000004,0.0
2013,Wales,Male,Victim of volcanic eruption,Undefined,Units,"Rate per 1,000,000 population",W92000004,0.0
2013,Wales,Male,"Victim of avalanche, landslide and other earth movements",Undefined,Units,"Rate per 1,000,000 population",W92000004,0.0
2013,Wales,Male,Victim of cataclysmic storm,Undefined,Units,"Rate per 1,000,000 population",W92000004,0.0
2013,Wales,Male,Victim of flood,Undefined,Units,"Rate per 1,000,000 population",W92000004,0.0
2013,Wales,Male,Exposure to other and unspecified forces of nature,Undefined,Units,"Rate per 1,000,000 population",W92000004,0.0
2013,Wales,Female,,Undefined,Units,"Rate per 1,000,000 population",W92000004,1.9142602819705397
2013,Wales,Female,Exposure to excessive natural heat,Undefined,Units,"Rate per 1,000,000 population",W92000004,0.0
2013,Wales,Female,Exposure to excessive natural cold,Undefined,Units,"Rate per 1,000,000 population",W92000004,1.9142602819705397
2013,Wales,Female,Exposure to sunlight,Undefined,Units,"Rate per 1,000,000 population",W92000004,0.0
2013,Wales,Female,Victim of lightning,Undefined,Units,"Rate per 1,000,000 population",W92000004,0.0
2013,Wales,Female,Victim of earthquake,Undefined,Units,"Rate per 1,000,000 population",W92000004,0.0
2013,Wales,Female,Victim of volcanic eruption,Undefined,Units,"Rate per 1,000,000 population",W92000004,0.0
2013,Wales,Female,"Victim of avalanche, landslide and other earth movements",Undefined,Units,"Rate per 1,000,000 population",W92000004,0.0
2013,Wales,Female,Victim of cataclysmic storm,Undefined,Units,"Rate per 1,000,000 population",W92000004,0.0
2013,Wales,Female,Victim of flood,Undefined,Units,"Rate per 1,000,000 population",W92000004,0.0
2013,Wales,Female,Exposure to other and unspecified forces of nature,Undefined,Units,"Rate per 1,000,000 population",W92000004,0.0
2013,,,,Undefined,Units,"Rate per 1,000,000 population",,1.7033014319022983
2013,,,Exposure to excessive natural heat,Undefined,Units,"Rate per 1,000,000 population",,0.017559808576312355
2013,,,Exposure to excessive natural cold,Undefined,Units,"Rate per 1,000,000 population",,1.5803827718681118
2013,,,Exposure to sunlight,Undefined,Units,"Rate per 1,000,000 population",,0.0
2013,,,Victim of lightning,Undefined,Units,"Rate per 1,000,000 population",,0.017559808576312355
2013,,,Victim of earthquake,Undefined,Units,"Rate per 1,000,000 population",,0.0
2013,,,Victim of volcanic eruption,Undefined,Units,"Rate per 1,000,000 population",,0.0
2013,,,"Victim of avalanche, landslide and other earth movements",Undefined,Units,"Rate per 1,000,000 population",,0.0
2013,,,Victim of cataclysmic storm,Undefined,Units,"Rate per 1,000,000 population",,0.0
2013,,,Victim of flood,Undefined,Units,"Rate per 1,000,000 population",,0.0
2013,,,Exposure to other and unspecified forces of nature,Undefined,Units,"Rate per 1,000,000 population",,0.08779904288156178
2013,,Male,,Undefined,Units,"Rate per 1,000,000 population",,1.996492163269136
2013,,Male,Exposure to excessive natural heat,Undefined,Units,"Rate per 1,000,000 population",,0.035651645772663144
2013,,Male,Exposure to excessive natural cold,Undefined,Units,"Rate per 1,000,000 population",,1.7825822886331573
2013,,Male,Exposure to sunlight,Undefined,Units,"Rate per 1,000,000 population",,0.0
2013,,Male,Victim of lightning,Undefined,Units,"Rate per 1,000,000 population",,0.0
2013,,Male,Victim of earthquake,Undefined,Units,"Rate per 1,000,000 population",,0.0
2013,,Male,Victim of volcanic eruption,Undefined,Units,"Rate per 1,000,000 population",,0.0
2013,,Male,"Victim of avalanche, landslide and other earth movements",Undefined,Units,"Rate per 1,000,000 population",,0.0
2013,,Male,Victim of cataclysmic storm,Undefined,Units,"Rate per 1,000,000 population",,0.0
2013,,Male,Victim of flood,Undefined,Units,"Rate per 1,000,000 population",,0.0
2013,,Male,Exposure to other and unspecified forces of nature,Undefined,Units,"Rate per 1,000,000 population",,0.17825822886331572
2013,,Female,,Undefined,Units,"Rate per 1,000,000 population",,1.418732592194348
2013,,Female,Exposure to excessive natural heat,Undefined,Units,"Rate per 1,000,000 population",,0.0
2013,,Female,Exposure to excessive natural cold,Undefined,Units,"Rate per 1,000,000 population",,1.384129358238388
2013,,Female,Exposure to sunlight,Undefined,Units,"Rate per 1,000,000 population",,0.0
2013,,Female,Victim of lightning,Undefined,Units,"Rate per 1,000,000 population",,0.034603233955959704
2013,,Female,Victim of earthquake,Undefined,Units,"Rate per 1,000,000 population",,0.0
2013,,Female,Victim of volcanic eruption,Undefined,Units,"Rate per 1,000,000 population",,0.0
2013,,Female,"Victim of avalanche, landslide and other earth movements",Undefined,Units,"Rate per 1,000,000 population",,0.0
2013,,Female,Victim of cataclysmic storm,Undefined,Units,"Rate per 1,000,000 population",,0.0
2013,,Female,Victim of flood,Undefined,Units,"Rate per 1,000,000 population",,0.0
2013,,Female,Exposure to other and unspecified forces of nature,Undefined,Units,"Rate per 1,000,000 population",,0.0
2014,England,,,Undefined,Units,"Rate per 1,000,000 population",E92000001,1.1782766003582918
2014,England,,Exposure to excessive natural heat,Undefined,Units,"Rate per 1,000,000 population",E92000001,0.0
2014,England,,Exposure to excessive natural cold,Undefined,Units,"Rate per 1,000,000 population",E92000001,1.067813169074702
2014,England,,Exposure to sunlight,Undefined,Units,"Rate per 1,000,000 population",E92000001,0.0
2014,England,,Victim of lightning,Undefined,Units,"Rate per 1,000,000 population",E92000001,0.03682114376119662
2014,England,,Victim of earthquake,Undefined,Units,"Rate per 1,000,000 population",E92000001,0.0
2014,England,,Victim of volcanic eruption,Undefined,Units,"Rate per 1,000,000 population",E92000001,0.0
2014,England,,"Victim of avalanche, landslide and other earth movements",Undefined,Units,"Rate per 1,000,000 population",E92000001,0.03682114376119662
2014,England,,Victim of cataclysmic storm,Undefined,Units,"Rate per 1,000,000 population",E92000001,0.0
2014,England,,Victim of flood,Undefined,Units,"Rate per 1,000,000 population",E92000001,0.0
2014,England,,Exposure to other and unspecified forces of nature,Undefined,Units,"Rate per 1,000,000 population",E92000001,0.03682114376119662
2014,England,Male,,Undefined,Units,"Rate per 1,000,000 population",E92000001,1.2699268327920208
2014,England,Male,Exposure to excessive natural heat,Undefined,Units,"Rate per 1,000,000 population",E92000001,0.0
2014,England,Male,Exposure to excessive natural cold,Undefined,Units,"Rate per 1,000,000 population",E92000001,1.1205236759929595
2014,England,Male,Exposure to sunlight,Undefined,Units,"Rate per 1,000,000 population",E92000001,0.0
2014,England,Male,Victim of lightning,Undefined,Units,"Rate per 1,000,000 population",E92000001,0.07470157839953064
2014,England,Male,Victim of earthquake,Undefined,Units,"Rate per 1,000,000 population",E92000001,0.0
2014,England,Male,Victim of volcanic eruption,Undefined,Units,"Rate per 1,000,000 population",E92000001,0.0
2014,England,Male,"Victim of avalanche, landslide and other earth movements",Undefined,Units,"Rate per 1,000,000 population",E92000001,0.03735078919976532
2014,England,Male,Victim of cataclysmic storm,Undefined,Units,"Rate per 1,000,000 population",E92000001,0.0
2014,England,Male,Victim of flood,Undefined,Units,"Rate per 1,000,000 population",E92000001,0.0
2014,England,Male,Exposure to other and unspecified forces of nature,Undefined,Units,"Rate per 1,000,000 population",E92000001,0.03735078919976532
2014,England,Female,,Undefined,Units,"Rate per 1,000,000 population",E92000001,1.0891892808380892
2014,England,Female,Exposure to excessive natural heat,Undefined,Units,"Rate per 1,000,000 population",E92000001,0.0
2014,England,Female,Exposure to excessive natural cold,Undefined,Units,"Rate per 1,000,000 population",E92000001,1.0165766621155496
2014,England,Female,Exposure to sunlight,Undefined,Units,"Rate per 1,000,000 population",E92000001,0.0
2014,England,Female,Victim of lightning,Undefined,Units,"Rate per 1,000,000 population",E92000001,0.0
2014,England,Female,Victim of earthquake,Undefined,Units,"Rate per 1,000,000 population",E92000001,0.0
2014,England,Female,Victim of volcanic eruption,Undefined,Units,"Rate per 1,000,000 population",E92000001,0.0
2014,England,Female,"Victim of avalanche, landslide and other earth movements",Undefined,Units,"Rate per 1,000,000 population",E92000001,0.036306309361269634
2014,England,Female,Victim of cataclysmic storm,Undefined,Units,"Rate per 1,000,000 population",E92000001,0.0
2014,England,Female,Victim of flood,Undefined,Units,"Rate per 1,000,000 population",E92000001,0.0
2014,England,Female,Exposure to other and unspecified forces of nature,Undefined,Units,"Rate per 1,000,000 population",E92000001,0.036306309361269634
2014,Wales,,,Undefined,Units,"Rate per 1,000,000 population",W92000004,2.263880498157201
2014,Wales,,Exposure to excessive natural heat,Undefined,Units,"Rate per 1,000,000 population",W92000004,0.0
2014,Wales,,Exposure to excessive natural cold,Undefined,Units,"Rate per 1,000,000 population",W92000004,1.9404689984204584
2014,Wales,,Exposure to sunlight,Undefined,Units,"Rate per 1,000,000 population",W92000004,0.0
2014,Wales,,Victim of lightning,Undefined,Units,"Rate per 1,000,000 population",W92000004,0.0
2014,Wales,,Victim of earthquake,Undefined,Units,"Rate per 1,000,000 population",W92000004,0.0
2014,Wales,,Victim of volcanic eruption,Undefined,Units,"Rate per 1,000,000 population",W92000004,0.0
2014,Wales,,"Victim of avalanche, landslide and other earth movements",Undefined,Units,"Rate per 1,000,000 population",W92000004,0.0
2014,Wales,,Victim of cataclysmic storm,Undefined,Units,"Rate per 1,000,000 population",W92000004,0.0
2014,Wales,,Victim of flood,Undefined,Units,"Rate per 1,000,000 population",W92000004,0.0
2014,Wales,,Exposure to other and unspecified forces of nature,Undefined,Units,"Rate per 1,000,000 population",W92000004,0.32341149973674305
2014,Wales,Male,,Undefined,Units,"Rate per 1,000,000 population",W92000004,1.9719781899212196
2014,Wales,Male,Exposure to excessive natural heat,Undefined,Units,"Rate per 1,000,000 population",W92000004,0.0
2014,Wales,Male,Exposure to excessive natural cold,Undefined,Units,"Rate per 1,000,000 population",W92000004,1.3146521266141464
2014,Wales,Male,Exposure to sunlight,Undefined,Units,"Rate per 1,000,000 population",W92000004,0.0
2014,Wales,Male,Victim of lightning,Undefined,Units,"Rate per 1,000,000 population",W92000004,0.0
2014,Wales,Male,Victim of earthquake,Undefined,Units,"Rate per 1,000,000 population",W92000004,0.0
2014,Wales,Male,Victim of volcanic eruption,Undefined,Units,"Rate per 1,000,000 population",W92000004,0.0
2014,Wales,Male,"Victim of avalanche, landslide and other earth movements",Undefined,Units,"Rate per 1,000,000 population",W92000004,0.0
2014,Wales,Male,Victim of cataclysmic storm,Undefined,Units,"Rate per 1,000,000 population",W92000004,0.0
2014,Wales,Male,Victim of flood,Undefined,Units,"Rate per 1,000,000 population",W92000004,0.0
2014,Wales,Male,Exposure to other and unspecified forces of nature,Undefined,Units,"Rate per 1,000,000 population",W92000004,0.6573260633070732
2014,Wales,Female,,Undefined,Units,"Rate per 1,000,000 population",W92000004,2.5466012105268847
2014,Wales,Female,Exposure to excessive natural heat,Undefined,Units,"Rate per 1,000,000 population",W92000004,0.0
2014,Wales,Female,Exposure to excessive natural cold,Undefined,Units,"Rate per 1,000,000 population",W92000004,2.5466012105268847
2014,Wales,Female,Exposure to sunlight,Undefined,Units,"Rate per 1,000,000 population",W92000004,0.0
2014,Wales,Female,Victim of lightning,Undefined,Units,"Rate per 1,000,000 population",W92000004,0.0
2014,Wales,Female,Victim of earthquake,Undefined,Units,"Rate per 1,000,000 population",W92000004,0.0
2014,Wales,Female,Victim of volcanic eruption,Undefined,Units,"Rate per 1,000,000 population",W92000004,0.0
2014,Wales,Female,"Victim of avalanche, landslide and other earth movements",Undefined,Units,"Rate per 1,000,000 population",W92000004,0.0
2014,Wales,Female,Victim of cataclysmic storm,Undefined,Units,"Rate per 1,000,000 population",W92000004,0.0
2014,Wales,Female,Victim of flood,Undefined,Units,"Rate per 1,000,000 population",W92000004,0.0
2014,Wales,Female,Exposure to other and unspecified forces of nature,Undefined,Units,"Rate per 1,000,000 population",W92000004,0.0
2014,,,,Undefined,Units,"Rate per 1,000,000 population",,1.2367473377794227
2014,,,Exposure to excessive natural heat,Undefined,Units,"Rate per 1,000,000 population",,0.0
2014,,,Exposure to excessive natural cold,Undefined,Units,"Rate per 1,000,000 population",,1.1148145016603246
2014,,,Exposure to sunlight,Undefined,Units,"Rate per 1,000,000 population",,0.0
2014,,,Victim of lightning,Undefined,Units,"Rate per 1,000,000 population",,0.034837953176885136
2014,,,Victim of earthquake,Undefined,Units,"Rate per 1,000,000 population",,0.0
2014,,,Victim of volcanic eruption,Undefined,Units,"Rate per 1,000,000 population",,0.0
2014,,,"Victim of avalanche, landslide and other earth movements",Undefined,Units,"Rate per 1,000,000 population",,0.034837953176885136
2014,,,Victim of cataclysmic storm,Undefined,Units,"Rate per 1,000,000 population",,0.0
2014,,,Victim of flood,Undefined,Units,"Rate per 1,000,000 population",,0.0
2014,,,Exposure to other and unspecified forces of nature,Undefined,Units,"Rate per 1,000,000 population",,0.05225692976532772
2014,,Male,,Undefined,Units,"Rate per 1,000,000 population",,1.3076741280314053
2014,,Male,Exposure to excessive natural heat,Undefined,Units,"Rate per 1,000,000 population",,0.0
2014,,Male,Exposure to excessive natural cold,Undefined,Units,"Rate per 1,000,000 population",,1.1309614080271613
2014,,Male,Exposure to sunlight,Undefined,Units,"Rate per 1,000,000 population",,0.0
2014,,Male,Victim of lightning,Undefined,Units,"Rate per 1,000,000 population",,0.07068508800169758
2014,,Male,Victim of earthquake,Undefined,Units,"Rate per 1,000,000 population",,0.0
2014,,Male,Victim of volcanic eruption,Undefined,Units,"Rate per 1,000,000 population",,0.0
2014,,Male,"Victim of avalanche, landslide and other earth movements",Undefined,Units,"Rate per 1,000,000 population",,0.03534254400084879
2014,,Male,Victim of cataclysmic storm,Undefined,Units,"Rate per 1,000,000 population",,0.0
2014,,Male,Victim of flood,Undefined,Units,"Rate per 1,000,000 population",,0.0
2014,,Male,Exposure to other and unspecified forces of nature,Undefined,Units,"Rate per 1,000,000 population",,0.07068508800169758
2014,,Female,,Undefined,Units,"Rate per 1,000,000 population",,1.1678173044626454
2014,,Female,Exposure to excessive natural heat,Undefined,Units,"Rate per 1,000,000 population",,0.0
2014,,Female,Exposure to excessive natural cold,Undefined,Units,"Rate per 1,000,000 population",,1.099122168906019
2014,,Female,Exposure to sunlight,Undefined,Units,"Rate per 1,000,000 population",,0.0
2014,,Female,Victim of lightning,Undefined,Units,"Rate per 1,000,000 population",,0.0
2014,,Female,Victim of earthquake,Undefined,Units,"Rate per 1,000,000 population",,0.0
2014,,Female,Victim of volcanic eruption,Undefined,Units,"Rate per 1,000,000 population",,0.0
2014,,Female,"Victim of avalanche, landslide and other earth movements",Undefined,Units,"Rate per 1,000,000 population",,0.034347567778313104
2014,,Female,Victim of cataclysmic storm,Undefined,Units,"Rate per 1,000,000 population",,0.0
2014,,Female,Victim of flood,Undefined,Units,"Rate per 1,000,000 population",,0.0
2014,,Female,Exposure to other and unspecified forces of nature,Undefined,Units,"Rate per 1,000,000 population",,0.034347567778313104
2015,England,,,Undefined,Units,"Rate per 1,000,000 population",E92000001,0.6570982573808972
2015,England,,Exposure to excessive natural heat,Undefined,Units,"Rate per 1,000,000 population",E92000001,0.054758188115074775
2015,England,,Exposure to excessive natural cold,Undefined,Units,"Rate per 1,000,000 population",E92000001,0.5293291517790562
2015,England,,Exposure to sunlight,Undefined,Units,"Rate per 1,000,000 population",E92000001,0.0
2015,England,,Victim of lightning,Undefined,Units,"Rate per 1,000,000 population",E92000001,0.03650545874338318
2015,England,,Victim of earthquake,Undefined,Units,"Rate per 1,000,000 population",E92000001,0.0
2015,England,,Victim of volcanic eruption,Undefined,Units,"Rate per 1,000,000 population",E92000001,0.0
2015,England,,"Victim of avalanche, landslide and other earth movements",Undefined,Units,"Rate per 1,000,000 population",E92000001,0.0
2015,England,,Victim of cataclysmic storm,Undefined,Units,"Rate per 1,000,000 population",E92000001,0.0
2015,England,,Victim of flood,Undefined,Units,"Rate per 1,000,000 population",E92000001,0.0
2015,England,,Exposure to other and unspecified forces of nature,Undefined,Units,"Rate per 1,000,000 population",E92000001,0.03650545874338318
2015,England,Male,,Undefined,Units,"Rate per 1,000,000 population",E92000001,0.5919505235913372
2015,England,Male,Exposure to excessive natural heat,Undefined,Units,"Rate per 1,000,000 population",E92000001,0.03699690772445857
2015,England,Male,Exposure to excessive natural cold,Undefined,Units,"Rate per 1,000,000 population",E92000001,0.4809598004179614
2015,England,Male,Exposure to sunlight,Undefined,Units,"Rate per 1,000,000 population",E92000001,0.0
2015,England,Male,Victim of lightning,Undefined,Units,"Rate per 1,000,000 population",E92000001,0.07399381544891714
2015,England,Male,Victim of earthquake,Undefined,Units,"Rate per 1,000,000 population",E92000001,0.0
2015,England,Male,Victim of volcanic eruption,Undefined,Units,"Rate per 1,000,000 population",E92000001,0.0
2015,England,Male,"Victim of avalanche, landslide and other earth movements",Undefined,Units,"Rate per 1,000,000 population",E92000001,0.0
2015,England,Male,Victim of cataclysmic storm,Undefined,Units,"Rate per 1,000,000 population",E92000001,0.0
2015,England,Male,Victim of flood,Undefined,Units,"Rate per 1,000,000 population",E92000001,0.0
2015,England,Male,Exposure to other and unspecified forces of nature,Undefined,Units,"Rate per 1,000,000 population",E92000001,0.0
2015,England,Female,,Undefined,Units,"Rate per 1,000,000 population",E92000001,0.7205378988343895
2015,England,Female,Exposure to excessive natural heat,Undefined,Units,"Rate per 1,000,000 population",E92000001,0.07205378988343894
2015,England,Female,Exposure to excessive natural cold,Undefined,Units,"Rate per 1,000,000 population",E92000001,0.5764303190675115
2015,England,Female,Exposure to sunlight,Undefined,Units,"Rate per 1,000,000 population",E92000001,0.0
2015,England,Female,Victim of lightning,Undefined,Units,"Rate per 1,000,000 population",E92000001,0.0
2015,England,Female,Victim of earthquake,Undefined,Units,"Rate per 1,000,000 population",E92000001,0.0
2015,England,Female,Victim of volcanic eruption,Undefined,Units,"Rate per 1,000,000 population",E92000001,0.0
2015,England,Female,"Victim of avalanche, landslide and other earth movements",Undefined,Units,"Rate per 1,000,000 population",E92000001,0.0
2015,England,Female,Victim of cataclysmic storm,Undefined,Units,"Rate per 1,000,000 population",E92000001,0.0
2015,England,Female,Victim of flood,Undefined,Units,"Rate per 1,000,000 population",E92000001,0.0
2015,England,Female,Exposure to other and unspecified forces of nature,Undefined,Units,"Rate per 1,000,000 population",E92000001,0.07205378988343894
2015,Wales,,,Undefined,Units,"Rate per 1,000,000 population",W92000004,0.9680273474179162
2015,Wales,,Exposure to excessive natural heat,Undefined,Units,"Rate per 1,000,000 population",W92000004,0.0
2015,Wales,,Exposure to excessive natural cold,Undefined,Units,"Rate per 1,000,000 population",W92000004,0.9680273474179162
2015,Wales,,Exposure to sunlight,Undefined,Units,"Rate per 1,000,000 population",W92000004,0.0
2015,Wales,,Victim of lightning,Undefined,Units,"Rate per 1,000,000 population",W92000004,0.0
2015,Wales,,Victim of earthquake,Undefined,Units,"Rate per 1,000,000 population",W92000004,0.0
2015,Wales,,Victim of volcanic eruption,Undefined,Units,"Rate per 1,000,000 population",W92000004,0.0
2015,Wales,,"Victim of avalanche, landslide and other earth movements",Undefined,Units,"Rate per 1,000,000 population",W92000004,0.0
2015,Wales,,Victim of cataclysmic storm,Undefined,Units,"Rate per 1,000,000 population",W92000004,0.0
2015,Wales,,Victim of flood,Undefined,Units,"Rate per 1,000,000 population",W92000004,0.0
2015,Wales,,Exposure to other and unspecified forces of nature,Undefined,Units,"Rate per 1,000,000 population",W92000004,0.0
2015,Wales,Male,,Undefined,Units,"Rate per 1,000,000 population",W92000004,1.3109931362954348
2015,Wales,Male,Exposure to excessive natural heat,Undefined,Units,"Rate per 1,000,000 population",W92000004,0.0
2015,Wales,Male,Exposure to excessive natural cold,Undefined,Units,"Rate per 1,000,000 population",W92000004,1.3109931362954348
2015,Wales,Male,Exposure to sunlight,Undefined,Units,"Rate per 1,000,000 population",W92000004,0.0
2015,Wales,Male,Victim of lightning,Undefined,Units,"Rate per 1,000,000 population",W92000004,0.0
2015,Wales,Male,Victim of earthquake,Undefined,Units,"Rate per 1,000,000 population",W92000004,0.0
2015,Wales,Male,Victim of volcanic eruption,Undefined,Units,"Rate per 1,000,000 population",W92000004,0.0
2015,Wales,Male,"Victim of avalanche, landslide and other earth movements",Undefined,Units,"Rate per 1,000,000 population",W92000004,0.0
2015,Wales,Male,Victim of cataclysmic storm,Undefined,Units,"Rate per 1,000,000 population",W92000004,0.0
2015,Wales,Male,Victim of flood,Undefined,Units,"Rate per 1,000,000 population",W92000004,0.0
2015,Wales,Male,Exposure to other and unspecified forces of nature,Undefined,Units,"Rate per 1,000,000 population",W92000004,0.0
2015,Wales,Female,,Undefined,Units,"Rate per 1,000,000 population",W92000004,0.6355158005115903
2015,Wales,Female,Exposure to excessive natural heat,Undefined,Units,"Rate per 1,000,000 population",W92000004,0.0
2015,Wales,Female,Exposure to excessive natural cold,Undefined,Units,"Rate per 1,000,000 population",W92000004,0.6355158005115903
2015,Wales,Female,Exposure to sunlight,Undefined,Units,"Rate per 1,000,000 population",W92000004,0.0
2015,Wales,Female,Victim of lightning,Undefined,Units,"Rate per 1,000,000 population",W92000004,0.0
2015,Wales,Female,Victim of earthquake,Undefined,Units,"Rate per 1,000,000 population",W92000004,0.0
2015,Wales,Female,Victim of volcanic eruption,Undefined,Units,"Rate per 1,000,000 population",W92000004,0.0
2015,Wales,Female,"Victim of avalanche, landslide and other earth movements",Undefined,Units,"Rate per 1,000,000 population",W92000004,0.0
2015,Wales,Female,Victim of cataclysmic storm,Undefined,Units,"Rate per 1,000,000 population",W92000004,0.0
2015,Wales,Female,Victim of flood,Undefined,Units,"Rate per 1,000,000 population",W92000004,0.0
2015,Wales,Female,Exposure to other and unspecified forces of nature,Undefined,Units,"Rate per 1,000,000 population",W92000004,0.0
2015,,,,Undefined,Units,"Rate per 1,000,000 population",,0.6737448690225291
2015,,,Exposure to excessive natural heat,Undefined,Units,"Rate per 1,000,000 population",,0.05182652838634839
2015,,,Exposure to excessive natural cold,Undefined,Units,"Rate per 1,000,000 population",,0.5528163027877162
2015,,,Exposure to sunlight,Undefined,Units,"Rate per 1,000,000 population",,0.0
2015,,,Victim of lightning,Undefined,Units,"Rate per 1,000,000 population",,0.03455101892423226
2015,,,Victim of earthquake,Undefined,Units,"Rate per 1,000,000 population",,0.0
2015,,,Victim of volcanic eruption,Undefined,Units,"Rate per 1,000,000 population",,0.0
2015,,,"Victim of avalanche, landslide and other earth movements",Undefined,Units,"Rate per 1,000,000 population",,0.0
2015,,,Victim of cataclysmic storm,Undefined,Units,"Rate per 1,000,000 population",,0.0
2015,,,Victim of flood,Undefined,Units,"Rate per 1,000,000 population",,0.0
2015,,,Exposure to other and unspecified forces of nature,Undefined,Units,"Rate per 1,000,000 population",,0.03455101892423226
2015,,Male,,Undefined,Units,"Rate per 1,000,000 population",,0.6303658359647313
2015,,Male,Exposure to excessive natural heat,Undefined,Units,"Rate per 1,000,000 population",,0.03502032422026285
2015,,Male,Exposure to excessive natural cold,Undefined,Units,"Rate per 1,000,000 population",,0.5253048633039428
2015,,Male,Exposure to sunlight,Undefined,Units,"Rate per 1,000,000 population",,0.0
2015,,Male,Victim of lightning,Undefined,Units,"Rate per 1,000,000 population",,0.07004064844052571
2015,,Male,Victim of earthquake,Undefined,Units,"Rate per 1,000,000 population",,0.0
2015,,Male,Victim of volcanic eruption,Undefined,Units,"Rate per 1,000,000 population",,0.0
2015,,Male,"Victim of avalanche, landslide and other earth movements",Undefined,Units,"Rate per 1,000,000 population",,0.0
2015,,Male,Victim of cataclysmic storm,Undefined,Units,"Rate per 1,000,000 population",,0.0
2015,,Male,Victim of flood,Undefined,Units,"Rate per 1,000,000 population",,0.0
2015,,Male,Exposure to other and unspecified forces of nature,Undefined,Units,"Rate per 1,000,000 population",,0.0
2015,,Female,,Undefined,Units,"Rate per 1,000,000 population",,0.7159766367958942
2015,,Female,Exposure to excessive natural heat,Undefined,Units,"Rate per 1,000,000 population",,0.06818825112341849
2015,,Female,Exposure to excessive natural cold,Undefined,Units,"Rate per 1,000,000 population",,0.5796001345490571
2015,,Female,Exposure to sunlight,Undefined,Units,"Rate per 1,000,000 population",,0.0
2015,,Female,Victim of lightning,Undefined,Units,"Rate per 1,000,000 population",,0.0
2015,,Female,Victim of earthquake,Undefined,Units,"Rate per 1,000,000 population",,0.0
2015,,Female,Victim of volcanic eruption,Undefined,Units,"Rate per 1,000,000 population",,0.0
2015,,Female,"Victim of avalanche, landslide and other earth movements",Undefined,Units,"Rate per 1,000,000 population",,0.0
2015,,Female,Victim of cataclysmic storm,Undefined,Units,"Rate per 1,000,000 population",,0.0
2015,,Female,Victim of flood,Undefined,Units,"Rate per 1,000,000 population",,0.0
2015,,Female,Exposure to other and unspecified forces of nature,Undefined,Units,"Rate per 1,000,000 population",,0.06818825112341849
2016,England,,,Undefined,Units,"Rate per 1,000,000 population",E92000001,0.8684942789839203
2016,England,,Exposure to excessive natural heat,Undefined,Units,"Rate per 1,000,000 population",E92000001,0.03618726162433001
2016,England,,Exposure to excessive natural cold,Undefined,Units,"Rate per 1,000,000 population",E92000001,0.6332770784257752
2016,England,,Exposure to sunlight,Undefined,Units,"Rate per 1,000,000 population",E92000001,0.0
2016,England,,Victim of lightning,Undefined,Units,"Rate per 1,000,000 population",E92000001,0.0
2016,England,,Victim of earthquake,Undefined,Units,"Rate per 1,000,000 population",E92000001,0.0
2016,England,,Victim of volcanic eruption,Undefined,Units,"Rate per 1,000,000 population",E92000001,0.0
2016,England,,"Victim of avalanche, landslide and other earth movements",Undefined,Units,"Rate per 1,000,000 population",E92000001,0.018093630812165005
2016,England,,Victim of cataclysmic storm,Undefined,Units,"Rate per 1,000,000 population",E92000001,0.0
2016,England,,Victim of flood,Undefined,Units,"Rate per 1,000,000 population",E92000001,0.018093630812165005
2016,England,,Exposure to other and unspecified forces of nature,Undefined,Units,"Rate per 1,000,000 population",E92000001,0.16284267730948504
2016,England,Male,,Undefined,Units,"Rate per 1,000,000 population",E92000001,1.0256064630789
2016,England,Male,Exposure to excessive natural heat,Undefined,Units,"Rate per 1,000,000 population",E92000001,0.0732576045056357
2016,England,Male,Exposure to excessive natural cold,Undefined,Units,"Rate per 1,000,000 population",E92000001,0.8058336495619928
2016,England,Male,Exposure to sunlight,Undefined,Units,"Rate per 1,000,000 population",E92000001,0.0
2016,England,Male,Victim of lightning,Undefined,Units,"Rate per 1,000,000 population",E92000001,0.0
2016,England,Male,Victim of earthquake,Undefined,Units,"Rate per 1,000,000 population",E92000001,0.0
2016,England,Male,Victim of volcanic eruption,Undefined,Units,"Rate per 1,000,000 population",E92000001,0.0
2016,England,Male,"Victim of avalanche, landslide and other earth movements",Undefined,Units,"Rate per 1,000,000 population",E92000001,0.0
2016,England,Male,Victim of cataclysmic storm,Undefined,Units,"Rate per 1,000,000 population",E92000001,0.0
2016,England,Male,Victim of flood,Undefined,Units,"Rate per 1,000,000 population",E92000001,0.0
2016,England,Male,Exposure to other and unspecified forces of nature,Undefined,Units,"Rate per 1,000,000 population",E92000001,0.1465152090112714
2016,England,Female,,Undefined,Units,"Rate per 1,000,000 population",E92000001,0.7151247855206683
2016,England,Female,Exposure to excessive natural heat,Undefined,Units,"Rate per 1,000,000 population",E92000001,0.0
2016,England,Female,Exposure to excessive natural cold,Undefined,Units,"Rate per 1,000,000 population",E92000001,0.4648311105884344
2016,England,Female,Exposure to sunlight,Undefined,Units,"Rate per 1,000,000 population",E92000001,0.0
2016,England,Female,Victim of lightning,Undefined,Units,"Rate per 1,000,000 population",E92000001,0.0
2016,England,Female,Victim of earthquake,Undefined,Units,"Rate per 1,000,000 population",E92000001,0.0
2016,England,Female,Victim of volcanic eruption,Undefined,Units,"Rate per 1,000,000 population",E92000001,0.0
2016,England,Female,"Victim of avalanche, landslide and other earth movements",Undefined,Units,"Rate per 1,000,000 population",E92000001,0.035756239276033414
2016,England,Female,Victim of cataclysmic storm,Undefined,Units,"Rate per 1,000,000 population",E92000001,0.0
2016,England,Female,Victim of flood,Undefined,Units,"Rate per 1,000,000 population",E92000001,0.035756239276033414
2016,England,Female,Exposure to other and unspecified forces of nature,Undefined,Units,"Rate per 1,000,000 population",E92000001,0.17878119638016707
2016,Wales,,,Undefined,Units,"Rate per 1,000,000 population",W92000004,1.6060902943963509
2016,Wales,,Exposure to excessive natural heat,Undefined,Units,"Rate per 1,000,000 population",W92000004,0.0
2016,Wales,,Exposure to excessive natural cold,Undefined,Units,"Rate per 1,000,000 population",W92000004,1.6060902943963509
2016,Wales,,Exposure to sunlight,Undefined,Units,"Rate per 1,000,000 population",W92000004,0.0
2016,Wales,,Victim of lightning,Undefined,Units,"Rate per 1,000,000 population",W92000004,0.0
2016,Wales,,Victim of earthquake,Undefined,Units,"Rate per 1,000,000 population",W92000004,0.0
2016,Wales,,Victim of volcanic eruption,Undefined,Units,"Rate per 1,000,000 population",W92000004,0.0
2016,Wales,,"Victim of avalanche, landslide and other earth movements",Undefined,Units,"Rate per 1,000,000 population",W92000004,0.0
2016,Wales,,Victim of cataclysmic storm,Undefined,Units,"Rate per 1,000,000 population",W92000004,0.0
2016,Wales,,Victim of flood,Undefined,Units,"Rate per 1,000,000 population",W92000004,0.0
2016,Wales,,Exposure to other and unspecified forces of nature,Undefined,Units,"Rate per 1,000,000 population",W92000004,0.0
2016,Wales,Male,,Undefined,Units,"Rate per 1,000,000 population",W92000004,2.6074973370933443
2016,Wales,Male,Exposure to excessive natural heat,Undefined,Units,"Rate per 1,000,000 population",W92000004,0.0
2016,Wales,Male,Exposure to excessive natural cold,Undefined,Units,"Rate per 1,000,000 population",W92000004,2.6074973370933443
2016,Wales,Male,Exposure to sunlight,Undefined,Units,"Rate per 1,000,000 population",W92000004,0.0
2016,Wales,Male,Victim of lightning,Undefined,Units,"Rate per 1,000,000 population",W92000004,0.0
2016,Wales,Male,Victim of earthquake,Undefined,Units,"Rate per 1,000,000 population",W92000004,0.0
2016,Wales,Male,Victim of volcanic eruption,Undefined,Units,"Rate per 1,000,000 population",W92000004,0.0
2016,Wales,Male,"Victim of avalanche, landslide and other earth movements",Undefined,Units,"Rate per 1,000,000 population",W92000004,0.0
2016,Wales,Male,Victim of cataclysmic storm,Undefined,Units,"Rate per 1,000,000 population",W92000004,0.0
2016,Wales,Male,Victim of flood,Undefined,Units,"Rate per 1,000,000 population",W92000004,0.0
2016,Wales,Male,Exposure to other and unspecified forces of nature,Undefined,Units,"Rate per 1,000,000 population",W92000004,0.0
2016,Wales,Female,,Undefined,Units,"Rate per 1,000,000 population",W92000004,0.6332673046623671
2016,Wales,Female,Exposure to excessive natural heat,Undefined,Units,"Rate per 1,000,000 population",W92000004,0.0
2016,Wales,Female,Exposure to excessive natural cold,Undefined,Units,"Rate per 1,000,000 population",W92000004,0.6332673046623671
2016,Wales,Female,Exposure to sunlight,Undefined,Units,"Rate per 1,000,000 population",W92000004,0.0
2016,Wales,Female,Victim of lightning,Undefined,Units,"Rate per 1,000,000 population",W92000004,0.0
2016,Wales,Female,Victim of earthquake,Undefined,Units,"Rate per 1,000,000 population",W92000004,0.0
2016,Wales,Female,Victim of volcanic eruption,Undefined,Units,"Rate per 1,000,000 population",W92000004,0.0
2016,Wales,Female,"Victim of avalanche, landslide and other earth movements",Undefined,Units,"Rate per 1,000,000 population",W92000004,0.0
2016,Wales,Female,Victim of cataclysmic storm,Undefined,Units,"Rate per 1,000,000 population",W92000004,0.0
2016,Wales,Female,Victim of flood,Undefined,Units,"Rate per 1,000,000 population",W92000004,0.0
2016,Wales,Female,Exposure to other and unspecified forces of nature,Undefined,Units,"Rate per 1,000,000 population",W92000004,0.0
2016,,,,Undefined,Units,"Rate per 1,000,000 population",,0.9078262277403364
2016,,,Exposure to excessive natural heat,Undefined,Units,"Rate per 1,000,000 population",,0.034257593499635336
2016,,,Exposure to excessive natural cold,Undefined,Units,"Rate per 1,000,000 population",,0.6851518699927067
2016,,,Exposure to sunlight,Undefined,Units,"Rate per 1,000,000 population",,0.0
2016,,,Victim of lightning,Undefined,Units,"Rate per 1,000,000 population",,0.0
2016,,,Victim of earthquake,Undefined,Units,"Rate per 1,000,000 population",,0.0
2016,,,Victim of volcanic eruption,Undefined,Units,"Rate per 1,000,000 population",,0.0
2016,,,"Victim of avalanche, landslide and other earth movements",Undefined,Units,"Rate per 1,000,000 population",,0.017128796749817668
2016,,,Victim of cataclysmic storm,Undefined,Units,"Rate per 1,000,000 population",,0.0
2016,,,Victim of flood,Undefined,Units,"Rate per 1,000,000 population",,0.017128796749817668
2016,,,Exposure to other and unspecified forces of nature,Undefined,Units,"Rate per 1,000,000 population",,0.15415917074835905
2016,,Male,,Undefined,Units,"Rate per 1,000,000 population",,1.1097640579188637
2016,,Male,Exposure to excessive natural heat,Undefined,Units,"Rate per 1,000,000 population",,0.06936025361992898
2016,,Male,Exposure to excessive natural cold,Undefined,Units,"Rate per 1,000,000 population",,0.9016832970590768
2016,,Male,Exposure to sunlight,Undefined,Units,"Rate per 1,000,000 population",,0.0
2016,,Male,Victim of lightning,Undefined,Units,"Rate per 1,000,000 population",,0.0
2016,,Male,Victim of earthquake,Undefined,Units,"Rate per 1,000,000 population",,0.0
2016,,Male,Victim of volcanic eruption,Undefined,Units,"Rate per 1,000,000 population",,0.0
2016,,Male,"Victim of avalanche, landslide and other earth movements",Undefined,Units,"Rate per 1,000,000 population",,0.0
2016,,Male,Victim of cataclysmic storm,Undefined,Units,"Rate per 1,000,000 population",,0.0
2016,,Male,Victim of flood,Undefined,Units,"Rate per 1,000,000 population",,0.0
2016,,Male,Exposure to other and unspecified forces of nature,Undefined,Units,"Rate per 1,000,000 population",,0.13872050723985796
2016,,Female,,Undefined,Units,"Rate per 1,000,000 population",,0.7107498786902261
2016,,Female,Exposure to excessive natural heat,Undefined,Units,"Rate per 1,000,000 population",,0.0
2016,,Female,Exposure to excessive natural cold,Undefined,Units,"Rate per 1,000,000 population",,0.4738332524601507
2016,,Female,Exposure to sunlight,Undefined,Units,"Rate per 1,000,000 population",,0.0
2016,,Female,Victim of lightning,Undefined,Units,"Rate per 1,000,000 population",,0.0
2016,,Female,Victim of earthquake,Undefined,Units,"Rate per 1,000,000 population",,0.0
2016,,Female,Victim of volcanic eruption,Undefined,Units,"Rate per 1,000,000 population",,0.0
2016,,Female,"Victim of avalanche, landslide and other earth movements",Undefined,Units,"Rate per 1,000,000 population",,0.033845232318582184
2016,,Female,Victim of cataclysmic storm,Undefined,Units,"Rate per 1,000,000 population",,0.0
2016,,Female,Victim of flood,Undefined,Units,"Rate per 1,000,000 population",,0.033845232318582184
2016,,Female,Exposure to other and unspecified forces of nature,Undefined,Units,"Rate per 1,000,000 population",,0.16922616159291098
2017,England,,,Undefined,Units,"Rate per 1,000,000 population",E92000001,1.1326976921554213
2017,England,,Exposure to excessive natural heat,Undefined,Units,"Rate per 1,000,000 population",E92000001,0.14383462757529158
2017,England,,Exposure to excessive natural cold,Undefined,Units,"Rate per 1,000,000 population",E92000001,0.9349250792393952
2017,England,,Exposure to sunlight,Undefined,Units,"Rate per 1,000,000 population",E92000001,0.0
2017,England,,Victim of lightning,Undefined,Units,"Rate per 1,000,000 population",E92000001,0.035958656893822896
2017,England,,Victim of earthquake,Undefined,Units,"Rate per 1,000,000 population",E92000001,0.0
2017,England,,Victim of volcanic eruption,Undefined,Units,"Rate per 1,000,000 population",E92000001,0.0
2017,England,,"Victim of avalanche, landslide and other earth movements",Undefined,Units,"Rate per 1,000,000 population",E92000001,0.0
2017,England,,Victim of cataclysmic storm,Undefined,Units,"Rate per 1,000,000 population",E92000001,0.0
2017,England,,Victim of flood,Undefined,Units,"Rate per 1,000,000 population",E92000001,0.0
2017,England,,Exposure to other and unspecified forces of nature,Undefined,Units,"Rate per 1,000,000 population",E92000001,0.017979328446911448
2017,England,Male,,Undefined,Units,"Rate per 1,000,000 population",E92000001,1.6374918384677617
2017,England,Male,Exposure to excessive natural heat,Undefined,Units,"Rate per 1,000,000 population",E92000001,0.2183322451290349
2017,England,Male,Exposure to excessive natural cold,Undefined,Units,"Rate per 1,000,000 population",E92000001,1.3827708858172207
2017,England,Male,Exposure to sunlight,Undefined,Units,"Rate per 1,000,000 population",E92000001,0.0
2017,England,Male,Victim of lightning,Undefined,Units,"Rate per 1,000,000 population",E92000001,0.03638870752150582
2017,England,Male,Victim of earthquake,Undefined,Units,"Rate per 1,000,000 population",E92000001,0.0
2017,England,Male,Victim of volcanic eruption,Undefined,Units,"Rate per 1,000,000 population",E92000001,0.0
2017,England,Male,"Victim of avalanche, landslide and other earth movements",Undefined,Units,"Rate per 1,000,000 population",E92000001,0.0
2017,England,Male,Victim of cataclysmic storm,Undefined,Units,"Rate per 1,000,000 population",E92000001,0.0
2017,England,Male,Victim of flood,Undefined,Units,"Rate per 1,000,000 population",E92000001,0.0
2017,England,Male,Exposure to other and unspecified forces of nature,Undefined,Units,"Rate per 1,000,000 population",E92000001,0.0
2017,England,Female,,Undefined,Units,"Rate per 1,000,000 population",E92000001,0.6396957436457691
2017,England,Female,Exposure to excessive natural heat,Undefined,Units,"Rate per 1,000,000 population",E92000001,0.07107730484952987
2017,England,Female,Exposure to excessive natural cold,Undefined,Units,"Rate per 1,000,000 population",E92000001,0.4975411339467092
2017,England,Female,Exposure to sunlight,Undefined,Units,"Rate per 1,000,000 population",E92000001,0.0
2017,England,Female,Victim of lightning,Undefined,Units,"Rate per 1,000,000 population",E92000001,0.035538652424764935
2017,England,Female,Victim of earthquake,Undefined,Units,"Rate per 1,000,000 population",E92000001,0.0
2017,England,Female,Victim of volcanic eruption,Undefined,Units,"Rate per 1,000,000 population",E92000001,0.0
2017,England,Female,"Victim of avalanche, landslide and other earth movements",Undefined,Units,"Rate per 1,000,000 population",E92000001,0.0
2017,England,Female,Victim of cataclysmic storm,Undefined,Units,"Rate per 1,000,000 population",E92000001,0.0
2017,England,Female,Victim of flood,Undefined,Units,"Rate per 1,000,000 population",E92000001,0.0
2017,England,Female,Exposure to other and unspecified forces of nature,Undefined,Units,"Rate per 1,000,000 population",E92000001,0.035538652424764935
2017,Wales,,,Undefined,Units,"Rate per 1,000,000 population",W92000004,0.6399662097841234
2017,Wales,,Exposure to excessive natural heat,Undefined,Units,"Rate per 1,000,000 population",W92000004,0.0
2017,Wales,,Exposure to excessive natural cold,Undefined,Units,"Rate per 1,000,000 population",W92000004,0.6399662097841234
2017,Wales,,Exposure to sunlight,Undefined,Units,"Rate per 1,000,000 population",W92000004,0.0
2017,Wales,,Victim of lightning,Undefined,Units,"Rate per 1,000,000 population",W92000004,0.0
2017,Wales,,Victim of earthquake,Undefined,Units,"Rate per 1,000,000 population",W92000004,0.0
2017,Wales,,Victim of volcanic eruption,Undefined,Units,"Rate per 1,000,000 population",W92000004,0.0
2017,Wales,,"Victim of avalanche, landslide and other earth movements",Undefined,Units,"Rate per 1,000,000 population",W92000004,0.0
2017,Wales,,Victim of cataclysmic storm,Undefined,Units,"Rate per 1,000,000 population",W92000004,0.0
2017,Wales,,Victim of flood,Undefined,Units,"Rate per 1,000,000 population",W92000004,0.0
2017,Wales,,Exposure to other and unspecified forces of nature,Undefined,Units,"Rate per 1,000,000 population",W92000004,0.0
2017,Wales,Male,,Undefined,Units,"Rate per 1,000,000 population",W92000004,1.298532658096351
2017,Wales,Male,Exposure to excessive natural heat,Undefined,Units,"Rate per 1,000,000 population",W92000004,0.0
2017,Wales,Male,Exposure to excessive natural cold,Undefined,Units,"Rate per 1,000,000 population",W92000004,1.298532658096351
2017,Wales,Male,Exposure to sunlight,Undefined,Units,"Rate per 1,000,000 population",W92000004,0.0
2017,Wales,Male,Victim of lightning,Undefined,Units,"Rate per 1,000,000 population",W92000004,0.0
2017,Wales,Male,Victim of earthquake,Undefined,Units,"Rate per 1,000,000 population",W92000004,0.0
2017,Wales,Male,Victim of volcanic eruption,Undefined,Units,"Rate per 1,000,000 population",W92000004,0.0
2017,Wales,Male,"Victim of avalanche, landslide and other earth movements",Undefined,Units,"Rate per 1,000,000 population",W92000004,0.0
2017,Wales,Male,Victim of cataclysmic storm,Undefined,Units,"Rate per 1,000,000 population",W92000004,0.0
2017,Wales,Male,Victim of flood,Undefined,Units,"Rate per 1,000,000 population",W92000004,0.0
2017,Wales,Male,Exposure to other and unspecified forces of nature,Undefined,Units,"Rate per 1,000,000 population",W92000004,0.0
2017,Wales,Female,,Undefined,Units,"Rate per 1,000,000 population",W92000004,0.0
2017,Wales,Female,Exposure to excessive natural heat,Undefined,Units,"Rate per 1,000,000 population",W92000004,0.0
2017,Wales,Female,Exposure to excessive natural cold,Undefined,Units,"Rate per 1,000,000 population",W92000004,0.0
2017,Wales,Female,Exposure to sunlight,Undefined,Units,"Rate per 1,000,000 population",W92000004,0.0
2017,Wales,Female,Victim of lightning,Undefined,Units,"Rate per 1,000,000 population",W92000004,0.0
2017,Wales,Female,Victim of earthquake,Undefined,Units,"Rate per 1,000,000 population",W92000004,0.0
2017,Wales,Female,Victim of volcanic eruption,Undefined,Units,"Rate per 1,000,000 population",W92000004,0.0
2017,Wales,Female,"Victim of avalanche, landslide and other earth movements",Undefined,Units,"Rate per 1,000,000 population",W92000004,0.0
2017,Wales,Female,Victim of cataclysmic storm,Undefined,Units,"Rate per 1,000,000 population",W92000004,0.0
2017,Wales,Female,Victim of flood,Undefined,Units,"Rate per 1,000,000 population",W92000004,0.0
2017,Wales,Female,Exposure to other and unspecified forces of nature,Undefined,Units,"Rate per 1,000,000 population",W92000004,0.0
2017,,,,Undefined,Units,"Rate per 1,000,000 population",,1.106484775322734
2017,,,Exposure to excessive natural heat,Undefined,Units,"Rate per 1,000,000 population",,0.13618274157818264
2017,,,Exposure to excessive natural cold,Undefined,Units,"Rate per 1,000,000 population",,0.9192335056527328
2017,,,Exposure to sunlight,Undefined,Units,"Rate per 1,000,000 population",,0.0
2017,,,Victim of lightning,Undefined,Units,"Rate per 1,000,000 population",,0.03404568539454566
2017,,,Victim of earthquake,Undefined,Units,"Rate per 1,000,000 population",,0.0
2017,,,Victim of volcanic eruption,Undefined,Units,"Rate per 1,000,000 population",,0.0
2017,,,"Victim of avalanche, landslide and other earth movements",Undefined,Units,"Rate per 1,000,000 population",,0.0
2017,,,Victim of cataclysmic storm,Undefined,Units,"Rate per 1,000,000 population",,0.0
2017,,,Victim of flood,Undefined,Units,"Rate per 1,000,000 population",,0.0
2017,,,Exposure to other and unspecified forces of nature,Undefined,Units,"Rate per 1,000,000 population",,0.01702284269727283
2017,,Male,,Undefined,Units,"Rate per 1,000,000 population",,1.6195027830121602
2017,,Male,Exposure to excessive natural heat,Undefined,Units,"Rate per 1,000,000 population",,0.2067450361292119
2017,,Male,Exposure to excessive natural cold,Undefined,Units,"Rate per 1,000,000 population",,1.3783002408614131
2017,,Male,Exposure to sunlight,Undefined,Units,"Rate per 1,000,000 population",,0.0
2017,,Male,Victim of lightning,Undefined,Units,"Rate per 1,000,000 population",,0.03445750602153532
2017,,Male,Victim of earthquake,Undefined,Units,"Rate per 1,000,000 population",,0.0
2017,,Male,Victim of volcanic eruption,Undefined,Units,"Rate per 1,000,000 population",,0.0
2017,,Male,"Victim of avalanche, landslide and other earth movements",Undefined,Units,"Rate per 1,000,000 population",,0.0
2017,,Male,Victim of cataclysmic storm,Undefined,Units,"Rate per 1,000,000 population",,0.0
2017,,Male,Victim of flood,Undefined,Units,"Rate per 1,000,000 population",,0.0
2017,,Male,Exposure to other and unspecified forces of nature,Undefined,Units,"Rate per 1,000,000 population",,0.0
2017,,Female,,Undefined,Units,"Rate per 1,000,000 population",,0.6055846613748884
2017,,Female,Exposure to excessive natural heat,Undefined,Units,"Rate per 1,000,000 population",,0.06728718459720984
2017,,Female,Exposure to excessive natural cold,Undefined,Units,"Rate per 1,000,000 population",,0.4710102921804688
2017,,Female,Exposure to sunlight,Undefined,Units,"Rate per 1,000,000 population",,0.0
2017,,Female,Victim of lightning,Undefined,Units,"Rate per 1,000,000 population",,0.03364359229860492
2017,,Female,Victim of earthquake,Undefined,Units,"Rate per 1,000,000 population",,0.0
2017,,Female,Victim of volcanic eruption,Undefined,Units,"Rate per 1,000,000 population",,0.0
2017,,Female,"Victim of avalanche, landslide and other earth movements",Undefined,Units,"Rate per 1,000,000 population",,0.0
2017,,Female,Victim of cataclysmic storm,Undefined,Units,"Rate per 1,000,000 population",,0.0
2017,,Female,Victim of flood,Undefined,Units,"Rate per 1,000,000 population",,0.0
2017,,Female,Exposure to other and unspecified forces of nature,Undefined,Units,"Rate per 1,000,000 population",,0.03364359229860492
2018,England,,,Undefined,Units,"Rate per 1,000,000 population",E92000001,0.9468144321244631
2018,England,,Exposure to excessive natural heat,Undefined,Units,"Rate per 1,000,000 population",E92000001,0.07145769299052553
2018,England,,Exposure to excessive natural cold,Undefined,Units,"Rate per 1,000,000 population",E92000001,0.839627892638675
2018,England,,Exposure to sunlight,Undefined,Units,"Rate per 1,000,000 population",E92000001,0.0
2018,England,,Victim of lightning,Undefined,Units,"Rate per 1,000,000 population",E92000001,0.0
2018,England,,Victim of earthquake,Undefined,Units,"Rate per 1,000,000 population",E92000001,0.0
2018,England,,Victim of volcanic eruption,Undefined,Units,"Rate per 1,000,000 population",E92000001,0.0
2018,England,,"Victim of avalanche, landslide and other earth movements",Undefined,Units,"Rate per 1,000,000 population",E92000001,0.0
2018,England,,Victim of cataclysmic storm,Undefined,Units,"Rate per 1,000,000 population",E92000001,0.0
2018,England,,Victim of flood,Undefined,Units,"Rate per 1,000,000 population",E92000001,0.0
2018,England,,Exposure to other and unspecified forces of nature,Undefined,Units,"Rate per 1,000,000 population",E92000001,0.03572884649526276
2018,England,Male,,Undefined,Units,"Rate per 1,000,000 population",E92000001,0.9758586309021464
2018,England,Male,Exposure to excessive natural heat,Undefined,Units,"Rate per 1,000,000 population",E92000001,0.1084287367669052
2018,England,Male,Exposure to excessive natural cold,Undefined,Units,"Rate per 1,000,000 population",E92000001,0.8674298941352415
2018,England,Male,Exposure to sunlight,Undefined,Units,"Rate per 1,000,000 population",E92000001,0.0
2018,England,Male,Victim of lightning,Undefined,Units,"Rate per 1,000,000 population",E92000001,0.0
2018,England,Male,Victim of earthquake,Undefined,Units,"Rate per 1,000,000 population",E92000001,0.0
2018,England,Male,Victim of volcanic eruption,Undefined,Units,"Rate per 1,000,000 population",E92000001,0.0
2018,England,Male,"Victim of avalanche, landslide and other earth movements",Undefined,Units,"Rate per 1,000,000 population",E92000001,0.0
2018,England,Male,Victim of cataclysmic storm,Undefined,Units,"Rate per 1,000,000 population",E92000001,0.0
2018,England,Male,Victim of flood,Undefined,Units,"Rate per 1,000,000 population",E92000001,0.0
2018,England,Male,Exposure to other and unspecified forces of nature,Undefined,Units,"Rate per 1,000,000 population",E92000001,0.0
2018,England,Female,,Undefined,Units,"Rate per 1,000,000 population",E92000001,0.9184281765851964
2018,England,Female,Exposure to excessive natural heat,Undefined,Units,"Rate per 1,000,000 population",E92000001,0.03532416063789217
2018,England,Female,Exposure to excessive natural cold,Undefined,Units,"Rate per 1,000,000 population",E92000001,0.8124556946715199
2018,England,Female,Exposure to sunlight,Undefined,Units,"Rate per 1,000,000 population",E92000001,0.0
2018,England,Female,Victim of lightning,Undefined,Units,"Rate per 1,000,000 population",E92000001,0.0
2018,England,Female,Victim of earthquake,Undefined,Units,"Rate per 1,000,000 population",E92000001,0.0
2018,England,Female,Victim of volcanic eruption,Undefined,Units,"Rate per 1,000,000 population",E92000001,0.0
2018,England,Female,"Victim of avalanche, landslide and other earth movements",Undefined,Units,"Rate per 1,000,000 population",E92000001,0.0
2018,England,Female,Victim of cataclysmic storm,Undefined,Units,"Rate per 1,000,000 population",E92000001,0.0
2018,England,Female,Victim of flood,Undefined,Units,"Rate per 1,000,000 population",E92000001,0.0
2018,England,Female,Exposure to other and unspecified forces of nature,Undefined,Units,"Rate per 1,000,000 population",E92000001,0.07064832127578434
2018,Wales,,,Undefined,Units,"Rate per 1,000,000 population",W92000004,1.2744409903553493
2018,Wales,,Exposure to excessive natural heat,Undefined,Units,"Rate per 1,000,000 population",W92000004,0.0
2018,Wales,,Exposure to excessive natural cold,Undefined,Units,"Rate per 1,000,000 population",W92000004,1.2744409903553493
2018,Wales,,Exposure to sunlight,Undefined,Units,"Rate per 1,000,000 population",W92000004,0.0
2018,Wales,,Victim of lightning,Undefined,Units,"Rate per 1,000,000 population",W92000004,0.0
2018,Wales,,Victim of earthquake,Undefined,Units,"Rate per 1,000,000 population",W92000004,0.0
2018,Wales,,Victim of volcanic eruption,Undefined,Units,"Rate per 1,000,000 population",W92000004,0.0
2018,Wales,,"Victim of avalanche, landslide and other earth movements",Undefined,Units,"Rate per 1,000,000 population",W92000004,0.0
2018,Wales,,Victim of cataclysmic storm,Undefined,Units,"Rate per 1,000,000 population",W92000004,0.0
2018,Wales,,Victim of flood,Undefined,Units,"Rate per 1,000,000 population",W92000004,0.0
2018,Wales,,Exposure to other and unspecified forces of nature,Undefined,Units,"Rate per 1,000,000 population",W92000004,0.0
2018,Wales,Male,,Undefined,Units,"Rate per 1,000,000 population",W92000004,1.2925666431204108
2018,Wales,Male,Exposure to excessive natural heat,Undefined,Units,"Rate per 1,000,000 population",W92000004,0.0
2018,Wales,Male,Exposure to excessive natural cold,Undefined,Units,"Rate per 1,000,000 population",W92000004,1.2925666431204108
2018,Wales,Male,Exposure to sunlight,Undefined,Units,"Rate per 1,000,000 population",W92000004,0.0
2018,Wales,Male,Victim of lightning,Undefined,Units,"Rate per 1,000,000 population",W92000004,0.0
2018,Wales,Male,Victim of earthquake,Undefined,Units,"Rate per 1,000,000 population",W92000004,0.0
2018,Wales,Male,Victim of volcanic eruption,Undefined,Units,"Rate per 1,000,000 population",W92000004,0.0
2018,Wales,Male,"Victim of avalanche, landslide and other earth movements",Undefined,Units,"Rate per 1,000,000 population",W92000004,0.0
2018,Wales,Male,Victim of cataclysmic storm,Undefined,Units,"Rate per 1,000,000 population",W92000004,0.0
2018,Wales,Male,Victim of flood,Undefined,Units,"Rate per 1,000,000 population",W92000004,0.0
2018,Wales,Male,Exposure to other and unspecified forces of nature,Undefined,Units,"Rate per 1,000,000 population",W92000004,0.0
2018,Wales,Female,,Undefined,Units,"Rate per 1,000,000 population",W92000004,1.256816659356183
2018,Wales,Female,Exposure to excessive natural heat,Undefined,Units,"Rate per 1,000,000 population",W92000004,0.0
2018,Wales,Female,Exposure to excessive natural cold,Undefined,Units,"Rate per 1,000,000 population",W92000004,1.256816659356183
2018,Wales,Female,Exposure to sunlight,Undefined,Units,"Rate per 1,000,000 population",W92000004,0.0
2018,Wales,Female,Victim of lightning,Undefined,Units,"Rate per 1,000,000 population",W92000004,0.0
2018,Wales,Female,Victim of earthquake,Undefined,Units,"Rate per 1,000,000 population",W92000004,0.0
2018,Wales,Female,Victim of volcanic eruption,Undefined,Units,"Rate per 1,000,000 population",W92000004,0.0
2018,Wales,Female,"Victim of avalanche, landslide and other earth movements",Undefined,Units,"Rate per 1,000,000 population",W92000004,0.0
2018,Wales,Female,Victim of cataclysmic storm,Undefined,Units,"Rate per 1,000,000 population",W92000004,0.0
2018,Wales,Female,Victim of flood,Undefined,Units,"Rate per 1,000,000 population",W92000004,0.0
2018,Wales,Female,Exposure to other and unspecified forces of nature,Undefined,Units,"Rate per 1,000,000 population",W92000004,0.0
2018,,,,Undefined,Units,"Rate per 1,000,000 population",,0.9642090832250979
2018,,,Exposure to excessive natural heat,Undefined,Units,"Rate per 1,000,000 population",,0.06766379531404197
2018,,,Exposure to excessive natural cold,Undefined,Units,"Rate per 1,000,000 population",,0.8627133902540352
2018,,,Exposure to sunlight,Undefined,Units,"Rate per 1,000,000 population",,0.0
2018,,,Victim of lightning,Undefined,Units,"Rate per 1,000,000 population",,0.0
2018,,,Victim of earthquake,Undefined,Units,"Rate per 1,000,000 population",,0.0
2018,,,Victim of volcanic eruption,Undefined,Units,"Rate per 1,000,000 population",,0.0
2018,,,"Victim of avalanche, landslide and other earth movements",Undefined,Units,"Rate per 1,000,000 population",,0.0
2018,,,Victim of cataclysmic storm,Undefined,Units,"Rate per 1,000,000 population",,0.0
2018,,,Victim of flood,Undefined,Units,"Rate per 1,000,000 population",,0.0
2018,,,Exposure to other and unspecified forces of nature,Undefined,Units,"Rate per 1,000,000 population",,0.03383189765702098
2018,,Male,,Undefined,Units,"Rate per 1,000,000 population",,0.9926322385523918
2018,,Male,Exposure to excessive natural heat,Undefined,Units,"Rate per 1,000,000 population",,0.10268609364335086
2018,,Male,Exposure to excessive natural cold,Undefined,Units,"Rate per 1,000,000 population",,0.8899461449090409
2018,,Male,Exposure to sunlight,Undefined,Units,"Rate per 1,000,000 population",,0.0
2018,,Male,Victim of lightning,Undefined,Units,"Rate per 1,000,000 population",,0.0
2018,,Male,Victim of earthquake,Undefined,Units,"Rate per 1,000,000 population",,0.0
2018,,Male,Victim of volcanic eruption,Undefined,Units,"Rate per 1,000,000 population",,0.0
2018,,Male,"Victim of avalanche, landslide and other earth movements",Undefined,Units,"Rate per 1,000,000 population",,0.0
2018,,Male,Victim of cataclysmic storm,Undefined,Units,"Rate per 1,000,000 population",,0.0
2018,,Male,Victim of flood,Undefined,Units,"Rate per 1,000,000 population",,0.0
2018,,Male,Exposure to other and unspecified forces of nature,Undefined,Units,"Rate per 1,000,000 population",,0.0
2018,,Female,,Undefined,Units,"Rate per 1,000,000 population",,0.9364373735098857
2018,,Female,Exposure to excessive natural heat,Undefined,Units,"Rate per 1,000,000 population",,0.033444191911067345
2018,,Female,Exposure to excessive natural cold,Undefined,Units,"Rate per 1,000,000 population",,0.8361047977766837
2018,,Female,Exposure to sunlight,Undefined,Units,"Rate per 1,000,000 population",,0.0
2018,,Female,Victim of lightning,Undefined,Units,"Rate per 1,000,000 population",,0.0
2018,,Female,Victim of earthquake,Undefined,Units,"Rate per 1,000,000 population",,0.0
2018,,Female,Victim of volcanic eruption,Undefined,Units,"Rate per 1,000,000 population",,0.0
2018,,Female,"Victim of avalanche, landslide and other earth movements",Undefined,Units,"Rate per 1,000,000 population",,0.0
2018,,Female,Victim of cataclysmic storm,Undefined,Units,"Rate per 1,000,000 population",,0.0
2018,,Female,Victim of flood,Undefined,Units,"Rate per 1,000,000 population",,0.0
2018,,Female,Exposure to other and unspecified forces of nature,Undefined,Units,"Rate per 1,000,000 population",,0.06688838382213469
