Year,Units,Sustainably managed status,Country,Unit measure,Unit multiplier,Observation status,GeoCode,Value
2001,Hectares,,,Hectares,Units,Undefined,,2971293.7283
2001,Hectares,,England,Hectares,Units,Undefined,E92000001,1257011.109602285
2001,Hectares,,Wales,Hectares,Units,Undefined,W92000004,300229.9367911936
2001,Hectares,,Scotland,Hectares,Units,Undefined,S92000003,1331052.681904263
2001,Hectares,,Northern Ireland,Hectares,Units,Undefined,N92000002,83000.0
2002,Hectares,,,Hectares,Units,Undefined,,2985420.7548196
2002,Hectares,,England,Hectares,Units,Undefined,E92000001,1261985.4240391506
2002,Hectares,,Wales,Hectares,Units,Undefined,W92000004,300500.9343055829
2002,Hectares,,Scotland,Hectares,Units,Undefined,S92000003,1338934.3964748662
2002,Hectares,,Northern Ireland,Hectares,Units,Undefined,N92000002,84000.0
2003,Hectares,,,Hectares,Units,Undefined,,
2003,Hectares,,England,Hectares,Units,Undefined,E92000001,
2003,Hectares,,Wales,Hectares,Units,Undefined,W92000004,
2003,Hectares,,Scotland,Hectares,Units,Undefined,S92000003,
2003,Hectares,,Northern Ireland,Hectares,Units,Undefined,N92000002,
2004,Hectares,,,Hectares,Units,Undefined,,3011039.797218831
2004,Hectares,,England,Hectares,Units,Undefined,E92000001,1271745.548583672
2004,Hectares,,Wales,Hectares,Units,Undefined,W92000004,301287.8791958369
2004,Hectares,,Scotland,Hectares,Units,Undefined,S92000003,1352206.3694393213
2004,Hectares,,Northern Ireland,Hectares,Units,Undefined,N92000002,85800.0
2005,Hectares,,,Hectares,Units,Undefined,,3021343.727534058
2005,Hectares,,England,Hectares,Units,Undefined,E92000001,1276695.3014663549
2005,Hectares,,Wales,Hectares,Units,Undefined,W92000004,301804.1438756852
2005,Hectares,,Scotland,Hectares,Units,Undefined,S92000003,1357784.2821920183
2005,Hectares,,Northern Ireland,Hectares,Units,Undefined,N92000002,85060.0
2006,Hectares,,,Hectares,Units,Undefined,,3029698.595429996
2006,Hectares,,England,Hectares,Units,Undefined,E92000001,1280081.3269511734
2006,Hectares,,Wales,Hectares,Units,Undefined,W92000004,302276.3121157883
2006,Hectares,,Scotland,Hectares,Units,Undefined,S92000003,1361700.956363034
2006,Hectares,,Northern Ireland,Hectares,Units,Undefined,N92000002,85640.0
2007,Hectares,,,Hectares,Units,Undefined,,3040799.3969660867
2007,Hectares,,England,Hectares,Units,Undefined,E92000001,1283020.3452145343
2007,Hectares,,Wales,Hectares,Units,Undefined,W92000004,302770.7268907538
2007,Hectares,,Scotland,Hectares,Units,Undefined,S92000003,1368168.3248607984
2007,Hectares,,Northern Ireland,Hectares,Units,Undefined,N92000002,86840.0
2008,Hectares,,,Hectares,Units,Undefined,,3047972.182834525
2008,Hectares,,England,Hectares,Units,Undefined,E92000001,1285414.3899966346
2008,Hectares,,Wales,Hectares,Units,Undefined,W92000004,302931.1792227956
2008,Hectares,,Scotland,Hectares,Units,Undefined,S92000003,1372271.6136150942
2008,Hectares,,Northern Ireland,Hectares,Units,Undefined,N92000002,87355.0
2009,Hectares,,,Hectares,Units,Undefined,,3054145.2943501417
2009,Hectares,,England,Hectares,Units,Undefined,E92000001,1287737.9789527191
2009,Hectares,,Wales,Hectares,Units,Undefined,W92000004,303087.9561170254
2009,Hectares,,Scotland,Hectares,Units,Undefined,S92000003,1375642.3592803974
2009,Hectares,,Northern Ireland,Hectares,Units,Undefined,N92000002,87677.0
2010,Hectares,,,Hectares,Units,Undefined,,3059238.2800000007
2010,Hectares,,England,Hectares,Units,Undefined,E92000001,1289853.0000000002
2010,Hectares,,Wales,Hectares,Units,Undefined,W92000004,303269.28
2010,Hectares,,Scotland,Hectares,Units,Undefined,S92000003,1378303.9999999998
2010,Hectares,,Northern Ireland,Hectares,Units,Undefined,N92000002,87812.0
2011,Hectares,,,Hectares,Units,Undefined,,3067314.0
2011,Hectares,,England,Hectares,Units,Undefined,E92000001,1292385.0
2011,Hectares,,Wales,Hectares,Units,Undefined,W92000004,303565.99999999994
2011,Hectares,,Scotland,Hectares,Units,Undefined,S92000003,1383406.0
2011,Hectares,,Northern Ireland,Hectares,Units,Undefined,N92000002,87957.0
2012,Hectares,,,Hectares,Units,Undefined,,3110492.68
2012,Hectares,,England,Hectares,Units,Undefined,E92000001,1297684.3200000005
2012,Hectares,,Wales,Hectares,Units,Undefined,W92000004,304563.94
2012,Hectares,,Scotland,Hectares,Units,Undefined,S92000003,1403026.42
2012,Hectares,,Northern Ireland,Hectares,Units,Undefined,N92000002,105218.0
2013,Hectares,,,Hectares,Units,Undefined,,3125309.9477740005
2013,Hectares,,England,Hectares,Units,Undefined,E92000001,1298224.190199
2013,Hectares,,Wales,Hectares,Units,Undefined,W92000004,305406.39358000003
2013,Hectares,,Scotland,Hectares,Units,Undefined,S92000003,1410663.3639950003
2013,Hectares,,Northern Ireland,Hectares,Units,Undefined,N92000002,111016.0
2014,Hectares,,,Hectares,Units,Undefined,,3143462.656173501
2014,Hectares,,England,Hectares,Units,Undefined,E92000001,1301913.1370081126
2014,Hectares,,Wales,Hectares,Units,Undefined,W92000004,305831.9742788516
2014,Hectares,,Scotland,Hectares,Units,Undefined,S92000003,1424254.544886537
2014,Hectares,,Northern Ireland,Hectares,Units,Undefined,N92000002,111463.0
2015,Hectares,,,Hectares,Units,Undefined,,3154583.93003618
2015,Hectares,,England,Hectares,Units,Undefined,E92000001,1305038.2400361795
2015,Hectares,,Wales,Hectares,Units,Undefined,W92000004,305994.34999999986
2015,Hectares,,Scotland,Hectares,Units,Undefined,S92000003,1431639.34
2015,Hectares,,Northern Ireland,Hectares,Units,Undefined,N92000002,111912.0
2016,Hectares,,,Hectares,Units,Undefined,,3158980.484309644
2016,Hectares,,England,Hectares,Units,Undefined,E92000001,1305280.8116413394
2016,Hectares,,Wales,Hectares,Units,Undefined,W92000004,306595.0179131377
2016,Hectares,,Scotland,Hectares,Units,Undefined,S92000003,1435017.6547551663
2016,Hectares,,Northern Ireland,Hectares,Units,Undefined,N92000002,112087.0
2017,Hectares,,,Hectares,Units,Undefined,,3163506.7098039743
2017,Hectares,,England,Hectares,Units,Undefined,E92000001,1305928.4321868895
2017,Hectares,,Wales,Hectares,Units,Undefined,W92000004,307666.9279730599
2017,Hectares,,Scotland,Hectares,Units,Undefined,S92000003,1437533.3496440244
2017,Hectares,,Northern Ireland,Hectares,Units,Undefined,N92000002,112378.0
2018,Hectares,,,Hectares,Units,Undefined,,3172586.75877018
2018,Hectares,,England,Hectares,Units,Undefined,E92000001,1307390.4720330958
2018,Hectares,,Wales,Hectares,Units,Undefined,W92000004,307910.84797305986
2018,Hectares,,Scotland,Hectares,Units,Undefined,S92000003,1444668.4387640243
2018,Hectares,,Northern Ireland,Hectares,Units,Undefined,N92000002,112617.0
2001,Hectares,Certified,,Hectares,Units,Undefined,,1061061.7115524414
2001,Hectares,Certified,England,Hectares,Units,Undefined,E92000001,289526.73783831194
2001,Hectares,Certified,Wales,Hectares,Units,Undefined,W92000004,124344.11990758427
2001,Hectares,Certified,Scotland,Hectares,Units,Undefined,S92000003,584718.853806545
2001,Hectares,Certified,Northern Ireland,Hectares,Units,Undefined,N92000002,62472.0
2002,Hectares,Certified,,Hectares,Units,Undefined,,1075355.564654228
2002,Hectares,Certified,England,Hectares,Units,Undefined,E92000001,296575.9254952799
2002,Hectares,Certified,Wales,Hectares,Units,Undefined,W92000004,123941.23991785268
2002,Hectares,Certified,Scotland,Hectares,Units,Undefined,S92000003,592366.3992410954
2002,Hectares,Certified,Northern Ireland,Hectares,Units,Undefined,N92000002,62472.0
2003,Hectares,Certified,,Hectares,Units,Undefined,,
2003,Hectares,Certified,England,Hectares,Units,Undefined,E92000001,
2003,Hectares,Certified,Wales,Hectares,Units,Undefined,W92000004,
2003,Hectares,Certified,Scotland,Hectares,Units,Undefined,S92000003,
2003,Hectares,Certified,Northern Ireland,Hectares,Units,Undefined,N92000002,
2004,Hectares,Certified,,Hectares,Units,Undefined,,1159944.465802931
2004,Hectares,Certified,England,Hectares,Units,Undefined,E92000001,298262.5968890956
2004,Hectares,Certified,Wales,Hectares,Units,Undefined,W92000004,126652.97993838953
2004,Hectares,Certified,Scotland,Hectares,Units,Undefined,S92000003,669908.8889754459
2004,Hectares,Certified,Northern Ireland,Hectares,Units,Undefined,N92000002,65120.0
2005,Hectares,Certified,,Hectares,Units,Undefined,,1257091.0681601362
2005,Hectares,Certified,England,Hectares,Units,Undefined,E92000001,343700.23285589967
2005,Hectares,Certified,Wales,Hectares,Units,Undefined,W92000004,131240.59994865788
2005,Hectares,Certified,Scotland,Hectares,Units,Undefined,S92000003,718699.2353555786
2005,Hectares,Certified,Northern Ireland,Hectares,Units,Undefined,N92000002,63451.0
2006,Hectares,Certified,,Hectares,Units,Undefined,,1272510.0960396756
2006,Hectares,Certified,England,Hectares,Units,Undefined,E92000001,353577.48598752485
2006,Hectares,Certified,Wales,Hectares,Units,Undefined,W92000004,131131.71995892635
2006,Hectares,Certified,Scotland,Hectares,Units,Undefined,S92000003,724369.8900932246
2006,Hectares,Certified,Northern Ireland,Hectares,Units,Undefined,N92000002,63431.0
2007,Hectares,Certified,,Hectares,Units,Undefined,,1324920.3610829408
2007,Hectares,Certified,England,Hectares,Units,Undefined,E92000001,363862.46933528007
2007,Hectares,Certified,Wales,Hectares,Units,Undefined,W92000004,132587.84602268925
2007,Hectares,Certified,Scotland,Hectares,Units,Undefined,S92000003,764313.6214338379
2007,Hectares,Certified,Northern Ireland,Hectares,Units,Undefined,N92000002,64156.424291133546
2008,Hectares,Certified,,Hectares,Units,Undefined,,1309679.6327061246
2008,Hectares,Certified,England,Hectares,Units,Undefined,E92000001,345266.07780629105
2008,Hectares,Certified,Wales,Hectares,Units,Undefined,W92000004,129962.57144027457
2008,Hectares,Certified,Scotland,Hectares,Units,Undefined,S92000003,770012.0893555275
2008,Hectares,Certified,Northern Ireland,Hectares,Units,Undefined,N92000002,64438.89410403138
2009,Hectares,Certified,,Hectares,Units,Undefined,,1332049.7231684956
2009,Hectares,Certified,England,Hectares,Units,Undefined,E92000001,352498.0708486472
2009,Hectares,Certified,Wales,Hectares,Units,Undefined,W92000004,133737.8899897316
2009,Hectares,Certified,Scotland,Hectares,Units,Undefined,S92000003,780754.2623301167
2009,Hectares,Certified,Northern Ireland,Hectares,Units,Undefined,N92000002,65059.5
2010,Hectares,Certified,,Hectares,Units,Undefined,,1347258.13
2010,Hectares,Certified,England,Hectares,Units,Undefined,E92000001,357169.73
2010,Hectares,Certified,Wales,Hectares,Units,Undefined,W92000004,133473.6
2010,Hectares,Certified,Scotland,Hectares,Units,Undefined,S92000003,792465.3
2010,Hectares,Certified,Northern Ireland,Hectares,Units,Undefined,N92000002,64149.5
2011,Hectares,Certified,,Hectares,Units,Undefined,,1324053.13
2011,Hectares,Certified,England,Hectares,Units,Undefined,E92000001,335218.63
2011,Hectares,Certified,Wales,Hectares,Units,Undefined,W92000004,133604.0
2011,Hectares,Certified,Scotland,Hectares,Units,Undefined,S92000003,791775.0
2011,Hectares,Certified,Northern Ireland,Hectares,Units,Undefined,N92000002,63455.5
2012,Hectares,Certified,,Hectares,Units,Undefined,,1365559.89
2012,Hectares,Certified,England,Hectares,Units,Undefined,E92000001,354973.7100000001
2012,Hectares,Certified,Wales,Hectares,Units,Undefined,W92000004,138294.93
2012,Hectares,Certified,Scotland,Hectares,Units,Undefined,S92000003,807736.75
2012,Hectares,Certified,Northern Ireland,Hectares,Units,Undefined,N92000002,64554.5
2013,Hectares,Certified,,Hectares,Units,Undefined,,1362561.439289
2013,Hectares,Certified,England,Hectares,Units,Undefined,E92000001,354739.172379
2013,Hectares,Certified,Wales,Hectares,Units,Undefined,W92000004,139440.96560000005
2013,Hectares,Certified,Scotland,Hectares,Units,Undefined,S92000003,803698.3813100002
2013,Hectares,Certified,Northern Ireland,Hectares,Units,Undefined,N92000002,64682.92
2014,Hectares,Certified,,Hectares,Units,Undefined,,1376969.9976506294
2014,Hectares,Certified,England,Hectares,Units,Undefined,E92000001,349241.3157383818
2014,Hectares,Certified,Wales,Hectares,Units,Undefined,W92000004,141120.85099921853
2014,Hectares,Certified,Scotland,Hectares,Units,Undefined,S92000003,821768.830913029
2014,Hectares,Certified,Northern Ireland,Hectares,Units,Undefined,N92000002,64839.0
2015,Hectares,Certified,,Hectares,Units,Undefined,,1375485.2982358837
2015,Hectares,Certified,England,Hectares,Units,Undefined,E92000001,355674.83823588345
2015,Hectares,Certified,Wales,Hectares,Units,Undefined,W92000004,141361.83
2015,Hectares,Certified,Scotland,Hectares,Units,Undefined,S92000003,813327.63
2015,Hectares,Certified,Northern Ireland,Hectares,Units,Undefined,N92000002,65121.0
2016,Hectares,Certified,,Hectares,Units,Undefined,,1350013.4725010209
2016,Hectares,Certified,England,Hectares,Units,Undefined,E92000001,337187.7943175705
2016,Hectares,Certified,Wales,Hectares,Units,Undefined,W92000004,141220.57878192698
2016,Hectares,Certified,Scotland,Hectares,Units,Undefined,S92000003,806343.7594015234
2016,Hectares,Certified,Northern Ireland,Hectares,Units,Undefined,N92000002,65261.34
2017,Hectares,Certified,,Hectares,Units,Undefined,,1387952.287739329
2017,Hectares,Certified,England,Hectares,Units,Undefined,E92000001,336847.30428441113
2017,Hectares,Certified,Wales,Hectares,Units,Undefined,W92000004,145107.3946899074
2017,Hectares,Certified,Scotland,Hectares,Units,Undefined,S92000003,840652.7287650105
2017,Hectares,Certified,Northern Ireland,Hectares,Units,Undefined,N92000002,65344.85999999999
2018,Hectares,Certified,,Hectares,Units,Undefined,,1375537.8231701574
2018,Hectares,Certified,England,Hectares,Units,Undefined,E92000001,332128.40925467794
2018,Hectares,Certified,Wales,Hectares,Units,Undefined,W92000004,144765.55831257085
2018,Hectares,Certified,Scotland,Hectares,Units,Undefined,S92000003,833299.1057102308
2018,Hectares,Certified,Northern Ireland,Hectares,Units,Undefined,N92000002,65344.74989267777
2001,Percentage (%),Certified,,Percentage (%),Units,Undefined,,35.7104281359731
2001,Percentage (%),Certified,England,Percentage (%),Units,Undefined,E92000001,23.03294979866307
2001,Percentage (%),Certified,Wales,Percentage (%),Units,Undefined,W92000004,41.416296201688965
2001,Percentage (%),Certified,Scotland,Percentage (%),Units,Undefined,S92000003,43.929054180636946
2001,Percentage (%),Certified,Northern Ireland,Percentage (%),Units,Undefined,N92000002,75.26746987951806
2002,Percentage (%),Certified,,Percentage (%),Units,Undefined,,36.020234766513134
2002,Percentage (%),Certified,England,Percentage (%),Units,Undefined,E92000001,23.500740963080982
2002,Percentage (%),Certified,Wales,Percentage (%),Units,Undefined,W92000004,41.24487672701057
2002,Percentage (%),Certified,Scotland,Percentage (%),Units,Undefined,S92000003,44.24162982149626
2002,Percentage (%),Certified,Northern Ireland,Percentage (%),Units,Undefined,N92000002,74.37142857142857
2003,Percentage (%),Certified,,Percentage (%),Units,Undefined,,
2003,Percentage (%),Certified,England,Percentage (%),Units,Undefined,E92000001,
2003,Percentage (%),Certified,Wales,Percentage (%),Units,Undefined,W92000004,
2003,Percentage (%),Certified,Scotland,Percentage (%),Units,Undefined,S92000003,
2003,Percentage (%),Certified,Northern Ireland,Percentage (%),Units,Undefined,N92000002,
2004,Percentage (%),Certified,,Percentage (%),Units,Undefined,,38.523053294557
2004,Percentage (%),Certified,England,Percentage (%),Units,Undefined,E92000001,23.453008915287107
2004,Percentage (%),Certified,Wales,Percentage (%),Units,Undefined,W92000004,42.037197207015815
2004,Percentage (%),Certified,Scotland,Percentage (%),Units,Undefined,S92000003,49.54191195336678
2004,Percentage (%),Certified,Northern Ireland,Percentage (%),Units,Undefined,N92000002,75.8974358974359
2005,Percentage (%),Certified,,Percentage (%),Units,Undefined,,41.607019310780004
2005,Percentage (%),Certified,England,Percentage (%),Units,Undefined,E92000001,26.92108543527504
2005,Percentage (%),Certified,Wales,Percentage (%),Units,Undefined,W92000004,43.48535386668404
2005,Percentage (%),Certified,Scotland,Percentage (%),Units,Undefined,S92000003,52.93176867501401
2005,Percentage (%),Certified,Northern Ireland,Percentage (%),Units,Undefined,N92000002,74.59557959087702
2006,Percentage (%),Certified,,Percentage (%),Units,Undefined,,42.00121087817556
2006,Percentage (%),Certified,England,Percentage (%),Units,Undefined,E92000001,27.621486115234266
2006,Percentage (%),Certified,Wales,Percentage (%),Units,Undefined,W92000004,43.38140790492897
2006,Percentage (%),Certified,Scotland,Percentage (%),Units,Undefined,S92000003,53.19595956133743
2006,Percentage (%),Certified,Northern Ireland,Percentage (%),Units,Undefined,N92000002,74.06702475478748
2007,Percentage (%),Certified,,Percentage (%),Units,Undefined,,43.571449086870416
2007,Percentage (%),Certified,England,Percentage (%),Units,Undefined,E92000001,28.359836279481488
2007,Percentage (%),Certified,Wales,Percentage (%),Units,Undefined,W92000004,43.791501042480185
2007,Percentage (%),Certified,Scotland,Percentage (%),Units,Undefined,S92000003,55.86400500184081
2007,Percentage (%),Certified,Northern Ireland,Percentage (%),Units,Undefined,N92000002,73.87888564156326
2008,Percentage (%),Certified,,Percentage (%),Units,Undefined,,42.96888403647309
2008,Percentage (%),Certified,England,Percentage (%),Units,Undefined,E92000001,26.860293497040672
2008,Percentage (%),Certified,Wales,Percentage (%),Units,Undefined,W92000004,42.901682082943175
2008,Percentage (%),Certified,Scotland,Percentage (%),Units,Undefined,S92000003,56.11222164153187
2008,Percentage (%),Certified,Northern Ireland,Percentage (%),Units,Undefined,N92000002,73.76669235193334
2009,Percentage (%),Certified,,Percentage (%),Units,Undefined,,43.61448440690271
2009,Percentage (%),Certified,England,Percentage (%),Units,Undefined,E92000001,27.373431288818857
2009,Percentage (%),Certified,Wales,Percentage (%),Units,Undefined,W92000004,44.12510866584682
2009,Percentage (%),Certified,Scotland,Percentage (%),Units,Undefined,S92000003,56.75561362755154
2009,Percentage (%),Certified,Northern Ireland,Percentage (%),Units,Undefined,N92000002,74.20361098121515
2010,Percentage (%),Certified,,Percentage (%),Units,Undefined,,44.03900601034581
2010,Percentage (%),Certified,England,Percentage (%),Units,Undefined,E92000001,27.690731424433626
2010,Percentage (%),Certified,Wales,Percentage (%),Units,Undefined,W92000004,44.01157941219764
2010,Percentage (%),Certified,Scotland,Percentage (%),Units,Undefined,S92000003,57.49568310039006
2010,Percentage (%),Certified,Northern Ireland,Percentage (%),Units,Undefined,N92000002,73.05322734933722
2011,Percentage (%),Certified,,Percentage (%),Units,Undefined,,43.16653365126622
2011,Percentage (%),Certified,England,Percentage (%),Units,Undefined,E92000001,25.93798519790929
2011,Percentage (%),Certified,Wales,Percentage (%),Units,Undefined,W92000004,44.0115164412352
2011,Percentage (%),Certified,Scotland,Percentage (%),Units,Undefined,S92000003,57.233740492668105
2011,Percentage (%),Certified,Northern Ireland,Percentage (%),Units,Undefined,N92000002,72.14377479904955
2012,Percentage (%),Certified,,Percentage (%),Units,Undefined,,43.901723311562336
2012,Percentage (%),Certified,England,Percentage (%),Units,Undefined,E92000001,27.35439617548896
2012,Percentage (%),Certified,Wales,Percentage (%),Units,Undefined,W92000004,45.4075193537357
2012,Percentage (%),Certified,Scotland,Percentage (%),Units,Undefined,S92000003,57.571029204140004
2012,Percentage (%),Certified,Northern Ireland,Percentage (%),Units,Undefined,N92000002,61.353095477960046
2013,Percentage (%),Certified,,Percentage (%),Units,Undefined,,43.59764189978929
2013,Percentage (%),Certified,England,Percentage (%),Units,Undefined,E92000001,27.324954738720695
2013,Percentage (%),Certified,Wales,Percentage (%),Units,Undefined,W92000004,45.657513572476674
2013,Percentage (%),Certified,Scotland,Percentage (%),Units,Undefined,S92000003,56.973081021536224
2013,Percentage (%),Certified,Northern Ireland,Percentage (%),Units,Undefined,N92000002,58.26450241406644
2014,Percentage (%),Certified,,Percentage (%),Units,Undefined,,43.80424227233539
2014,Percentage (%),Certified,England,Percentage (%),Units,Undefined,E92000001,26.82523939661311
2014,Percentage (%),Certified,Wales,Percentage (%),Units,Undefined,W92000004,46.14326259769926
2014,Percentage (%),Certified,Scotland,Percentage (%),Units,Undefined,S92000003,57.69817157076338
2014,Percentage (%),Certified,Northern Ireland,Percentage (%),Units,Undefined,N92000002,58.17087284569767
2015,Percentage (%),Certified,,Percentage (%),Units,Undefined,,43.602748531725005
2015,Percentage (%),Certified,England,Percentage (%),Units,Undefined,E92000001,27.253978260899316
2015,Percentage (%),Certified,Wales,Percentage (%),Units,Undefined,W92000004,46.197529464187824
2015,Percentage (%),Certified,Scotland,Percentage (%),Units,Undefined,S92000003,56.81093046800459
2015,Percentage (%),Certified,Northern Ireland,Percentage (%),Units,Undefined,N92000002,58.189470298091365
2016,Percentage (%),Certified,,Percentage (%),Units,Undefined,,42.735733228059175
2016,Percentage (%),Certified,England,Percentage (%),Units,Undefined,E92000001,25.832586468008365
2016,Percentage (%),Certified,Wales,Percentage (%),Units,Undefined,W92000004,46.0609502865231
2016,Percentage (%),Certified,Scotland,Percentage (%),Units,Undefined,S92000003,56.19051143583992
2016,Percentage (%),Certified,Northern Ireland,Percentage (%),Units,Undefined,N92000002,58.2238261350558
2017,Percentage (%),Certified,,Percentage (%),Units,Undefined,,43.873853133864
2017,Percentage (%),Certified,England,Percentage (%),Units,Undefined,E92000001,25.793703236886522
2017,Percentage (%),Certified,Wales,Percentage (%),Units,Undefined,W92000004,47.16379353669543
2017,Percentage (%),Certified,Scotland,Percentage (%),Units,Undefined,S92000003,58.478833132683896
2017,Percentage (%),Certified,Northern Ireland,Percentage (%),Units,Undefined,N92000002,58.14737760059797
2018,Percentage (%),Certified,,Percentage (%),Units,Undefined,,43.35698052599105
2018,Percentage (%),Certified,England,Percentage (%),Units,Undefined,E92000001,25.403918443599487
2018,Percentage (%),Certified,Wales,Percentage (%),Units,Undefined,W92000004,47.01541347618804
2018,Percentage (%),Certified,Scotland,Percentage (%),Units,Undefined,S92000003,57.680993323502925
2018,Percentage (%),Certified,Northern Ireland,Percentage (%),Units,Undefined,N92000002,58.023877294438456
2005,Growth rate (%),Certified,,Percentage (%),Units,Undefined,,8.375108052259979
2005,Growth rate (%),,,Percentage (%),Units,Undefined,,0.3422050523790978
2006,Growth rate (%),Certified,,Percentage (%),Units,Undefined,,1.226564110594352
2006,Growth rate (%),,,Percentage (%),Units,Undefined,,0.2765282155683784
2007,Growth rate (%),Certified,,Percentage (%),Units,Undefined,,4.11865219823225
2007,Growth rate (%),,,Percentage (%),Units,Undefined,,0.3663995340274314
2008,Growth rate (%),Certified,,Percentage (%),Units,Undefined,,-1.1503127904502335
2008,Growth rate (%),,,Percentage (%),Units,Undefined,,0.2358848753914679
2009,Growth rate (%),Certified,,Percentage (%),Units,Undefined,,1.7080582078037532
2009,Growth rate (%),,,Percentage (%),Units,Undefined,,0.20253175374704985
2010,Growth rate (%),Certified,,Percentage (%),Units,Undefined,,1.1417296642146857
2010,Growth rate (%),,,Percentage (%),Units,Undefined,,0.16675649515693006
2011,Growth rate (%),Certified,,Percentage (%),Units,Undefined,,-1.722387082570435
2011,Growth rate (%),,,Percentage (%),Units,Undefined,,0.2639781298761644
2012,Growth rate (%),Certified,,Percentage (%),Units,Undefined,,3.1348258660889425
2012,Growth rate (%),,,Percentage (%),Units,Undefined,,1.4077032869800798
2013,Growth rate (%),Certified,,Percentage (%),Units,Undefined,,-0.21957665371968746
2013,Growth rate (%),,,Percentage (%),Units,Undefined,,0.4763640136263011
2014,Growth rate (%),Certified,,Percentage (%),Units,Undefined,,1.0574611864216588
2014,Growth rate (%),,,Percentage (%),Units,Undefined,,0.5808290602482468
2015,Growth rate (%),Certified,,Percentage (%),Units,Undefined,,-0.10782365754367064
2015,Growth rate (%),,,Percentage (%),Units,Undefined,,0.353790551347486
2016,Growth rate (%),Certified,,Percentage (%),Units,Undefined,,-1.851842819950968
2016,Growth rate (%),,,Percentage (%),Units,Undefined,,0.13937033760941533
2017,Growth rate (%),Certified,,Percentage (%),Units,Undefined,,2.810254564943183
2017,Growth rate (%),,,Percentage (%),Units,Undefined,,0.14328121103666458
2018,Growth rate (%),Certified,,Percentage (%),Units,Undefined,,-0.8944446202392237
2018,Growth rate (%),,,Percentage (%),Units,Undefined,,0.2870248050388463
2005,Growth rate (%),Certified,England,Percentage (%),Units,Undefined,E92000001,15.234104591297248
2005,Growth rate (%),,England,Percentage (%),Units,Undefined,E92000001,0.3892093735413844
2006,Growth rate (%),Certified,England,Percentage (%),Units,Undefined,E92000001,2.87379878958835
2006,Growth rate (%),,England,Percentage (%),Units,Undefined,E92000001,0.265217979648665
2007,Growth rate (%),Certified,England,Percentage (%),Units,Undefined,E92000001,2.908834344763161
2007,Growth rate (%),,England,Percentage (%),Units,Undefined,E92000001,0.2295962140437547
2008,Growth rate (%),Certified,England,Percentage (%),Units,Undefined,E92000001,-5.110829804173477
2008,Growth rate (%),,England,Percentage (%),Units,Undefined,E92000001,0.1865944519921028
2009,Growth rate (%),Certified,England,Percentage (%),Units,Undefined,E92000001,2.0946144168885183
2009,Growth rate (%),,England,Percentage (%),Units,Undefined,E92000001,0.18076574948646865
2010,Growth rate (%),Certified,England,Percentage (%),Units,Undefined,E92000001,1.3253006293355591
2010,Growth rate (%),,England,Percentage (%),Units,Undefined,E92000001,0.16424312102695154
2011,Growth rate (%),Certified,England,Percentage (%),Units,Undefined,E92000001,-6.145845561996528
2011,Growth rate (%),,England,Percentage (%),Units,Undefined,E92000001,0.1963014390011704
2012,Growth rate (%),Certified,England,Percentage (%),Units,Undefined,E92000001,5.893192750056904
2012,Growth rate (%),,England,Percentage (%),Units,Undefined,E92000001,0.41004189927926254
2013,Growth rate (%),Certified,England,Percentage (%),Units,Undefined,E92000001,-0.06607182853064897
2013,Growth rate (%),,England,Percentage (%),Units,Undefined,E92000001,0.04160258320758351
2014,Growth rate (%),Certified,England,Percentage (%),Units,Undefined,E92000001,-1.5498307118854977
2014,Growth rate (%),,England,Percentage (%),Units,Undefined,E92000001,0.28415329470536943
2015,Growth rate (%),Certified,England,Percentage (%),Units,Undefined,E92000001,1.842142440650107
2015,Growth rate (%),,England,Percentage (%),Units,Undefined,E92000001,0.2400392882776056
2016,Growth rate (%),Certified,England,Percentage (%),Units,Undefined,E92000001,-5.197737351904627
2016,Growth rate (%),,England,Percentage (%),Units,Undefined,E92000001,0.018587317805600016
2017,Growth rate (%),Certified,England,Percentage (%),Units,Undefined,E92000001,-0.10097934708713124
2017,Growth rate (%),,England,Percentage (%),Units,Undefined,E92000001,0.049615419132352005
2018,Growth rate (%),Certified,England,Percentage (%),Units,Undefined,E92000001,-1.4009003396235802
2018,Growth rate (%),,England,Percentage (%),Units,Undefined,E92000001,0.11195405584039336
2005,Growth rate (%),Certified,Wales,Percentage (%),Units,Undefined,W92000004,3.62219666090766
2005,Growth rate (%),,Wales,Percentage (%),Units,Undefined,W92000004,0.17135262169398555
2006,Growth rate (%),Certified,Wales,Percentage (%),Units,Undefined,W92000004,-0.08296212435340633
2006,Growth rate (%),,Wales,Percentage (%),Units,Undefined,W92000004,0.15644856099046892
2007,Growth rate (%),Certified,Wales,Percentage (%),Units,Undefined,W92000004,1.1104300806997698
2007,Growth rate (%),,Wales,Percentage (%),Units,Undefined,W92000004,0.16356385040720858
2008,Growth rate (%),Certified,Wales,Percentage (%),Units,Undefined,W92000004,-1.980026571941908
2008,Growth rate (%),,Wales,Percentage (%),Units,Undefined,W92000004,0.0529946648705253
2009,Growth rate (%),Certified,Wales,Percentage (%),Units,Undefined,W92000004,2.9049275553862066
2009,Growth rate (%),,Wales,Percentage (%),Units,Undefined,W92000004,0.0517533040448469
2010,Growth rate (%),Certified,Wales,Percentage (%),Units,Undefined,W92000004,-0.1976178850674905
2010,Growth rate (%),,Wales,Percentage (%),Units,Undefined,W92000004,0.05982549927010521
2011,Growth rate (%),Certified,Wales,Percentage (%),Units,Undefined,W92000004,0.0976972225219026
2011,Growth rate (%),,Wales,Percentage (%),Units,Undefined,W92000004,0.09784044068029972
2012,Growth rate (%),Certified,Wales,Percentage (%),Units,Undefined,W92000004,3.511070027843473
2012,Growth rate (%),,Wales,Percentage (%),Units,Undefined,W92000004,0.32873905509841705
2013,Growth rate (%),Certified,Wales,Percentage (%),Units,Undefined,W92000004,0.8286895260730325
2013,Growth rate (%),,Wales,Percentage (%),Units,Undefined,W92000004,0.276609758857195
2014,Growth rate (%),Certified,Wales,Percentage (%),Units,Undefined,W92000004,1.2047287481050712
2014,Growth rate (%),,Wales,Percentage (%),Units,Undefined,W92000004,0.1393489814875579
2015,Growth rate (%),Certified,Wales,Percentage (%),Units,Undefined,W92000004,0.17076073384987842
2015,Growth rate (%),,Wales,Percentage (%),Units,Undefined,W92000004,0.05309311478344009
2016,Growth rate (%),Certified,Wales,Percentage (%),Units,Undefined,W92000004,-0.09992175262092452
2016,Growth rate (%),,Wales,Percentage (%),Units,Undefined,W92000004,0.19630032813933293
2017,Growth rate (%),Certified,Wales,Percentage (%),Units,Undefined,W92000004,2.752301358276161
2017,Growth rate (%),,Wales,Percentage (%),Units,Undefined,W92000004,0.3496175727897273
2018,Growth rate (%),Certified,Wales,Percentage (%),Units,Undefined,W92000004,-0.2355747465985839
2018,Growth rate (%),,Wales,Percentage (%),Units,Undefined,W92000004,0.0792805393829466
2005,Growth rate (%),Certified,Scotland,Percentage (%),Units,Undefined,S92000003,7.283131659105517
2005,Growth rate (%),,Scotland,Percentage (%),Units,Undefined,S92000003,0.41250454655156205
2006,Growth rate (%),Certified,Scotland,Percentage (%),Units,Undefined,S92000003,0.7890163866447444
2006,Growth rate (%),,Scotland,Percentage (%),Units,Undefined,S92000003,0.28846070928826106
2007,Growth rate (%),Certified,Scotland,Percentage (%),Units,Undefined,S92000003,5.514272733709677
2007,Growth rate (%),,Scotland,Percentage (%),Units,Undefined,S92000003,0.4749477825908376
2008,Growth rate (%),Certified,Scotland,Percentage (%),Units,Undefined,S92000003,0.7455667100370765
2008,Growth rate (%),,Scotland,Percentage (%),Units,Undefined,S92000003,0.29991110594621256
2009,Growth rate (%),Certified,Scotland,Percentage (%),Units,Undefined,S92000003,1.3950654961248694
2009,Growth rate (%),,Scotland,Percentage (%),Units,Undefined,S92000003,0.2456325432851701
2010,Growth rate (%),Certified,Scotland,Percentage (%),Units,Undefined,S92000003,1.4999646156182889
2010,Growth rate (%),,Scotland,Percentage (%),Units,Undefined,S92000003,0.19348348076419092
2011,Growth rate (%),Certified,Scotland,Percentage (%),Units,Undefined,S92000003,-0.08710791500902898
2011,Growth rate (%),,Scotland,Percentage (%),Units,Undefined,S92000003,0.3701650724368669
2012,Growth rate (%),Certified,Scotland,Percentage (%),Units,Undefined,S92000003,2.01594518644817
2012,Growth rate (%),,Scotland,Percentage (%),Units,Undefined,S92000003,1.4182691126104647
2013,Growth rate (%),Certified,Scotland,Percentage (%),Units,Undefined,S92000003,-0.4999609947176373
2013,Growth rate (%),,Scotland,Percentage (%),Units,Undefined,S92000003,0.5443193289974061
2014,Growth rate (%),Certified,Scotland,Percentage (%),Units,Undefined,S92000003,2.2484118449479453
2014,Growth rate (%),,Scotland,Percentage (%),Units,Undefined,S92000003,0.9634602583741998
2015,Growth rate (%),Certified,Scotland,Percentage (%),Units,Undefined,S92000003,-1.0271989634421157
2015,Growth rate (%),,Scotland,Percentage (%),Units,Undefined,S92000003,0.5185024783650405
2016,Growth rate (%),Certified,Scotland,Percentage (%),Units,Undefined,S92000003,-0.8586786358747578
2016,Growth rate (%),,Scotland,Percentage (%),Units,Undefined,S92000003,0.2359752670086715
2017,Growth rate (%),Certified,Scotland,Percentage (%),Units,Undefined,S92000003,4.254881241835531
2017,Growth rate (%),,Scotland,Percentage (%),Units,Undefined,S92000003,0.17530759154927167
2018,Growth rate (%),Certified,Scotland,Percentage (%),Units,Undefined,S92000003,-0.8747515832825157
2018,Growth rate (%),,Scotland,Percentage (%),Units,Undefined,S92000003,0.4963425107158031
2005,Growth rate (%),Certified,Northern Ireland,Percentage (%),Units,Undefined,N92000002,-2.562960687960688
2005,Growth rate (%),,Northern Ireland,Percentage (%),Units,Undefined,N92000002,-0.8624708624708625
2006,Growth rate (%),Certified,Northern Ireland,Percentage (%),Units,Undefined,N92000002,-0.031520385809522315
2006,Growth rate (%),,Northern Ireland,Percentage (%),Units,Undefined,N92000002,0.6818716200329179
2007,Growth rate (%),Certified,Northern Ireland,Percentage (%),Units,Undefined,N92000002,1.1436431573419084
2007,Growth rate (%),,Northern Ireland,Percentage (%),Units,Undefined,N92000002,1.4012143858010275
2008,Growth rate (%),Certified,Northern Ireland,Percentage (%),Units,Undefined,N92000002,0.44028297402614414
2008,Growth rate (%),,Northern Ireland,Percentage (%),Units,Undefined,N92000002,0.5930446798710272
2009,Growth rate (%),Certified,Northern Ireland,Percentage (%),Units,Undefined,N92000002,0.9630920961596604
2009,Growth rate (%),,Northern Ireland,Percentage (%),Units,Undefined,N92000002,0.3686108408219335
2010,Growth rate (%),Certified,Northern Ireland,Percentage (%),Units,Undefined,N92000002,-1.398719633566197
2010,Growth rate (%),,Northern Ireland,Percentage (%),Units,Undefined,N92000002,0.15397424638160526
2011,Growth rate (%),Certified,Northern Ireland,Percentage (%),Units,Undefined,N92000002,-1.0818478709888621
2011,Growth rate (%),,Northern Ireland,Percentage (%),Units,Undefined,N92000002,0.16512549537648613
2012,Growth rate (%),Certified,Northern Ireland,Percentage (%),Units,Undefined,N92000002,1.7319223707952816
2012,Growth rate (%),,Northern Ireland,Percentage (%),Units,Undefined,N92000002,19.624361904112238
2013,Growth rate (%),Certified,Northern Ireland,Percentage (%),Units,Undefined,N92000002,0.19893268478572101
2013,Growth rate (%),,Northern Ireland,Percentage (%),Units,Undefined,N92000002,5.510463989051303
2014,Growth rate (%),Certified,Northern Ireland,Percentage (%),Units,Undefined,N92000002,0.2413001763062053
2014,Growth rate (%),,Northern Ireland,Percentage (%),Units,Undefined,N92000002,0.4026446638322404
2015,Growth rate (%),Certified,Northern Ireland,Percentage (%),Units,Undefined,N92000002,0.4349234257160043
2015,Growth rate (%),,Northern Ireland,Percentage (%),Units,Undefined,N92000002,0.40282425558257
2016,Growth rate (%),Certified,Northern Ireland,Percentage (%),Units,Undefined,N92000002,0.2155065186345365
2016,Growth rate (%),,Northern Ireland,Percentage (%),Units,Undefined,N92000002,0.156372864393452
2017,Growth rate (%),Certified,Northern Ireland,Percentage (%),Units,Undefined,N92000002,0.1279777583481994
2017,Growth rate (%),,Northern Ireland,Percentage (%),Units,Undefined,N92000002,0.2596197596509854
2018,Growth rate (%),Certified,Northern Ireland,Percentage (%),Units,Undefined,N92000002,-0.00016850188710096638
2018,Growth rate (%),,Northern Ireland,Percentage (%),Units,Undefined,N92000002,0.2126750787520689
