Year,Revenue category,Source of revenue,Unit measure,Unit multiplier,Observation status,Value
1998,Central government revenue,,Percentage (%),Units,Undefined,23.217074888994603
1999,Central government revenue,,Percentage (%),Units,Undefined,23.902263554155002
2000,Central government revenue,,Percentage (%),Units,Undefined,24.925145673379504
2001,Central government revenue,,Percentage (%),Units,Undefined,25.011787771715397
2002,Central government revenue,,Percentage (%),Units,Undefined,24.6854086927561
2003,Central government revenue,,Percentage (%),Units,Undefined,25.213065200050302
2004,Central government revenue,,Percentage (%),Units,Undefined,26.8970796618727
2005,Central government revenue,,Percentage (%),Units,Undefined,28.072957969865104
2006,Central government revenue,,Percentage (%),Units,Undefined,28.9379555924598
2007,Central government revenue,,Percentage (%),Units,Undefined,29.895763410804896
2008,Central government revenue,,Percentage (%),Units,Undefined,31.510390361967502
2009,Central government revenue,,Percentage (%),Units,Undefined,30.088057689472
2010,Central government revenue,,Percentage (%),Units,Undefined,31.586185398769604
2011,Central government revenue,,Percentage (%),Units,Undefined,32.538480792300604
2012,Central government revenue,,Percentage (%),Units,Undefined,33.2084125896548
2013,Central government revenue,,Percentage (%),Units,Undefined,33.9196728319261
2014,Central government revenue,,Percentage (%),Units,Undefined,33.629164456044
2015,Central government revenue,,Percentage (%),Units,Undefined,34.1636247398448
2016,Central government revenue,,Percentage (%),Units,Undefined,35.338843294115705
2017,Central government revenue,,Percentage (%),Units,Undefined,36.8421289220534
1998,Local government revenue,,Percentage (%),Units,Undefined,6.02951093033326
1999,Local government revenue,,Percentage (%),Units,Undefined,6.245803626779691
2000,Local government revenue,,Percentage (%),Units,Undefined,6.34876332312857
2001,Local government revenue,,Percentage (%),Units,Undefined,6.8032936440204095
2002,Local government revenue,,Percentage (%),Units,Undefined,7.20036545738638
2003,Local government revenue,,Percentage (%),Units,Undefined,7.65040513875477
2004,Local government revenue,,Percentage (%),Units,Undefined,8.06270544042747
2005,Local government revenue,,Percentage (%),Units,Undefined,8.41281092170609
2006,Local government revenue,,Percentage (%),Units,Undefined,8.999672652077061
2007,Local government revenue,,Percentage (%),Units,Undefined,9.04388525577533
2008,Local government revenue,,Percentage (%),Units,Undefined,9.482778345455461
2009,Local government revenue,,Percentage (%),Units,Undefined,10.3547193827744
2010,Local government revenue,,Percentage (%),Units,Undefined,10.6512381615981
2011,Local government revenue,,Percentage (%),Units,Undefined,10.1527618678236
2012,Local government revenue,,Percentage (%),Units,Undefined,10.019443847069802
2013,Local government revenue,,Percentage (%),Units,Undefined,9.62553740677915
2014,Local government revenue,,Percentage (%),Units,Undefined,9.5858593499156
2015,Local government revenue,,Percentage (%),Units,Undefined,9.2826358737363
2016,Local government revenue,,Percentage (%),Units,Undefined,8.831880190340401
2017,Local government revenue,,Percentage (%),Units,Undefined,8.79109352992298
1998,,,Percentage (%),Units,Undefined,29.246585819327898
1999,,,Percentage (%),Units,Undefined,30.1480671809347
2000,,,Percentage (%),Units,Undefined,31.2739089965081
2001,,,Percentage (%),Units,Undefined,31.815081415735897
2002,,,Percentage (%),Units,Undefined,31.8857741501425
2003,,,Percentage (%),Units,Undefined,32.8634703388051
2004,,,Percentage (%),Units,Undefined,34.9597851023002
2005,,,Percentage (%),Units,Undefined,36.485768891571205
2006,,,Percentage (%),Units,Undefined,37.937628244536796
2007,,,Percentage (%),Units,Undefined,38.939648666580204
2008,,,Percentage (%),Units,Undefined,40.993168707423
2009,,,Percentage (%),Units,Undefined,40.4427770722464
2010,,,Percentage (%),Units,Undefined,42.2374235603678
2011,,,Percentage (%),Units,Undefined,42.6912426601242
2012,,,Percentage (%),Units,Undefined,43.2278564367247
2013,,,Percentage (%),Units,Undefined,43.54521023870521
2014,,,Percentage (%),Units,Undefined,43.2150238059596
2015,,,Percentage (%),Units,Undefined,43.4462606135811
2016,,,Percentage (%),Units,Undefined,44.1707234844561
2017,,,Percentage (%),Units,Undefined,45.6332224519763
1998,Central government revenue,Taxes,Percentage (%),Units,Undefined,17.8503282941987
1999,Central government revenue,Taxes,Percentage (%),Units,Undefined,18.394673728285802
2000,Central government revenue,Taxes,Percentage (%),Units,Undefined,19.2124759901216
2001,Central government revenue,Taxes,Percentage (%),Units,Undefined,19.049562266574302
2002,Central government revenue,Taxes,Percentage (%),Units,Undefined,18.830880893941398
2003,Central government revenue,Taxes,Percentage (%),Units,Undefined,18.9624323636839
2004,Central government revenue,Taxes,Percentage (%),Units,Undefined,19.945117357043
2005,Central government revenue,Taxes,Percentage (%),Units,Undefined,20.7229477939267
2006,Central government revenue,Taxes,Percentage (%),Units,Undefined,21.486113946732303
2007,Central government revenue,Taxes,Percentage (%),Units,Undefined,22.145728791332697
2008,Central government revenue,Taxes,Percentage (%),Units,Undefined,22.075549932725
2009,Central government revenue,Taxes,Percentage (%),Units,Undefined,21.493850998393103
2010,Central government revenue,Taxes,Percentage (%),Units,Undefined,23.078752303503105
2011,Central government revenue,Taxes,Percentage (%),Units,Undefined,23.974785102871
2012,Central government revenue,Taxes,Percentage (%),Units,Undefined,23.651308861537398
2013,Central government revenue,Taxes,Percentage (%),Units,Undefined,24.087095974928697
2014,Central government revenue,Taxes,Percentage (%),Units,Undefined,24.2283362064815
2015,Central government revenue,Taxes,Percentage (%),Units,Undefined,24.5846432611867
2016,Central government revenue,Taxes,Percentage (%),Units,Undefined,25.4761048862567
2017,Central government revenue,Taxes,Percentage (%),Units,Undefined,26.433566084289797
1998,Local government revenue,Taxes,Percentage (%),Units,Undefined,0.8049545386322879
1999,Local government revenue,Taxes,Percentage (%),Units,Undefined,0.845919264040499
2000,Local government revenue,Taxes,Percentage (%),Units,Undefined,0.896099773486637
2001,Local government revenue,Taxes,Percentage (%),Units,Undefined,0.94498364099254
2002,Local government revenue,Taxes,Percentage (%),Units,Undefined,1.0090911352977001
2003,Local government revenue,Taxes,Percentage (%),Units,Undefined,1.0962578070398499
2004,Local government revenue,Taxes,Percentage (%),Units,Undefined,1.1545382540708
2005,Local government revenue,Taxes,Percentage (%),Units,Undefined,1.18327450003391
2006,Local government revenue,Taxes,Percentage (%),Units,Undefined,1.21694726961036
2007,Local government revenue,Taxes,Percentage (%),Units,Undefined,1.2513062246645201
2008,Local government revenue,Taxes,Percentage (%),Units,Undefined,1.31357703355263
2009,Local government revenue,Taxes,Percentage (%),Units,Undefined,1.40954081665362
2010,Local government revenue,Taxes,Percentage (%),Units,Undefined,1.42364517341596
2011,Local government revenue,Taxes,Percentage (%),Units,Undefined,1.41436360684423
2012,Local government revenue,Taxes,Percentage (%),Units,Undefined,1.41208230320954
2013,Local government revenue,Taxes,Percentage (%),Units,Undefined,1.44007318806446
2014,Local government revenue,Taxes,Percentage (%),Units,Undefined,1.4497805598857
2015,Local government revenue,Taxes,Percentage (%),Units,Undefined,1.46415608431016
2016,Local government revenue,Taxes,Percentage (%),Units,Undefined,1.50924791980194
2017,Local government revenue,Taxes,Percentage (%),Units,Undefined,1.57191804768897
1998,,Taxes,Percentage (%),Units,Undefined,18.655282832831
1999,,Taxes,Percentage (%),Units,Undefined,19.2405929923263
2000,,Taxes,Percentage (%),Units,Undefined,20.108575763608197
2001,,Taxes,Percentage (%),Units,Undefined,19.9945459075668
2002,,Taxes,Percentage (%),Units,Undefined,19.839972029239103
2003,,Taxes,Percentage (%),Units,Undefined,20.0586901707238
2004,,Taxes,Percentage (%),Units,Undefined,21.0996556111138
2005,,Taxes,Percentage (%),Units,Undefined,21.9062222939606
2006,,Taxes,Percentage (%),Units,Undefined,22.703061216342697
2007,,Taxes,Percentage (%),Units,Undefined,23.3970350159972
2008,,Taxes,Percentage (%),Units,Undefined,23.3891269662777
2009,,Taxes,Percentage (%),Units,Undefined,22.903391815046803
2010,,Taxes,Percentage (%),Units,Undefined,24.502397476919104
2011,,Taxes,Percentage (%),Units,Undefined,25.3891487097152
2012,,Taxes,Percentage (%),Units,Undefined,25.063391164747
2013,,Taxes,Percentage (%),Units,Undefined,25.5271691629931
2014,,Taxes,Percentage (%),Units,Undefined,25.678116766367197
2015,,Taxes,Percentage (%),Units,Undefined,26.0487993454969
2016,,Taxes,Percentage (%),Units,Undefined,26.985352806058696
2017,,Taxes,Percentage (%),Units,Undefined,28.005484131978697
1998,Central government revenue,National insurance contributions,Percentage (%),Units,Undefined,3.80523963717081
1999,Central government revenue,National insurance contributions,Percentage (%),Units,Undefined,3.94794792566096
2000,Central government revenue,National insurance contributions,Percentage (%),Units,Undefined,4.05222182168394
2001,Central government revenue,National insurance contributions,Percentage (%),Units,Undefined,4.12817248011447
2002,Central government revenue,National insurance contributions,Percentage (%),Units,Undefined,4.04567962122077
2003,Central government revenue,National insurance contributions,Percentage (%),Units,Undefined,4.416889136947019
2004,Central government revenue,National insurance contributions,Percentage (%),Units,Undefined,4.77909706047888
2005,Central government revenue,National insurance contributions,Percentage (%),Units,Undefined,4.93936544251296
2006,Central government revenue,National insurance contributions,Percentage (%),Units,Undefined,5.10696977335433
2007,Central government revenue,National insurance contributions,Percentage (%),Units,Undefined,5.1837445867102305
2008,Central government revenue,National insurance contributions,Percentage (%),Units,Undefined,5.48685446349993
2009,Central government revenue,National insurance contributions,Percentage (%),Units,Undefined,5.50440696418653
2010,Central government revenue,National insurance contributions,Percentage (%),Units,Undefined,5.578030309975881
2011,Central government revenue,National insurance contributions,Percentage (%),Units,Undefined,5.71862005826801
2012,Central government revenue,National insurance contributions,Percentage (%),Units,Undefined,5.7969782294484995
2013,Central government revenue,National insurance contributions,Percentage (%),Units,Undefined,5.7769016508156
2014,Central government revenue,National insurance contributions,Percentage (%),Units,Undefined,5.77203935692964
2015,Central government revenue,National insurance contributions,Percentage (%),Units,Undefined,5.89523092372072
2016,Central government revenue,National insurance contributions,Percentage (%),Units,Undefined,6.18423537870064
2017,Central government revenue,National insurance contributions,Percentage (%),Units,Undefined,6.55708392020538
1998,,National insurance contributions,Percentage (%),Units,Undefined,3.80523963717081
1999,,National insurance contributions,Percentage (%),Units,Undefined,3.94794792566096
2000,,National insurance contributions,Percentage (%),Units,Undefined,4.05222182168394
2001,,National insurance contributions,Percentage (%),Units,Undefined,4.12817248011447
2002,,National insurance contributions,Percentage (%),Units,Undefined,4.04567962122077
2003,,National insurance contributions,Percentage (%),Units,Undefined,4.416889136947019
2004,,National insurance contributions,Percentage (%),Units,Undefined,4.77909706047888
2005,,National insurance contributions,Percentage (%),Units,Undefined,4.93936544251296
2006,,National insurance contributions,Percentage (%),Units,Undefined,5.10696977335433
2007,,National insurance contributions,Percentage (%),Units,Undefined,5.1837445867102305
2008,,National insurance contributions,Percentage (%),Units,Undefined,5.48685446349993
2009,,National insurance contributions,Percentage (%),Units,Undefined,5.50440696418653
2010,,National insurance contributions,Percentage (%),Units,Undefined,5.578030309975881
2011,,National insurance contributions,Percentage (%),Units,Undefined,5.71862005826801
2012,,National insurance contributions,Percentage (%),Units,Undefined,5.7969782294484995
2013,,National insurance contributions,Percentage (%),Units,Undefined,5.7769016508156
2014,,National insurance contributions,Percentage (%),Units,Undefined,5.77203935692964
2015,,National insurance contributions,Percentage (%),Units,Undefined,5.89523092372072
2016,,National insurance contributions,Percentage (%),Units,Undefined,6.18423537870064
2017,,National insurance contributions,Percentage (%),Units,Undefined,6.55708392020538
1998,Central government revenue,Interest and dividends,Percentage (%),Units,Undefined,0.6040211102182329
1999,Central government revenue,Interest and dividends,Percentage (%),Units,Undefined,0.542701946003939
2000,Central government revenue,Interest and dividends,Percentage (%),Units,Undefined,0.541466472256148
2001,Central government revenue,Interest and dividends,Percentage (%),Units,Undefined,0.539196548095743
2002,Central government revenue,Interest and dividends,Percentage (%),Units,Undefined,0.44782566253506706
2003,Central government revenue,Interest and dividends,Percentage (%),Units,Undefined,0.46521190448554406
2004,Central government revenue,Interest and dividends,Percentage (%),Units,Undefined,0.43620179294560707
2005,Central government revenue,Interest and dividends,Percentage (%),Units,Undefined,0.404405830461847
2006,Central government revenue,Interest and dividends,Percentage (%),Units,Undefined,0.3717737124790271
2007,Central government revenue,Interest and dividends,Percentage (%),Units,Undefined,0.428558478545103
2008,Central government revenue,Interest and dividends,Percentage (%),Units,Undefined,0.5306654776128811
2009,Central government revenue,Interest and dividends,Percentage (%),Units,Undefined,0.493994953977924
2010,Central government revenue,Interest and dividends,Percentage (%),Units,Undefined,0.445343943964134
2011,Central government revenue,Interest and dividends,Percentage (%),Units,Undefined,0.44727015252509705
2012,Central government revenue,Interest and dividends,Percentage (%),Units,Undefined,0.6562784621189511
2013,Central government revenue,Interest and dividends,Percentage (%),Units,Undefined,1.4534692177208701
2014,Central government revenue,Interest and dividends,Percentage (%),Units,Undefined,0.884478281591098
2015,Central government revenue,Interest and dividends,Percentage (%),Units,Undefined,0.8968408235451591
2016,Central government revenue,Interest and dividends,Percentage (%),Units,Undefined,0.9250966223310809
2017,Central government revenue,Interest and dividends,Percentage (%),Units,Undefined,1.00457510463803
1998,Local government revenue,Interest and dividends,Percentage (%),Units,Undefined,0.0247037524569102
1999,Local government revenue,Interest and dividends,Percentage (%),Units,Undefined,0.00250477821232587
2000,Local government revenue,Interest and dividends,Percentage (%),Units,Undefined,0.00437154647828215
2001,Local government revenue,Interest and dividends,Percentage (%),Units,Undefined,0.0483936259055003
2002,Local government revenue,Interest and dividends,Percentage (%),Units,Undefined,0.0846013432855818
2003,Local government revenue,Interest and dividends,Percentage (%),Units,Undefined,0.139532701279008
2004,Local government revenue,Interest and dividends,Percentage (%),Units,Undefined,0.0962165481604542
2005,Local government revenue,Interest and dividends,Percentage (%),Units,Undefined,0.069360132310593
2006,Local government revenue,Interest and dividends,Percentage (%),Units,Undefined,0.0663250234105091
2007,Local government revenue,Interest and dividends,Percentage (%),Units,Undefined,0.0285297819223511
2008,Local government revenue,Interest and dividends,Percentage (%),Units,Undefined,0.00318097930633444
2009,Local government revenue,Interest and dividends,Percentage (%),Units,Undefined,0.07308514302599299
2010,Local government revenue,Interest and dividends,Percentage (%),Units,Undefined,0.0791327826318153
2011,Local government revenue,Interest and dividends,Percentage (%),Units,Undefined,0.0533296652746083
2012,Local government revenue,Interest and dividends,Percentage (%),Units,Undefined,0.13375633008639398
2013,Local government revenue,Interest and dividends,Percentage (%),Units,Undefined,0.0270098809332567
2014,Local government revenue,Interest and dividends,Percentage (%),Units,Undefined,0.0397779838380782
2015,Local government revenue,Interest and dividends,Percentage (%),Units,Undefined,0.0434647111508949
2016,Local government revenue,Interest and dividends,Percentage (%),Units,Undefined,0.04204061488968899
2017,Local government revenue,Interest and dividends,Percentage (%),Units,Undefined,0.0491973588260561
1998,,Interest and dividends,Percentage (%),Units,Undefined,0.6287248626751429
1999,,Interest and dividends,Percentage (%),Units,Undefined,0.540197167791613
2000,,Interest and dividends,Percentage (%),Units,Undefined,0.54583801873443
2001,,Interest and dividends,Percentage (%),Units,Undefined,0.490802922190243
2002,,Interest and dividends,Percentage (%),Units,Undefined,0.363224319249485
2003,,Interest and dividends,Percentage (%),Units,Undefined,0.325679203206535
2004,,Interest and dividends,Percentage (%),Units,Undefined,0.3399852447851531
2005,,Interest and dividends,Percentage (%),Units,Undefined,0.33504569815125396
2006,,Interest and dividends,Percentage (%),Units,Undefined,0.305448689068518
2007,,Interest and dividends,Percentage (%),Units,Undefined,0.40002869662275203
2008,,Interest and dividends,Percentage (%),Units,Undefined,0.533846456919216
2009,,Interest and dividends,Percentage (%),Units,Undefined,0.42090981095193103
2010,,Interest and dividends,Percentage (%),Units,Undefined,0.36621116133231796
2011,,Interest and dividends,Percentage (%),Units,Undefined,0.39394048725048897
2012,,Interest and dividends,Percentage (%),Units,Undefined,0.5225221320325569
2013,,Interest and dividends,Percentage (%),Units,Undefined,1.4264593367876202
2014,,Interest and dividends,Percentage (%),Units,Undefined,0.844700297753019
2015,,Interest and dividends,Percentage (%),Units,Undefined,0.853376112394264
2016,,Interest and dividends,Percentage (%),Units,Undefined,0.883056007441391
2017,,Interest and dividends,Percentage (%),Units,Undefined,0.955377745811981
1998,Central government revenue,Other receipts,Percentage (%),Units,Undefined,0.7042005714897149
1999,Central government revenue,Other receipts,Percentage (%),Units,Undefined,0.682969525894188
2000,Central government revenue,Other receipts,Percentage (%),Units,Undefined,0.735764899575489
2001,Central government revenue,Other receipts,Percentage (%),Units,Undefined,0.763638337430442
2002,Central government revenue,Other receipts,Percentage (%),Units,Undefined,0.772322217550504
2003,Central government revenue,Other receipts,Percentage (%),Units,Undefined,0.797065121023009
2004,Central government revenue,Other receipts,Percentage (%),Units,Undefined,0.796455852891835
2005,Central government revenue,Other receipts,Percentage (%),Units,Undefined,0.814659901422058
2006,Central government revenue,Other receipts,Percentage (%),Units,Undefined,0.821905621145535
2007,Central government revenue,Other receipts,Percentage (%),Units,Undefined,0.823248268609287
2008,Central government revenue,Other receipts,Percentage (%),Units,Undefined,0.889111619447726
2009,Central government revenue,Other receipts,Percentage (%),Units,Undefined,0.9754593611052992
2010,Central government revenue,Other receipts,Percentage (%),Units,Undefined,1.01755246486298
2011,Central government revenue,Other receipts,Percentage (%),Units,Undefined,1.05667150730154
2012,Central government revenue,Other receipts,Percentage (%),Units,Undefined,1.13945722825987
2013,Central government revenue,Other receipts,Percentage (%),Units,Undefined,1.18816248403775
2014,Central government revenue,Other receipts,Percentage (%),Units,Undefined,1.26273940183856
2015,Central government revenue,Other receipts,Percentage (%),Units,Undefined,1.21680518351565
2016,Central government revenue,Other receipts,Percentage (%),Units,Undefined,1.16454534192017
2017,Central government revenue,Other receipts,Percentage (%),Units,Undefined,1.20226357797157
1998,Local government revenue,Other receipts,Percentage (%),Units,Undefined,0.285170351762763
1999,Local government revenue,Other receipts,Percentage (%),Units,Undefined,0.29083258132005896
2000,Local government revenue,Other receipts,Percentage (%),Units,Undefined,0.29719790596198203
2001,Local government revenue,Other receipts,Percentage (%),Units,Undefined,0.30729952449992703
2002,Local government revenue,Other receipts,Percentage (%),Units,Undefined,0.323730931999277
2003,Local government revenue,Other receipts,Percentage (%),Units,Undefined,0.33222365733732
2004,Local government revenue,Other receipts,Percentage (%),Units,Undefined,0.351688072586487
2005,Local government revenue,Other receipts,Percentage (%),Units,Undefined,0.37598338163979905
2006,Local government revenue,Other receipts,Percentage (%),Units,Undefined,0.40051645693207705
2007,Local government revenue,Other receipts,Percentage (%),Units,Undefined,0.41287544052930797
2008,Local government revenue,Other receipts,Percentage (%),Units,Undefined,0.4380822378022
2009,Local government revenue,Other receipts,Percentage (%),Units,Undefined,0.48303801068535107
2010,Local government revenue,Other receipts,Percentage (%),Units,Undefined,0.500868684275668
2011,Local government revenue,Other receipts,Percentage (%),Units,Undefined,0.521401769688004
2012,Local government revenue,Other receipts,Percentage (%),Units,Undefined,0.542082675526703
2013,Local government revenue,Other receipts,Percentage (%),Units,Undefined,0.560346118554862
2014,Local government revenue,Other receipts,Percentage (%),Units,Undefined,0.5711208663560239
2015,Local government revenue,Other receipts,Percentage (%),Units,Undefined,0.584783836709127
2016,Local government revenue,Other receipts,Percentage (%),Units,Undefined,0.6042576785050601
2017,Local government revenue,Other receipts,Percentage (%),Units,Undefined,0.616839981220094
1998,,Other receipts,Percentage (%),Units,Undefined,0.9893709232524781
1999,,Other receipts,Percentage (%),Units,Undefined,0.9738021072142479
2000,,Other receipts,Percentage (%),Units,Undefined,1.03296280553747
2001,,Other receipts,Percentage (%),Units,Undefined,1.07093786193036
2002,,Other receipts,Percentage (%),Units,Undefined,1.09605314954978
2003,,Other receipts,Percentage (%),Units,Undefined,1.12928877836033
2004,,Other receipts,Percentage (%),Units,Undefined,1.1481439254783201
2005,,Other receipts,Percentage (%),Units,Undefined,1.19064328306185
2006,,Other receipts,Percentage (%),Units,Undefined,1.22242207807761
2007,,Other receipts,Percentage (%),Units,Undefined,1.2361237091385902
2008,,Other receipts,Percentage (%),Units,Undefined,1.32719385724992
2009,,Other receipts,Percentage (%),Units,Undefined,1.45849737179065
2010,,Other receipts,Percentage (%),Units,Undefined,1.51842114913865
2011,,Other receipts,Percentage (%),Units,Undefined,1.5780732769895403
2012,,Other receipts,Percentage (%),Units,Undefined,1.6815399037865701
2013,,Other receipts,Percentage (%),Units,Undefined,1.7485086025926202
2014,,Other receipts,Percentage (%),Units,Undefined,1.8338602681945901
2015,,Other receipts,Percentage (%),Units,Undefined,1.8015890202247802
2016,,Other receipts,Percentage (%),Units,Undefined,1.76880302042523
2017,,Other receipts,Percentage (%),Units,Undefined,1.81910355919166
1998,Central government revenue,Market output and output for own final use,Percentage (%),Units,Undefined,0.201507934285145
1999,Central government revenue,Market output and output for own final use,Percentage (%),Units,Undefined,0.224108072830601
2000,Central government revenue,Market output and output for own final use,Percentage (%),Units,Undefined,0.22563905284056301
2001,Central government revenue,Market output and output for own final use,Percentage (%),Units,Undefined,0.273816367116661
2002,Central government revenue,Market output and output for own final use,Percentage (%),Units,Undefined,0.28972450969821
2003,Central government revenue,Market output and output for own final use,Percentage (%),Units,Undefined,0.293944774685557
2004,Central government revenue,Market output and output for own final use,Percentage (%),Units,Undefined,0.581883901915825
2005,Central government revenue,Market output and output for own final use,Percentage (%),Units,Undefined,0.7198014405385992
2006,Central government revenue,Market output and output for own final use,Percentage (%),Units,Undefined,0.7721761109013701
2007,Central government revenue,Market output and output for own final use,Percentage (%),Units,Undefined,0.8794736283042129
2008,Central government revenue,Market output and output for own final use,Percentage (%),Units,Undefined,0.922149158910006
2009,Central government revenue,Market output and output for own final use,Percentage (%),Units,Undefined,1.0947618234451701
2010,Central government revenue,Market output and output for own final use,Percentage (%),Units,Undefined,1.0780623985770899
2011,Central government revenue,Market output and output for own final use,Percentage (%),Units,Undefined,1.00198886954639
2012,Central government revenue,Market output and output for own final use,Percentage (%),Units,Undefined,0.911954770688747
2013,Central government revenue,Market output and output for own final use,Percentage (%),Units,Undefined,0.9905438189031041
2014,Central government revenue,Market output and output for own final use,Percentage (%),Units,Undefined,1.00524043199313
2015,Central government revenue,Market output and output for own final use,Percentage (%),Units,Undefined,1.0197410412821701
2016,Central government revenue,Market output and output for own final use,Percentage (%),Units,Undefined,1.06675521598112
2017,Central government revenue,Market output and output for own final use,Percentage (%),Units,Undefined,1.1585603404357299
1998,Local government revenue,Market output,Percentage (%),Units,Undefined,0.7031951862153061
1999,Local government revenue,Market output,Percentage (%),Units,Undefined,0.762704965653228
2000,Local government revenue,Market output,Percentage (%),Units,Undefined,0.8336202861278051
2001,Local government revenue,Market output,Percentage (%),Units,Undefined,0.939294120109055
2002,Local government revenue,Market output,Percentage (%),Units,Undefined,1.01980985752393
2003,Local government revenue,Market output,Percentage (%),Units,Undefined,1.0660051417183
2004,Local government revenue,Market output,Percentage (%),Units,Undefined,1.08148606609443
2005,Local government revenue,Market output,Percentage (%),Units,Undefined,1.14169351009055
2006,Local government revenue,Market output,Percentage (%),Units,Undefined,1.33089172083495
2007,Local government revenue,Market output,Percentage (%),Units,Undefined,1.30675299381965
2008,Local government revenue,Market output,Percentage (%),Units,Undefined,1.34572166654296
2009,Local government revenue,Market output,Percentage (%),Units,Undefined,1.4774971777128703
2010,Local government revenue,Market output,Percentage (%),Units,Undefined,1.4875931715456598
2011,Local government revenue,Market output,Percentage (%),Units,Undefined,1.3995936572650098
2012,Local government revenue,Market output,Percentage (%),Units,Undefined,1.36029131873072
2013,Local government revenue,Market output,Percentage (%),Units,Undefined,1.3551772115020702
2014,Local government revenue,Market output,Percentage (%),Units,Undefined,1.36599289180123
2015,Local government revenue,Market output,Percentage (%),Units,Undefined,1.35918958211341
2016,Local government revenue,Market output,Percentage (%),Units,Undefined,1.3405269496588998
2017,Local government revenue,Market output,Percentage (%),Units,Undefined,1.3603943780155199
1998,,Market output,Percentage (%),Units,Undefined,0.9047031205004521
1999,,Market output,Percentage (%),Units,Undefined,0.98681303848383
2000,,Market output,Percentage (%),Units,Undefined,1.05925933896836
2001,,Market output,Percentage (%),Units,Undefined,1.21311048722571
2002,,Market output,Percentage (%),Units,Undefined,1.3095343672221398
2003,,Market output,Percentage (%),Units,Undefined,1.35994991640385
2004,,Market output,Percentage (%),Units,Undefined,1.66336996801025
2005,,Market output,Percentage (%),Units,Undefined,1.86149495062915
2006,,Market output,Percentage (%),Units,Undefined,2.10306783173632
2007,,Market output,Percentage (%),Units,Undefined,2.18622662212387
2008,,Market output,Percentage (%),Units,Undefined,2.26787082545296
2009,,Market output,Percentage (%),Units,Undefined,2.5722590011580495
2010,,Market output,Percentage (%),Units,Undefined,2.5656555701227597
2011,,Market output,Percentage (%),Units,Undefined,2.4015825268113997
2012,,Market output,Percentage (%),Units,Undefined,2.27224608941946
2013,,Market output,Percentage (%),Units,Undefined,2.34572103040517
2014,,Market output,Percentage (%),Units,Undefined,2.37123332379437
2015,,Market output,Percentage (%),Units,Undefined,2.37893062339559
2016,,Market output,Percentage (%),Units,Undefined,2.4072821656400203
2017,,Market output,Percentage (%),Units,Undefined,2.51895471845125
1998,Central government revenue,Pension contributions,Percentage (%),Units,Undefined,0.685744570380919
1999,Central government revenue,Pension contributions,Percentage (%),Units,Undefined,0.731743123861978
2000,Central government revenue,Pension contributions,Percentage (%),Units,Undefined,0.784053674520206
2001,Central government revenue,Pension contributions,Percentage (%),Units,Undefined,0.8532319421473821
2002,Central government revenue,Pension contributions,Percentage (%),Units,Undefined,0.9077098875746401
2003,Central government revenue,Pension contributions,Percentage (%),Units,Undefined,0.9305472892377059
2004,Central government revenue,Pension contributions,Percentage (%),Units,Undefined,0.9472051656523209
2005,Central government revenue,Pension contributions,Percentage (%),Units,Undefined,1.03396892011069
2006,Central government revenue,Pension contributions,Percentage (%),Units,Undefined,1.03496691732925
2007,Central government revenue,Pension contributions,Percentage (%),Units,Undefined,1.0747886265718398
2008,Central government revenue,Pension contributions,Percentage (%),Units,Undefined,1.1221044019731001
2009,Central government revenue,Pension contributions,Percentage (%),Units,Undefined,1.2600484786458999
2010,Central government revenue,Pension contributions,Percentage (%),Units,Undefined,1.26297296306143
2011,Central government revenue,Pension contributions,Percentage (%),Units,Undefined,1.24653864540395
2012,Central government revenue,Pension contributions,Percentage (%),Units,Undefined,1.22614600056347
2013,Central government revenue,Pension contributions,Percentage (%),Units,Undefined,1.26031589580502
2014,Central government revenue,Pension contributions,Percentage (%),Units,Undefined,1.2653313183386499
2015,Central government revenue,Pension contributions,Percentage (%),Units,Undefined,1.33856839335098
2016,Central government revenue,Pension contributions,Percentage (%),Units,Undefined,1.3611410675878999
2017,Central government revenue,Pension contributions,Percentage (%),Units,Undefined,1.36743684257844
1998,Local government revenue,Pension contributions,Percentage (%),Units,Undefined,0.119712660888573
1999,Local government revenue,Pension contributions,Percentage (%),Units,Undefined,0.12746538013836098
2000,Local government revenue,Pension contributions,Percentage (%),Units,Undefined,0.126842102431386
2001,Local government revenue,Pension contributions,Percentage (%),Units,Undefined,0.133671042366003
2002,Local government revenue,Pension contributions,Percentage (%),Units,Undefined,0.14617019416837698
2003,Local government revenue,Pension contributions,Percentage (%),Units,Undefined,0.138791819679297
2004,Local government revenue,Pension contributions,Percentage (%),Units,Undefined,0.156781698225091
2005,Local government revenue,Pension contributions,Percentage (%),Units,Undefined,0.16918959761766
2006,Local government revenue,Pension contributions,Percentage (%),Units,Undefined,0.162704464136012
2007,Local government revenue,Pension contributions,Percentage (%),Units,Undefined,0.160612105636939
2008,Local government revenue,Pension contributions,Percentage (%),Units,Undefined,0.17618160824733
2009,Local government revenue,Pension contributions,Percentage (%),Units,Undefined,0.19716669765305703
2010,Local government revenue,Pension contributions,Percentage (%),Units,Undefined,0.17694571525492103
2011,Local government revenue,Pension contributions,Percentage (%),Units,Undefined,0.171376514201701
2012,Local government revenue,Pension contributions,Percentage (%),Units,Undefined,0.170765767492932
2013,Local government revenue,Pension contributions,Percentage (%),Units,Undefined,0.15470780591004502
2014,Local government revenue,Pension contributions,Percentage (%),Units,Undefined,0.152182525933711
2015,Local government revenue,Pension contributions,Percentage (%),Units,Undefined,0.15080859350571998
2016,Local government revenue,Pension contributions,Percentage (%),Units,Undefined,0.149782383966887
2017,Local government revenue,Pension contributions,Percentage (%),Units,Undefined,0.138551749627898
1998,,Pension contributions,Percentage (%),Units,Undefined,0.8054572312694921
1999,,Pension contributions,Percentage (%),Units,Undefined,0.8592085040003391
2000,,Pension contributions,Percentage (%),Units,Undefined,0.910895776951593
2001,,Pension contributions,Percentage (%),Units,Undefined,0.986902984513385
2002,,Pension contributions,Percentage (%),Units,Undefined,1.05388008174301
2003,,Pension contributions,Percentage (%),Units,Undefined,1.069339108917
2004,,Pension contributions,Percentage (%),Units,Undefined,1.1039868638774097
2005,,Pension contributions,Percentage (%),Units,Undefined,1.2031585177283501
2006,,Pension contributions,Percentage (%),Units,Undefined,1.19767138146526
2007,,Pension contributions,Percentage (%),Units,Undefined,1.23540073220878
2008,,Pension contributions,Percentage (%),Units,Undefined,1.2982860102204299
2009,,Pension contributions,Percentage (%),Units,Undefined,1.4572151762989598
2010,,Pension contributions,Percentage (%),Units,Undefined,1.43991867831635
2011,,Pension contributions,Percentage (%),Units,Undefined,1.41791515960565
2012,,Pension contributions,Percentage (%),Units,Undefined,1.39691176805641
2013,,Pension contributions,Percentage (%),Units,Undefined,1.41502370171507
2014,,Pension contributions,Percentage (%),Units,Undefined,1.4175138442723603
2015,,Pension contributions,Percentage (%),Units,Undefined,1.4893769868567
2016,,Pension contributions,Percentage (%),Units,Undefined,1.5109234515547902
2017,,Pension contributions,Percentage (%),Units,Undefined,1.50598859220633
1998,Central government revenue,Current grants to Central government revenue,Percentage (%),Units,Undefined,0.0005026926372045691
1999,Central government revenue,Current grants to Central government revenue,Percentage (%),Units,Undefined,0.000347885862823038
2000,Central government revenue,Current grants to Central government revenue,Percentage (%),Units,Undefined,0.0
2001,Central government revenue,Current grants to Central government revenue,Percentage (%),Units,Undefined,0.000523174334113517
2002,Central government revenue,Current grants to Central government revenue,Percentage (%),Units,Undefined,0.000829424934172371
2003,Central government revenue,Current grants to Central government revenue,Percentage (%),Units,Undefined,0.000617401333092958
2004,Central government revenue,Current grants to Central government revenue,Percentage (%),Units,Undefined,0.000723886255752633
2005,Central government revenue,Current grants to Central government revenue,Percentage (%),Units,Undefined,0.000760271264787276
2006,Central government revenue,Current grants to Central government revenue,Percentage (%),Units,Undefined,0.0013687021168118801
2007,Central government revenue,Current grants to Central government revenue,Percentage (%),Units,Undefined,0.00428224796885192
2008,Central government revenue,Current grants to Central government revenue,Percentage (%),Units,Undefined,0.0021764595253867198
2009,Central government revenue,Current grants to Central government revenue,Percentage (%),Units,Undefined,0.00221470130381797
2010,Central government revenue,Current grants to Central government revenue,Percentage (%),Units,Undefined,0.0021774407965307603
2011,Central government revenue,Current grants to Central government revenue,Percentage (%),Units,Undefined,0.0025368234010120197
2012,Central government revenue,Current grants to Central government revenue,Percentage (%),Units,Undefined,0.006723936826112879
2013,Central government revenue,Current grants to Central government revenue,Percentage (%),Units,Undefined,0.0057178175362741
2014,Central government revenue,Current grants to Central government revenue,Percentage (%),Units,Undefined,0.00650623937777077
2015,Central government revenue,Current grants to Central government revenue,Percentage (%),Units,Undefined,0.005736721685789929
2016,Central government revenue,Current grants to Central government revenue,Percentage (%),Units,Undefined,0.0150797857756493
2017,Central government revenue,Current grants to Central government revenue,Percentage (%),Units,Undefined,0.0189297451726652
1998,,Current grants to Central government revenue,Percentage (%),Units,Undefined,0.0005026926372045691
1999,,Current grants to Central government revenue,Percentage (%),Units,Undefined,0.000347885862823038
2000,,Current grants to Central government revenue,Percentage (%),Units,Undefined,0.0
2001,,Current grants to Central government revenue,Percentage (%),Units,Undefined,0.000523174334113517
2002,,Current grants to Central government revenue,Percentage (%),Units,Undefined,0.000829424934172371
2003,,Current grants to Central government revenue,Percentage (%),Units,Undefined,0.000617401333092958
2004,,Current grants to Central government revenue,Percentage (%),Units,Undefined,0.000723886255752633
2005,,Current grants to Central government revenue,Percentage (%),Units,Undefined,0.000760271264787276
2006,,Current grants to Central government revenue,Percentage (%),Units,Undefined,0.0013687021168118801
2007,,Current grants to Central government revenue,Percentage (%),Units,Undefined,0.00428224796885192
2008,,Current grants to Central government revenue,Percentage (%),Units,Undefined,0.0021764595253867198
2009,,Current grants to Central government revenue,Percentage (%),Units,Undefined,0.00221470130381797
2010,,Current grants to Central government revenue,Percentage (%),Units,Undefined,0.0021774407965307603
2011,,Current grants to Central government revenue,Percentage (%),Units,Undefined,0.0025368234010120197
2012,,Current grants to Central government revenue,Percentage (%),Units,Undefined,0.006723936826112879
2013,,Current grants to Central government revenue,Percentage (%),Units,Undefined,0.0057178175362741
2014,,Current grants to Central government revenue,Percentage (%),Units,Undefined,0.00650623937777077
2015,,Current grants to Central government revenue,Percentage (%),Units,Undefined,0.005736721685789929
2016,,Current grants to Central government revenue,Percentage (%),Units,Undefined,0.0150797857756493
2017,,Current grants to Central government revenue,Percentage (%),Units,Undefined,0.0189297451726652
1998,Local government revenue,Current grants from Central government revenue,Percentage (%),Units,Undefined,4.33593943559107
1999,Local government revenue,Current grants from Central government revenue,Percentage (%),Units,Undefined,4.479447946882
2000,Local government revenue,Current grants from Central government revenue,Percentage (%),Units,Undefined,4.4420965129855094
2001,Local government revenue,Current grants from Central government revenue,Percentage (%),Units,Undefined,4.787372141097499
2002,Local government revenue,Current grants from Central government revenue,Percentage (%),Units,Undefined,5.0497942069134405
2003,Local government revenue,Current grants from Central government revenue,Percentage (%),Units,Undefined,5.4244263724214195
2004,Local government revenue,Current grants from Central government revenue,Percentage (%),Units,Undefined,5.71387551207412
2005,Local government revenue,Current grants from Central government revenue,Percentage (%),Units,Undefined,5.928302910786259
2006,Local government revenue,Current grants from Central government revenue,Percentage (%),Units,Undefined,6.29357747937537
2007,Local government revenue,Current grants from Central government revenue,Percentage (%),Units,Undefined,6.29034419819355
2008,Local government revenue,Current grants from Central government revenue,Percentage (%),Units,Undefined,6.5775397189911695
2009,Local government revenue,Current grants from Central government revenue,Percentage (%),Units,Undefined,7.2681834262245095
2010,Local government revenue,Current grants from Central government revenue,Percentage (%),Units,Undefined,7.58150504707856
2011,Local government revenue,Current grants from Central government revenue,Percentage (%),Units,Undefined,7.15508221562773
2012,Local government revenue,Current grants from Central government revenue,Percentage (%),Units,Undefined,7.137820144136749
2013,Local government revenue,Current grants from Central government revenue,Percentage (%),Units,Undefined,6.62493567455271
2014,Local government revenue,Current grants from Central government revenue,Percentage (%),Units,Undefined,6.56299705949717
2015,Local government revenue,Current grants from Central government revenue,Percentage (%),Units,Undefined,6.26005541363055
2016,Local government revenue,Current grants from Central government revenue,Percentage (%),Units,Undefined,5.776928841689661
2017,Local government revenue,Current grants from Central government revenue,Percentage (%),Units,Undefined,5.64900556404647
1998,,Current grants from Central government revenue,Percentage (%),Units,Undefined,4.33593943559107
1999,,Current grants from Central government revenue,Percentage (%),Units,Undefined,4.479447946882
2000,,Current grants from Central government revenue,Percentage (%),Units,Undefined,4.4420965129855094
2001,,Current grants from Central government revenue,Percentage (%),Units,Undefined,4.787372141097499
2002,,Current grants from Central government revenue,Percentage (%),Units,Undefined,5.0497942069134405
2003,,Current grants from Central government revenue,Percentage (%),Units,Undefined,5.4244263724214195
2004,,Current grants from Central government revenue,Percentage (%),Units,Undefined,5.71387551207412
2005,,Current grants from Central government revenue,Percentage (%),Units,Undefined,5.928302910786259
2006,,Current grants from Central government revenue,Percentage (%),Units,Undefined,6.29357747937537
2007,,Current grants from Central government revenue,Percentage (%),Units,Undefined,6.29034419819355
2008,,Current grants from Central government revenue,Percentage (%),Units,Undefined,6.5775397189911695
2009,,Current grants from Central government revenue,Percentage (%),Units,Undefined,7.2681834262245095
2010,,Current grants from Central government revenue,Percentage (%),Units,Undefined,7.58150504707856
2011,,Current grants from Central government revenue,Percentage (%),Units,Undefined,7.15508221562773
2012,,Current grants from Central government revenue,Percentage (%),Units,Undefined,7.137820144136749
2013,,Current grants from Central government revenue,Percentage (%),Units,Undefined,6.62493567455271
2014,,Current grants from Central government revenue,Percentage (%),Units,Undefined,6.56299705949717
2015,,Current grants from Central government revenue,Percentage (%),Units,Undefined,6.26005541363055
2016,,Current grants from Central government revenue,Percentage (%),Units,Undefined,5.776928841689661
2017,,Current grants from Central government revenue,Percentage (%),Units,Undefined,5.64900556404647
1998,Central government revenue,Capital transfers to Central government revenue,Percentage (%),Units,Undefined,0.0013644514438409699
1999,Central government revenue,Capital transfers to Central government revenue,Percentage (%),Units,Undefined,0.0016698521415505802
2000,Central government revenue,Capital transfers to Central government revenue,Percentage (%),Units,Undefined,0.00195038227492588
2001,Central government revenue,Capital transfers to Central government revenue,Percentage (%),Units,Undefined,0.029690143460942
2002,Central government revenue,Capital transfers to Central government revenue,Percentage (%),Units,Undefined,0.029285080368086
2003,Central government revenue,Capital transfers to Central government revenue,Percentage (%),Units,Undefined,0.0317961686542873
2004,Central government revenue,Capital transfers to Central government revenue,Percentage (%),Units,Undefined,0.101102780386784
2005,Central government revenue,Capital transfers to Central government revenue,Percentage (%),Units,Undefined,0.146147530054107
2006,Central government revenue,Capital transfers to Central government revenue,Percentage (%),Units,Undefined,0.0686632228600627
2007,Central government revenue,Capital transfers to Central government revenue,Percentage (%),Units,Undefined,0.0872577540666062
2008,Central government revenue,Capital transfers to Central government revenue,Percentage (%),Units,Undefined,1.2717220426798101
2009,Central government revenue,Capital transfers to Central government revenue,Percentage (%),Units,Undefined,0.126121411091107
2010,Central government revenue,Capital transfers to Central government revenue,Percentage (%),Units,Undefined,0.0123197308224766
2011,Central government revenue,Capital transfers to Central government revenue,Percentage (%),Units,Undefined,0.015559183526206999
2012,Central government revenue,Capital transfers to Central government revenue,Percentage (%),Units,Undefined,0.7717523524054191
2013,Central government revenue,Capital transfers to Central government revenue,Percentage (%),Units,Undefined,0.110272195342429
2014,Central government revenue,Capital transfers to Central government revenue,Percentage (%),Units,Undefined,0.148321099311132
2015,Central government revenue,Capital transfers to Central government revenue,Percentage (%),Units,Undefined,0.14770766286475304
2016,Central government revenue,Capital transfers to Central government revenue,Percentage (%),Units,Undefined,0.0628070538871321
2017,Central government revenue,Capital transfers to Central government revenue,Percentage (%),Units,Undefined,0.0647806846674058
1998,,Capital transfers to Central government revenue,Percentage (%),Units,Undefined,0.0013644514438409699
1999,,Capital transfers to Central government revenue,Percentage (%),Units,Undefined,0.0016698521415505802
2000,,Capital transfers to Central government revenue,Percentage (%),Units,Undefined,0.00195038227492588
2001,,Capital transfers to Central government revenue,Percentage (%),Units,Undefined,0.029690143460942
2002,,Capital transfers to Central government revenue,Percentage (%),Units,Undefined,0.029285080368086
2003,,Capital transfers to Central government revenue,Percentage (%),Units,Undefined,0.0317961686542873
2004,,Capital transfers to Central government revenue,Percentage (%),Units,Undefined,0.101102780386784
2005,,Capital transfers to Central government revenue,Percentage (%),Units,Undefined,0.146147530054107
2006,,Capital transfers to Central government revenue,Percentage (%),Units,Undefined,0.0686632228600627
2007,,Capital transfers to Central government revenue,Percentage (%),Units,Undefined,0.0872577540666062
2008,,Capital transfers to Central government revenue,Percentage (%),Units,Undefined,1.2717220426798101
2009,,Capital transfers to Central government revenue,Percentage (%),Units,Undefined,0.126121411091107
2010,,Capital transfers to Central government revenue,Percentage (%),Units,Undefined,0.0123197308224766
2011,,Capital transfers to Central government revenue,Percentage (%),Units,Undefined,0.015559183526206999
2012,,Capital transfers to Central government revenue,Percentage (%),Units,Undefined,0.7717523524054191
2013,,Capital transfers to Central government revenue,Percentage (%),Units,Undefined,0.110272195342429
2014,,Capital transfers to Central government revenue,Percentage (%),Units,Undefined,0.148321099311132
2015,,Capital transfers to Central government revenue,Percentage (%),Units,Undefined,0.14770766286475304
2016,,Capital transfers to Central government revenue,Percentage (%),Units,Undefined,0.0628070538871321
2017,,Capital transfers to Central government revenue,Percentage (%),Units,Undefined,0.0647806846674058
1998,Local government revenue,Capital grants from private sector,Percentage (%),Units,Undefined,0.0265708965379558
1999,Local government revenue,Capital grants from private sector,Percentage (%),Units,Undefined,0.019133722455266997
2000,Local government revenue,Capital grants from private sector,Percentage (%),Units,Undefined,0.029995534297136004
2001,Local government revenue,Capital grants from private sector,Percentage (%),Units,Undefined,0.0317174440056319
2002,Local government revenue,Capital grants from private sector,Percentage (%),Units,Undefined,0.0456821732974936
2003,Local government revenue,Capital grants from private sector,Percentage (%),Units,Undefined,0.0487129651810344
2004,Local government revenue,Capital grants from private sector,Percentage (%),Units,Undefined,0.0358323696597553
2005,Local government revenue,Capital grants from private sector,Percentage (%),Units,Undefined,0.0402943770337256
2006,Local government revenue,Capital grants from private sector,Percentage (%),Units,Undefined,0.0426578826406369
2007,Local government revenue,Capital grants from private sector,Percentage (%),Units,Undefined,0.0428224796885192
2008,Local government revenue,Capital grants from private sector,Percentage (%),Units,Undefined,0.0453150034516415
2009,Local government revenue,Capital grants from private sector,Percentage (%),Units,Undefined,0.0522203254794974
2010,Local government revenue,Capital grants from private sector,Percentage (%),Units,Undefined,0.0398242461470758
2011,Local government revenue,Capital grants from private sector,Percentage (%),Units,Undefined,0.0444225964443883
2012,Local government revenue,Capital grants from private sector,Percentage (%),Units,Undefined,0.0507907294137782
2013,Local government revenue,Capital grants from private sector,Percentage (%),Units,Undefined,0.0561979780708083
2014,Local government revenue,Capital grants from private sector,Percentage (%),Units,Undefined,0.0742663421657736
2015,Local government revenue,Capital grants from private sector,Percentage (%),Units,Undefined,0.0711663582102048
2016,Local government revenue,Capital grants from private sector,Percentage (%),Units,Undefined,0.0727079233357907
2017,Local government revenue,Capital grants from private sector,Percentage (%),Units,Undefined,0.0751196220044552
1998,,Capital grants from private sector,Percentage (%),Units,Undefined,0.0265708965379558
1999,,Capital grants from private sector,Percentage (%),Units,Undefined,0.019133722455266997
2000,,Capital grants from private sector,Percentage (%),Units,Undefined,0.029995534297136004
2001,,Capital grants from private sector,Percentage (%),Units,Undefined,0.0317174440056319
2002,,Capital grants from private sector,Percentage (%),Units,Undefined,0.0456821732974936
2003,,Capital grants from private sector,Percentage (%),Units,Undefined,0.0487129651810344
2004,,Capital grants from private sector,Percentage (%),Units,Undefined,0.0358323696597553
2005,,Capital grants from private sector,Percentage (%),Units,Undefined,0.0402943770337256
2006,,Capital grants from private sector,Percentage (%),Units,Undefined,0.0426578826406369
2007,,Capital grants from private sector,Percentage (%),Units,Undefined,0.0428224796885192
2008,,Capital grants from private sector,Percentage (%),Units,Undefined,0.0453150034516415
2009,,Capital grants from private sector,Percentage (%),Units,Undefined,0.0522203254794974
2010,,Capital grants from private sector,Percentage (%),Units,Undefined,0.0398242461470758
2011,,Capital grants from private sector,Percentage (%),Units,Undefined,0.0444225964443883
2012,,Capital grants from private sector,Percentage (%),Units,Undefined,0.0507907294137782
2013,,Capital grants from private sector,Percentage (%),Units,Undefined,0.0561979780708083
2014,,Capital grants from private sector,Percentage (%),Units,Undefined,0.0742663421657736
2015,,Capital grants from private sector,Percentage (%),Units,Undefined,0.0711663582102048
2016,,Capital grants from private sector,Percentage (%),Units,Undefined,0.0727079233357907
2017,,Capital grants from private sector,Percentage (%),Units,Undefined,0.0751196220044552
1998,Central government revenue,Gross operating surplus,Percentage (%),Units,Undefined,0.635834372829893
1999,Central government revenue,Gross operating surplus,Percentage (%),Units,Undefined,0.6238985063868361
2000,Central government revenue,Gross operating surplus,Percentage (%),Units,Undefined,0.6284266198933609
2001,Central government revenue,Gross operating surplus,Percentage (%),Units,Undefined,0.6260434875585871
2002,Central government revenue,Gross operating surplus,Percentage (%),Units,Undefined,0.638848605066765
2003,Central government revenue,Gross operating surplus,Percentage (%),Units,Undefined,0.685438959999802
2004,Central government revenue,Gross operating surplus,Percentage (%),Units,Undefined,0.690708135697304
2005,Central government revenue,Gross operating surplus,Percentage (%),Units,Undefined,0.7090991604265942
2006,Central government revenue,Gross operating surplus,Percentage (%),Units,Undefined,0.725982414458969
2007,Central government revenue,Gross operating surplus,Percentage (%),Units,Undefined,0.731318971303933
2008,Central government revenue,Gross operating surplus,Percentage (%),Units,Undefined,0.789943194406387
2009,Central government revenue,Gross operating surplus,Percentage (%),Units,Undefined,0.862801002676874
2010,Central government revenue,Gross operating surplus,Percentage (%),Units,Undefined,0.8890261567940729
2011,Central government revenue,Gross operating surplus,Percentage (%),Units,Undefined,0.9254895505425409
2012,Central government revenue,Gross operating surplus,Percentage (%),Units,Undefined,0.952187252193753
2013,Central government revenue,Gross operating surplus,Percentage (%),Units,Undefined,0.9528062231636949
2014,Central government revenue,Gross operating surplus,Percentage (%),Units,Undefined,0.9438278798175921
2015,Central government revenue,Gross operating surplus,Percentage (%),Units,Undefined,0.94164927130714
2016,Central government revenue,Gross operating surplus,Percentage (%),Units,Undefined,0.9286000069052209
2017,Central government revenue,Gross operating surplus,Percentage (%),Units,Undefined,0.9229624301996858
1998,Local government revenue,Gross operating surplus,Percentage (%),Units,Undefined,0.270735891751603
1999,Local government revenue,Gross operating surplus,Percentage (%),Units,Undefined,0.277195455497396
2000,Local government revenue,Gross operating surplus,Percentage (%),Units,Undefined,0.281460338640166
2001,Local government revenue,Gross operating surplus,Percentage (%),Units,Undefined,0.292650643144748
2002,Local government revenue,Gross operating surplus,Percentage (%),Units,Undefined,0.309311698528281
2003,Local government revenue,Gross operating surplus,Percentage (%),Units,Undefined,0.31647992334345004
2004,Local government revenue,Gross operating surplus,Percentage (%),Units,Undefined,0.335279984122761
2005,Local government revenue,Gross operating surplus,Percentage (%),Units,Undefined,0.35656722318523204
2006,Local government revenue,Gross operating surplus,Percentage (%),Units,Undefined,0.38129759804184293
2007,Local government revenue,Gross operating surplus,Percentage (%),Units,Undefined,0.392298404834824
2008,Local government revenue,Gross operating surplus,Percentage (%),Units,Undefined,0.416819902438806
2009,Local government revenue,Gross operating surplus,Percentage (%),Units,Undefined,0.45984192860852
2010,Local government revenue,Gross operating surplus,Percentage (%),Units,Undefined,0.4800110934878471
2011,Local government revenue,Gross operating surplus,Percentage (%),Units,Undefined,0.500148826972859
2012,Local government revenue,Gross operating surplus,Percentage (%),Units,Undefined,0.520632761354145
2013,Local government revenue,Gross operating surplus,Percentage (%),Units,Undefined,0.538890688942557
2014,Local government revenue,Gross operating surplus,Percentage (%),Units,Undefined,0.550702911885947
2015,Local government revenue,Gross operating surplus,Percentage (%),Units,Undefined,0.563800872705246
2016,Local government revenue,Gross operating surplus,Percentage (%),Units,Undefined,0.579632439107114
2017,Local government revenue,Gross operating surplus,Percentage (%),Units,Undefined,0.5949134426164
1998,,Gross operating surplus,Percentage (%),Units,Undefined,0.906570264581497
1999,,Gross operating surplus,Percentage (%),Units,Undefined,0.901093961884233
2000,,Gross operating surplus,Percentage (%),Units,Undefined,0.909886958533527
2001,,Gross operating surplus,Percentage (%),Units,Undefined,0.9186941307033349
2002,,Gross operating surplus,Percentage (%),Units,Undefined,0.948160303595046
2003,,Gross operating surplus,Percentage (%),Units,Undefined,1.00191888334325
2004,,Gross operating surplus,Percentage (%),Units,Undefined,1.02598811982006
2005,,Gross operating surplus,Percentage (%),Units,Undefined,1.0656663836118199
2006,,Gross operating surplus,Percentage (%),Units,Undefined,1.10728001250081
2007,,Gross operating surplus,Percentage (%),Units,Undefined,1.12361737613875
2008,,Gross operating surplus,Percentage (%),Units,Undefined,1.20676309684519
2009,,Gross operating surplus,Percentage (%),Units,Undefined,1.32264293128539
2010,,Gross operating surplus,Percentage (%),Units,Undefined,1.36903725028192
2011,,Gross operating surplus,Percentage (%),Units,Undefined,1.4256383775153998
2012,,Gross operating surplus,Percentage (%),Units,Undefined,1.47282001354789
2013,,Gross operating surplus,Percentage (%),Units,Undefined,1.49169691210625
2014,,Gross operating surplus,Percentage (%),Units,Undefined,1.49453079170353
2015,,Gross operating surplus,Percentage (%),Units,Undefined,1.50545014401238
2016,,Gross operating surplus,Percentage (%),Units,Undefined,1.50823244601233
2017,,Gross operating surplus,Percentage (%),Units,Undefined,1.5178758728160802
1998,Central government revenue,Current grants to central government,Percentage (%),Units,Undefined,0.0005026926372045691
1999,Central government revenue,Current grants to central government,Percentage (%),Units,Undefined,0.000347885862823038
2000,Central government revenue,Current grants to central government,Percentage (%),Units,Undefined,0.0
2001,Central government revenue,Current grants to central government,Percentage (%),Units,Undefined,0.000523174334113517
2002,Central government revenue,Current grants to central government,Percentage (%),Units,Undefined,0.000829424934172371
2003,Central government revenue,Current grants to central government,Percentage (%),Units,Undefined,0.000617401333092958
2004,Central government revenue,Current grants to central government,Percentage (%),Units,Undefined,0.000723886255752633
2005,Central government revenue,Current grants to central government,Percentage (%),Units,Undefined,0.000760271264787276
2006,Central government revenue,Current grants to central government,Percentage (%),Units,Undefined,0.0013687021168118801
2007,Central government revenue,Current grants to central government,Percentage (%),Units,Undefined,0.00428224796885192
2008,Central government revenue,Current grants to central government,Percentage (%),Units,Undefined,0.0021764595253867198
2009,Central government revenue,Current grants to central government,Percentage (%),Units,Undefined,0.00221470130381797
2010,Central government revenue,Current grants to central government,Percentage (%),Units,Undefined,0.0021774407965307603
2011,Central government revenue,Current grants to central government,Percentage (%),Units,Undefined,0.0025368234010120197
2012,Central government revenue,Current grants to central government,Percentage (%),Units,Undefined,0.006723936826112879
2013,Central government revenue,Current grants to central government,Percentage (%),Units,Undefined,0.0057178175362741
2014,Central government revenue,Current grants to central government,Percentage (%),Units,Undefined,0.00650623937777077
2015,Central government revenue,Current grants to central government,Percentage (%),Units,Undefined,0.005736721685789929
2016,Central government revenue,Current grants to central government,Percentage (%),Units,Undefined,0.0150797857756493
2017,Central government revenue,Current grants to central government,Percentage (%),Units,Undefined,0.0189297451726652
1998,,Current grants to central government,Percentage (%),Units,Undefined,0.0005026926372045691
1999,,Current grants to central government,Percentage (%),Units,Undefined,0.000347885862823038
2000,,Current grants to central government,Percentage (%),Units,Undefined,0.0
2001,,Current grants to central government,Percentage (%),Units,Undefined,0.000523174334113517
2002,,Current grants to central government,Percentage (%),Units,Undefined,0.000829424934172371
2003,,Current grants to central government,Percentage (%),Units,Undefined,0.000617401333092958
2004,,Current grants to central government,Percentage (%),Units,Undefined,0.000723886255752633
2005,,Current grants to central government,Percentage (%),Units,Undefined,0.000760271264787276
2006,,Current grants to central government,Percentage (%),Units,Undefined,0.0013687021168118801
2007,,Current grants to central government,Percentage (%),Units,Undefined,0.00428224796885192
2008,,Current grants to central government,Percentage (%),Units,Undefined,0.0021764595253867198
2009,,Current grants to central government,Percentage (%),Units,Undefined,0.00221470130381797
2010,,Current grants to central government,Percentage (%),Units,Undefined,0.0021774407965307603
2011,,Current grants to central government,Percentage (%),Units,Undefined,0.0025368234010120197
2012,,Current grants to central government,Percentage (%),Units,Undefined,0.006723936826112879
2013,,Current grants to central government,Percentage (%),Units,Undefined,0.0057178175362741
2014,,Current grants to central government,Percentage (%),Units,Undefined,0.00650623937777077
2015,,Current grants to central government,Percentage (%),Units,Undefined,0.005736721685789929
2016,,Current grants to central government,Percentage (%),Units,Undefined,0.0150797857756493
2017,,Current grants to central government,Percentage (%),Units,Undefined,0.0189297451726652
1998,Local government revenue,Current grants from central government,Percentage (%),Units,Undefined,4.33593943559107
1999,Local government revenue,Current grants from central government,Percentage (%),Units,Undefined,4.479447946882
2000,Local government revenue,Current grants from central government,Percentage (%),Units,Undefined,4.4420965129855094
2001,Local government revenue,Current grants from central government,Percentage (%),Units,Undefined,4.787372141097499
2002,Local government revenue,Current grants from central government,Percentage (%),Units,Undefined,5.0497942069134405
2003,Local government revenue,Current grants from central government,Percentage (%),Units,Undefined,5.4244263724214195
2004,Local government revenue,Current grants from central government,Percentage (%),Units,Undefined,5.71387551207412
2005,Local government revenue,Current grants from central government,Percentage (%),Units,Undefined,5.928302910786259
2006,Local government revenue,Current grants from central government,Percentage (%),Units,Undefined,6.29357747937537
2007,Local government revenue,Current grants from central government,Percentage (%),Units,Undefined,6.29034419819355
2008,Local government revenue,Current grants from central government,Percentage (%),Units,Undefined,6.5775397189911695
2009,Local government revenue,Current grants from central government,Percentage (%),Units,Undefined,7.2681834262245095
2010,Local government revenue,Current grants from central government,Percentage (%),Units,Undefined,7.58150504707856
2011,Local government revenue,Current grants from central government,Percentage (%),Units,Undefined,7.15508221562773
2012,Local government revenue,Current grants from central government,Percentage (%),Units,Undefined,7.137820144136749
2013,Local government revenue,Current grants from central government,Percentage (%),Units,Undefined,6.62493567455271
2014,Local government revenue,Current grants from central government,Percentage (%),Units,Undefined,6.56299705949717
2015,Local government revenue,Current grants from central government,Percentage (%),Units,Undefined,6.26005541363055
2016,Local government revenue,Current grants from central government,Percentage (%),Units,Undefined,5.776928841689661
2017,Local government revenue,Current grants from central government,Percentage (%),Units,Undefined,5.64900556404647
1998,,Current grants from central government,Percentage (%),Units,Undefined,4.33593943559107
1999,,Current grants from central government,Percentage (%),Units,Undefined,4.479447946882
2000,,Current grants from central government,Percentage (%),Units,Undefined,4.4420965129855094
2001,,Current grants from central government,Percentage (%),Units,Undefined,4.787372141097499
2002,,Current grants from central government,Percentage (%),Units,Undefined,5.0497942069134405
2003,,Current grants from central government,Percentage (%),Units,Undefined,5.4244263724214195
2004,,Current grants from central government,Percentage (%),Units,Undefined,5.71387551207412
2005,,Current grants from central government,Percentage (%),Units,Undefined,5.928302910786259
2006,,Current grants from central government,Percentage (%),Units,Undefined,6.29357747937537
2007,,Current grants from central government,Percentage (%),Units,Undefined,6.29034419819355
2008,,Current grants from central government,Percentage (%),Units,Undefined,6.5775397189911695
2009,,Current grants from central government,Percentage (%),Units,Undefined,7.2681834262245095
2010,,Current grants from central government,Percentage (%),Units,Undefined,7.58150504707856
2011,,Current grants from central government,Percentage (%),Units,Undefined,7.15508221562773
2012,,Current grants from central government,Percentage (%),Units,Undefined,7.137820144136749
2013,,Current grants from central government,Percentage (%),Units,Undefined,6.62493567455271
2014,,Current grants from central government,Percentage (%),Units,Undefined,6.56299705949717
2015,,Current grants from central government,Percentage (%),Units,Undefined,6.26005541363055
2016,,Current grants from central government,Percentage (%),Units,Undefined,5.776928841689661
2017,,Current grants from central government,Percentage (%),Units,Undefined,5.64900556404647
1998,Central government revenue,Capital transfers to central government,Percentage (%),Units,Undefined,0.0013644514438409699
1999,Central government revenue,Capital transfers to central government,Percentage (%),Units,Undefined,0.0016698521415505802
2000,Central government revenue,Capital transfers to central government,Percentage (%),Units,Undefined,0.00195038227492588
2001,Central government revenue,Capital transfers to central government,Percentage (%),Units,Undefined,0.029690143460942
2002,Central government revenue,Capital transfers to central government,Percentage (%),Units,Undefined,0.029285080368086
2003,Central government revenue,Capital transfers to central government,Percentage (%),Units,Undefined,0.0317961686542873
2004,Central government revenue,Capital transfers to central government,Percentage (%),Units,Undefined,0.101102780386784
2005,Central government revenue,Capital transfers to central government,Percentage (%),Units,Undefined,0.146147530054107
2006,Central government revenue,Capital transfers to central government,Percentage (%),Units,Undefined,0.0686632228600627
2007,Central government revenue,Capital transfers to central government,Percentage (%),Units,Undefined,0.0872577540666062
2008,Central government revenue,Capital transfers to central government,Percentage (%),Units,Undefined,1.2717220426798101
2009,Central government revenue,Capital transfers to central government,Percentage (%),Units,Undefined,0.126121411091107
2010,Central government revenue,Capital transfers to central government,Percentage (%),Units,Undefined,0.0123197308224766
2011,Central government revenue,Capital transfers to central government,Percentage (%),Units,Undefined,0.015559183526206999
2012,Central government revenue,Capital transfers to central government,Percentage (%),Units,Undefined,0.7717523524054191
2013,Central government revenue,Capital transfers to central government,Percentage (%),Units,Undefined,0.110272195342429
2014,Central government revenue,Capital transfers to central government,Percentage (%),Units,Undefined,0.148321099311132
2015,Central government revenue,Capital transfers to central government,Percentage (%),Units,Undefined,0.14770766286475304
2016,Central government revenue,Capital transfers to central government,Percentage (%),Units,Undefined,0.0628070538871321
2017,Central government revenue,Capital transfers to central government,Percentage (%),Units,Undefined,0.0647806846674058
1998,,Capital transfers to central government,Percentage (%),Units,Undefined,0.0013644514438409699
1999,,Capital transfers to central government,Percentage (%),Units,Undefined,0.0016698521415505802
2000,,Capital transfers to central government,Percentage (%),Units,Undefined,0.00195038227492588
2001,,Capital transfers to central government,Percentage (%),Units,Undefined,0.029690143460942
2002,,Capital transfers to central government,Percentage (%),Units,Undefined,0.029285080368086
2003,,Capital transfers to central government,Percentage (%),Units,Undefined,0.0317961686542873
2004,,Capital transfers to central government,Percentage (%),Units,Undefined,0.101102780386784
2005,,Capital transfers to central government,Percentage (%),Units,Undefined,0.146147530054107
2006,,Capital transfers to central government,Percentage (%),Units,Undefined,0.0686632228600627
2007,,Capital transfers to central government,Percentage (%),Units,Undefined,0.0872577540666062
2008,,Capital transfers to central government,Percentage (%),Units,Undefined,1.2717220426798101
2009,,Capital transfers to central government,Percentage (%),Units,Undefined,0.126121411091107
2010,,Capital transfers to central government,Percentage (%),Units,Undefined,0.0123197308224766
2011,,Capital transfers to central government,Percentage (%),Units,Undefined,0.015559183526206999
2012,,Capital transfers to central government,Percentage (%),Units,Undefined,0.7717523524054191
2013,,Capital transfers to central government,Percentage (%),Units,Undefined,0.110272195342429
2014,,Capital transfers to central government,Percentage (%),Units,Undefined,0.148321099311132
2015,,Capital transfers to central government,Percentage (%),Units,Undefined,0.14770766286475304
2016,,Capital transfers to central government,Percentage (%),Units,Undefined,0.0628070538871321
2017,,Capital transfers to central government,Percentage (%),Units,Undefined,0.0647806846674058
