Year,Units,Unit measure,Observation status,Unit multiplier,Value
1918,House of Commons,Percentage (%),Undefined,Units,0.1
1922,House of Commons,Percentage (%),Undefined,Units,0.3
1923,House of Commons,Percentage (%),Undefined,Units,1.3
1924,House of Commons,Percentage (%),Undefined,Units,0.7
1929,House of Commons,Percentage (%),Undefined,Units,2.3
1931,House of Commons,Percentage (%),Undefined,Units,2.4
1935,House of Commons,Percentage (%),Undefined,Units,1.5
1945,House of Commons,Percentage (%),Undefined,Units,3.8
1950,House of Commons,Percentage (%),Undefined,Units,3.4
1951,House of Commons,Percentage (%),Undefined,Units,2.7
1955,House of Commons,Percentage (%),Undefined,Units,3.8
1959,House of Commons,Percentage (%),Undefined,Units,4.0
1964,House of Commons,Percentage (%),Undefined,Units,4.6
1966,House of Commons,Percentage (%),Undefined,Units,4.1
1970,House of Commons,Percentage (%),Undefined,Units,4.1
1974a,House of Commons,Percentage (%),Undefined,Units,3.6
1974b,House of Commons,Percentage (%),Undefined,Units,4.3
1979,House of Commons,Percentage (%),Undefined,Units,3.0
1983,House of Commons,Percentage (%),Undefined,Units,3.5
1987,House of Commons,Percentage (%),Undefined,Units,6.3
1992,House of Commons,Percentage (%),Undefined,Units,9.2
1997,House of Commons,Percentage (%),Undefined,Units,18.2
2001,House of Commons,Percentage (%),Undefined,Units,17.9
2005,House of Commons,Percentage (%),Undefined,Units,19.8
2010,House of Commons,Percentage (%),Undefined,Units,22.0
2015,House of Commons,Percentage (%),Undefined,Units,29.4
2017,House of Commons,Percentage (%),Undefined,Units,31.8952234206
1958,House of Lords,Percentage (%),Undefined,Units,0.452488687783
1959,House of Lords,Percentage (%),Undefined,Units,0.555555555556
1960,House of Lords,Percentage (%),Undefined,Units,0.551876379691
1961,House of Lords,Percentage (%),Undefined,Units,0.653594771242
1962,House of Lords,Percentage (%),Undefined,Units,0.7518796992479999
1963,House of Lords,Percentage (%),Undefined,Units,0.758396533044
1964,House of Lords,Percentage (%),Undefined,Units,2.66666666667
1965,House of Lords,Percentage (%),Undefined,Units,3.0392156862700004
1966,House of Lords,Percentage (%),Undefined,Units,3.38164251208
1967,House of Lords,Percentage (%),Undefined,Units,3.5271687321300007
1968,House of Lords,Percentage (%),Undefined,Units,3.58152686145
1969,House of Lords,Percentage (%),Undefined,Units,3.4774436090199994
1970,House of Lords,Percentage (%),Undefined,Units,3.7892791127499996
1971,House of Lords,Percentage (%),Undefined,Units,4.077849860980001
1972,House of Lords,Percentage (%),Undefined,Units,4.08921933086
1973,House of Lords,Percentage (%),Undefined,Units,4.27112349118
1974,House of Lords,Percentage (%),Undefined,Units,4.15913200723
1975,House of Lords,Percentage (%),Undefined,Units,4.6511627907
1976,House of Lords,Percentage (%),Undefined,Units,4.8372911169699995
1977,House of Lords,Percentage (%),Undefined,Units,4.82456140351
1978,House of Lords,Percentage (%),Undefined,Units,4.7619047619
1979,House of Lords,Percentage (%),Undefined,Units,5.204778157
1980,House of Lords,Percentage (%),Undefined,Units,5.0427350427399995
1981,House of Lords,Percentage (%),Undefined,Units,5.26762956669
1982,House of Lords,Percentage (%),Undefined,Units,5.272108843540001
1983,House of Lords,Percentage (%),Undefined,Units,5.36013400335
1985,House of Lords,Percentage (%),Undefined,Units,5.45144804089
1986,House of Lords,Percentage (%),Undefined,Units,5.46541417592
1987,House of Lords,Percentage (%),Undefined,Units,5.65400843882
1988,House of Lords,Percentage (%),Undefined,Units,5.485232067509999
1989,House of Lords,Percentage (%),Undefined,Units,5.494505494509999
1990,House of Lords,Percentage (%),Undefined,Units,6.155143338949999
1991,House of Lords,Percentage (%),Undefined,Units,6.688963210700001
1992,House of Lords,Percentage (%),Undefined,Units,6.4381270903
1993,House of Lords,Percentage (%),Undefined,Units,6.54515327258
1994,House of Lords,Percentage (%),Undefined,Units,6.64451827243
1995,House of Lords,Percentage (%),Undefined,Units,6.638655462180001
1996,House of Lords,Percentage (%),Undefined,Units,7.12510356255
1997,House of Lords,Percentage (%),Undefined,Units,7.1428571428600005
1998,House of Lords,Percentage (%),Undefined,Units,7.941403238239999
1999,House of Lords,Percentage (%),Undefined,Units,8.90566037736
2000,House of Lords,Percentage (%),Undefined,Units,15.873015873
2001,House of Lords,Percentage (%),Undefined,Units,16.2002945508
2002,House of Lords,Percentage (%),Undefined,Units,16.2824207493
2003,House of Lords,Percentage (%),Undefined,Units,16.568914956
2004,House of Lords,Percentage (%),Undefined,Units,17.8217821782
2005,House of Lords,Percentage (%),Undefined,Units,17.705382436300003
2006,House of Lords,Percentage (%),Undefined,Units,18.9081225033
2007,House of Lords,Percentage (%),Undefined,Units,19.5739014647
2008,House of Lords,Percentage (%),Undefined,Units,19.8924731183
2009,House of Lords,Percentage (%),Undefined,Units,20.1086956522
2010,House of Lords,Percentage (%),Undefined,Units,20.0
2012,House of Lords,Percentage (%),Undefined,Units,22.0048899756
2013,House of Lords,Percentage (%),Undefined,Units,22.2222222222
2014,House of Lords,Percentage (%),Undefined,Units,23.0492196879
2015,House of Lords,Percentage (%),Undefined,Units,23.7247924081
2016,House of Lords,Percentage (%),Undefined,Units,25.5621301775
2017,House of Lords,Percentage (%),Undefined,Units,26.1077844311
1999,Welsh Assembly,Percentage (%),Undefined,Units,40.0
2003,Welsh Assembly,Percentage (%),Undefined,Units,50.0
2007,Welsh Assembly,Percentage (%),Undefined,Units,46.6666666666666
2011,Welsh Assembly,Percentage (%),Undefined,Units,41.6666666666666
2016,Welsh Assembly,Percentage (%),Undefined,Units,41.6666666666666
1999,Scottish Parliament,Percentage (%),Undefined,Units,37.2093023255814
2003,Scottish Parliament,Percentage (%),Undefined,Units,39.5348837209302
2007,Scottish Parliament,Percentage (%),Undefined,Units,33.3333333333333
2011,Scottish Parliament,Percentage (%),Undefined,Units,34.8837209302325
2016,Scottish Parliament,Percentage (%),Undefined,Units,34.8837209302325
1998,Northern Ireland Assembly,Percentage (%),Undefined,Units,12.9629629629629
2003,Northern Ireland Assembly,Percentage (%),Undefined,Units,16.6666666666666
2007,Northern Ireland Assembly,Percentage (%),Undefined,Units,16.6666666666666
2011,Northern Ireland Assembly,Percentage (%),Undefined,Units,18.5185185185185
2016,Northern Ireland Assembly,Percentage (%),Undefined,Units,27.7777777777777
2017,Northern Ireland Assembly,Percentage (%),Undefined,Units,30.0
1997,English Local Authority Councillors,Percentage (%),Undefined,Units,27.8
2001,English Local Authority Councillors,Percentage (%),Undefined,Units,28.5
2004,English Local Authority Councillors,Percentage (%),Undefined,Units,29.1
2006,English Local Authority Councillors,Percentage (%),Undefined,Units,29.3
2008,English Local Authority Councillors,Percentage (%),Undefined,Units,30.8
2010,English Local Authority Councillors,Percentage (%),Undefined,Units,30.6
2013,English Local Authority Councillors,Percentage (%),Undefined,Units,31.7
2018,English Local Authority Councillors,Percentage (%),Undefined,Units,35.7
2004,Welsh Local Authority Councillors,Percentage (%),Undefined,Units,22.0
2008,Welsh Local Authority Councillors,Percentage (%),Undefined,Units,25.0
2012,Welsh Local Authority Councillors,Percentage (%),Undefined,Units,26.0
2019,Welsh Local Authority Councillors,Percentage (%),Undefined,Units,28.0
2005,Northern Ireland Local Authority Councils,Percentage (%),Undefined,Units,21.0
2011,Northern Ireland Local Authority Councils,Percentage (%),Undefined,Units,23.5
2014,Northern Ireland Local Authority Councils,Percentage (%),Undefined,Units,25.11
2019,Northern Ireland Local Authority Councils,Percentage (%),Undefined,Units,26.2
1995,Scottish Local Authority Councils,Percentage (%),Undefined,Units,23.0
1999,Scottish Local Authority Councils,Percentage (%),Undefined,Units,24.5
2003,Scottish Local Authority Councils,Percentage (%),Undefined,Units,23.3
2007,Scottish Local Authority Councils,Percentage (%),Undefined,Units,21.8
2012,Scottish Local Authority Councils,Percentage (%),Undefined,Units,24.3
2017,Scottish Local Authority Councils,Percentage (%),Undefined,Units,28.9
