Year,Industry sector,Unit measure,Unit multiplier,Observation status,Value
1990,,Terajoules per million pounds (TJ/£ million),Units,Undefined,5.89
1991,,Terajoules per million pounds (TJ/£ million),Units,Undefined,5.99
1992,,Terajoules per million pounds (TJ/£ million),Units,Undefined,5.87
1993,,Terajoules per million pounds (TJ/£ million),Units,Undefined,5.77
1994,,Terajoules per million pounds (TJ/£ million),Units,Undefined,5.61
1995,,Terajoules per million pounds (TJ/£ million),Units,Undefined,5.58
1996,,Terajoules per million pounds (TJ/£ million),Units,Undefined,5.65
1997,,Terajoules per million pounds (TJ/£ million),Units,Undefined,5.38
1998,,Terajoules per million pounds (TJ/£ million),Units,Undefined,5.28
1999,,Terajoules per million pounds (TJ/£ million),Units,Undefined,5.12
2000,,Terajoules per million pounds (TJ/£ million),Units,Undefined,4.98
2001,,Terajoules per million pounds (TJ/£ million),Units,Undefined,4.91
2002,,Terajoules per million pounds (TJ/£ million),Units,Undefined,4.61
2003,,Terajoules per million pounds (TJ/£ million),Units,Undefined,4.53
2004,,Terajoules per million pounds (TJ/£ million),Units,Undefined,4.47
2005,,Terajoules per million pounds (TJ/£ million),Units,Undefined,4.39
2006,,Terajoules per million pounds (TJ/£ million),Units,Undefined,4.15
2007,,Terajoules per million pounds (TJ/£ million),Units,Undefined,3.98
2008,,Terajoules per million pounds (TJ/£ million),Units,Undefined,3.93
2009,,Terajoules per million pounds (TJ/£ million),Units,Undefined,3.76
2010,,Terajoules per million pounds (TJ/£ million),Units,Undefined,3.77
2011,,Terajoules per million pounds (TJ/£ million),Units,Undefined,3.61
2012,,Terajoules per million pounds (TJ/£ million),Units,Undefined,3.5
2013,,Terajoules per million pounds (TJ/£ million),Units,Undefined,3.4
2014,,Terajoules per million pounds (TJ/£ million),Units,Undefined,3.18
2015,,Terajoules per million pounds (TJ/£ million),Units,Undefined,3.12
2016,,Terajoules per million pounds (TJ/£ million),Units,Undefined,3.01
2017,,Terajoules per million pounds (TJ/£ million),Units,Undefined,2.9
1990,"Agriculture, forestry and fishing",Terajoules per million pounds (TJ/£ million),Units,Undefined,13.65
1991,"Agriculture, forestry and fishing",Terajoules per million pounds (TJ/£ million),Units,Undefined,13.14
1992,"Agriculture, forestry and fishing",Terajoules per million pounds (TJ/£ million),Units,Undefined,12.75
1993,"Agriculture, forestry and fishing",Terajoules per million pounds (TJ/£ million),Units,Undefined,14.13
1994,"Agriculture, forestry and fishing",Terajoules per million pounds (TJ/£ million),Units,Undefined,14.58
1995,"Agriculture, forestry and fishing",Terajoules per million pounds (TJ/£ million),Units,Undefined,15.0
1996,"Agriculture, forestry and fishing",Terajoules per million pounds (TJ/£ million),Units,Undefined,15.8
1997,"Agriculture, forestry and fishing",Terajoules per million pounds (TJ/£ million),Units,Undefined,15.02
1998,"Agriculture, forestry and fishing",Terajoules per million pounds (TJ/£ million),Units,Undefined,14.54
1999,"Agriculture, forestry and fishing",Terajoules per million pounds (TJ/£ million),Units,Undefined,13.56
2000,"Agriculture, forestry and fishing",Terajoules per million pounds (TJ/£ million),Units,Undefined,12.99
2001,"Agriculture, forestry and fishing",Terajoules per million pounds (TJ/£ million),Units,Undefined,13.78
2002,"Agriculture, forestry and fishing",Terajoules per million pounds (TJ/£ million),Units,Undefined,11.92
2003,"Agriculture, forestry and fishing",Terajoules per million pounds (TJ/£ million),Units,Undefined,12.42
2004,"Agriculture, forestry and fishing",Terajoules per million pounds (TJ/£ million),Units,Undefined,12.56
2005,"Agriculture, forestry and fishing",Terajoules per million pounds (TJ/£ million),Units,Undefined,11.48
2006,"Agriculture, forestry and fishing",Terajoules per million pounds (TJ/£ million),Units,Undefined,11.86
2007,"Agriculture, forestry and fishing",Terajoules per million pounds (TJ/£ million),Units,Undefined,11.92
2008,"Agriculture, forestry and fishing",Terajoules per million pounds (TJ/£ million),Units,Undefined,10.85
2009,"Agriculture, forestry and fishing",Terajoules per million pounds (TJ/£ million),Units,Undefined,11.25
2010,"Agriculture, forestry and fishing",Terajoules per million pounds (TJ/£ million),Units,Undefined,11.67
2011,"Agriculture, forestry and fishing",Terajoules per million pounds (TJ/£ million),Units,Undefined,10.46
2012,"Agriculture, forestry and fishing",Terajoules per million pounds (TJ/£ million),Units,Undefined,11.46
2013,"Agriculture, forestry and fishing",Terajoules per million pounds (TJ/£ million),Units,Undefined,11.3
2014,"Agriculture, forestry and fishing",Terajoules per million pounds (TJ/£ million),Units,Undefined,10.41
2015,"Agriculture, forestry and fishing",Terajoules per million pounds (TJ/£ million),Units,Undefined,10.91
2016,"Agriculture, forestry and fishing",Terajoules per million pounds (TJ/£ million),Units,Undefined,12.19
2017,"Agriculture, forestry and fishing",Terajoules per million pounds (TJ/£ million),Units,Undefined,11.98
1990,Mining and quarrying,Terajoules per million pounds (TJ/£ million),Units,Undefined,10.48
1991,Mining and quarrying,Terajoules per million pounds (TJ/£ million),Units,Undefined,10.16
1992,Mining and quarrying,Terajoules per million pounds (TJ/£ million),Units,Undefined,10.02
1993,Mining and quarrying,Terajoules per million pounds (TJ/£ million),Units,Undefined,9.8
1994,Mining and quarrying,Terajoules per million pounds (TJ/£ million),Units,Undefined,9.49
1995,Mining and quarrying,Terajoules per million pounds (TJ/£ million),Units,Undefined,9.12
1996,Mining and quarrying,Terajoules per million pounds (TJ/£ million),Units,Undefined,9.75
1997,Mining and quarrying,Terajoules per million pounds (TJ/£ million),Units,Undefined,9.99
1998,Mining and quarrying,Terajoules per million pounds (TJ/£ million),Units,Undefined,10.06
1999,Mining and quarrying,Terajoules per million pounds (TJ/£ million),Units,Undefined,9.93
2000,Mining and quarrying,Terajoules per million pounds (TJ/£ million),Units,Undefined,10.65
2001,Mining and quarrying,Terajoules per million pounds (TJ/£ million),Units,Undefined,11.28
2002,Mining and quarrying,Terajoules per million pounds (TJ/£ million),Units,Undefined,11.17
2003,Mining and quarrying,Terajoules per million pounds (TJ/£ million),Units,Undefined,11.47
2004,Mining and quarrying,Terajoules per million pounds (TJ/£ million),Units,Undefined,12.38
2005,Mining and quarrying,Terajoules per million pounds (TJ/£ million),Units,Undefined,13.07
2006,Mining and quarrying,Terajoules per million pounds (TJ/£ million),Units,Undefined,12.77
2007,Mining and quarrying,Terajoules per million pounds (TJ/£ million),Units,Undefined,12.55
2008,Mining and quarrying,Terajoules per million pounds (TJ/£ million),Units,Undefined,13.19
2009,Mining and quarrying,Terajoules per million pounds (TJ/£ million),Units,Undefined,14.2
2010,Mining and quarrying,Terajoules per million pounds (TJ/£ million),Units,Undefined,14.74
2011,Mining and quarrying,Terajoules per million pounds (TJ/£ million),Units,Undefined,15.21
2012,Mining and quarrying,Terajoules per million pounds (TJ/£ million),Units,Undefined,15.79
2013,Mining and quarrying,Terajoules per million pounds (TJ/£ million),Units,Undefined,15.36
2014,Mining and quarrying,Terajoules per million pounds (TJ/£ million),Units,Undefined,15.29
2015,Mining and quarrying,Terajoules per million pounds (TJ/£ million),Units,Undefined,15.82
2016,Mining and quarrying,Terajoules per million pounds (TJ/£ million),Units,Undefined,15.43
2017,Mining and quarrying,Terajoules per million pounds (TJ/£ million),Units,Undefined,15.42
1990,Manufacturing,Terajoules per million pounds (TJ/£ million),Units,Undefined,16.01
1991,Manufacturing,Terajoules per million pounds (TJ/£ million),Units,Undefined,16.76
1992,Manufacturing,Terajoules per million pounds (TJ/£ million),Units,Undefined,16.05
1993,Manufacturing,Terajoules per million pounds (TJ/£ million),Units,Undefined,15.86
1994,Manufacturing,Terajoules per million pounds (TJ/£ million),Units,Undefined,15.1
1995,Manufacturing,Terajoules per million pounds (TJ/£ million),Units,Undefined,14.88
1996,Manufacturing,Terajoules per million pounds (TJ/£ million),Units,Undefined,14.96
1997,Manufacturing,Terajoules per million pounds (TJ/£ million),Units,Undefined,14.67
1998,Manufacturing,Terajoules per million pounds (TJ/£ million),Units,Undefined,14.43
1999,Manufacturing,Terajoules per million pounds (TJ/£ million),Units,Undefined,14.48
2000,Manufacturing,Terajoules per million pounds (TJ/£ million),Units,Undefined,13.97
2001,Manufacturing,Terajoules per million pounds (TJ/£ million),Units,Undefined,13.68
2002,Manufacturing,Terajoules per million pounds (TJ/£ million),Units,Undefined,13.49
2003,Manufacturing,Terajoules per million pounds (TJ/£ million),Units,Undefined,13.86
2004,Manufacturing,Terajoules per million pounds (TJ/£ million),Units,Undefined,13.3
2005,Manufacturing,Terajoules per million pounds (TJ/£ million),Units,Undefined,13.43
2006,Manufacturing,Terajoules per million pounds (TJ/£ million),Units,Undefined,12.98
2007,Manufacturing,Terajoules per million pounds (TJ/£ million),Units,Undefined,12.67
2008,Manufacturing,Terajoules per million pounds (TJ/£ million),Units,Undefined,12.49
2009,Manufacturing,Terajoules per million pounds (TJ/£ million),Units,Undefined,12.04
2010,Manufacturing,Terajoules per million pounds (TJ/£ million),Units,Undefined,11.94
2011,Manufacturing,Terajoules per million pounds (TJ/£ million),Units,Undefined,11.35
2012,Manufacturing,Terajoules per million pounds (TJ/£ million),Units,Undefined,10.99
2013,Manufacturing,Terajoules per million pounds (TJ/£ million),Units,Undefined,11.24
2014,Manufacturing,Terajoules per million pounds (TJ/£ million),Units,Undefined,10.38
2015,Manufacturing,Terajoules per million pounds (TJ/£ million),Units,Undefined,10.13
2016,Manufacturing,Terajoules per million pounds (TJ/£ million),Units,Undefined,9.58
2017,Manufacturing,Terajoules per million pounds (TJ/£ million),Units,Undefined,9.34
1990,"Electricity, gas, steam and air conditioning supply",Terajoules per million pounds (TJ/£ million),Units,Undefined,11.82
1991,"Electricity, gas, steam and air conditioning supply",Terajoules per million pounds (TJ/£ million),Units,Undefined,9.84
1992,"Electricity, gas, steam and air conditioning supply",Terajoules per million pounds (TJ/£ million),Units,Undefined,9.54
1993,"Electricity, gas, steam and air conditioning supply",Terajoules per million pounds (TJ/£ million),Units,Undefined,9.36
1994,"Electricity, gas, steam and air conditioning supply",Terajoules per million pounds (TJ/£ million),Units,Undefined,9.9
1995,"Electricity, gas, steam and air conditioning supply",Terajoules per million pounds (TJ/£ million),Units,Undefined,10.05
1996,"Electricity, gas, steam and air conditioning supply",Terajoules per million pounds (TJ/£ million),Units,Undefined,10.64
1997,"Electricity, gas, steam and air conditioning supply",Terajoules per million pounds (TJ/£ million),Units,Undefined,8.33
1998,"Electricity, gas, steam and air conditioning supply",Terajoules per million pounds (TJ/£ million),Units,Undefined,10.43
1999,"Electricity, gas, steam and air conditioning supply",Terajoules per million pounds (TJ/£ million),Units,Undefined,10.41
2000,"Electricity, gas, steam and air conditioning supply",Terajoules per million pounds (TJ/£ million),Units,Undefined,9.97
2001,"Electricity, gas, steam and air conditioning supply",Terajoules per million pounds (TJ/£ million),Units,Undefined,10.69
2002,"Electricity, gas, steam and air conditioning supply",Terajoules per million pounds (TJ/£ million),Units,Undefined,10.08
2003,"Electricity, gas, steam and air conditioning supply",Terajoules per million pounds (TJ/£ million),Units,Undefined,10.67
2004,"Electricity, gas, steam and air conditioning supply",Terajoules per million pounds (TJ/£ million),Units,Undefined,10.44
2005,"Electricity, gas, steam and air conditioning supply",Terajoules per million pounds (TJ/£ million),Units,Undefined,10.36
2006,"Electricity, gas, steam and air conditioning supply",Terajoules per million pounds (TJ/£ million),Units,Undefined,10.92
2007,"Electricity, gas, steam and air conditioning supply",Terajoules per million pounds (TJ/£ million),Units,Undefined,9.96
2008,"Electricity, gas, steam and air conditioning supply",Terajoules per million pounds (TJ/£ million),Units,Undefined,9.8
2009,"Electricity, gas, steam and air conditioning supply",Terajoules per million pounds (TJ/£ million),Units,Undefined,10.33
2010,"Electricity, gas, steam and air conditioning supply",Terajoules per million pounds (TJ/£ million),Units,Undefined,9.83
2011,"Electricity, gas, steam and air conditioning supply",Terajoules per million pounds (TJ/£ million),Units,Undefined,9.83
2012,"Electricity, gas, steam and air conditioning supply",Terajoules per million pounds (TJ/£ million),Units,Undefined,9.27
2013,"Electricity, gas, steam and air conditioning supply",Terajoules per million pounds (TJ/£ million),Units,Undefined,9.43
2014,"Electricity, gas, steam and air conditioning supply",Terajoules per million pounds (TJ/£ million),Units,Undefined,9.83
2015,"Electricity, gas, steam and air conditioning supply",Terajoules per million pounds (TJ/£ million),Units,Undefined,10.72
2016,"Electricity, gas, steam and air conditioning supply",Terajoules per million pounds (TJ/£ million),Units,Undefined,10.73
2017,"Electricity, gas, steam and air conditioning supply",Terajoules per million pounds (TJ/£ million),Units,Undefined,10.41
1990,"Water supply; sewerage, waste management and remediation activities",Terajoules per million pounds (TJ/£ million),Units,Undefined,8.48
1991,"Water supply; sewerage, waste management and remediation activities",Terajoules per million pounds (TJ/£ million),Units,Undefined,10.58
1992,"Water supply; sewerage, waste management and remediation activities",Terajoules per million pounds (TJ/£ million),Units,Undefined,9.29
1993,"Water supply; sewerage, waste management and remediation activities",Terajoules per million pounds (TJ/£ million),Units,Undefined,8.58
1994,"Water supply; sewerage, waste management and remediation activities",Terajoules per million pounds (TJ/£ million),Units,Undefined,8.57
1995,"Water supply; sewerage, waste management and remediation activities",Terajoules per million pounds (TJ/£ million),Units,Undefined,8.44
1996,"Water supply; sewerage, waste management and remediation activities",Terajoules per million pounds (TJ/£ million),Units,Undefined,8.2
1997,"Water supply; sewerage, waste management and remediation activities",Terajoules per million pounds (TJ/£ million),Units,Undefined,7.99
1998,"Water supply; sewerage, waste management and remediation activities",Terajoules per million pounds (TJ/£ million),Units,Undefined,9.52
1999,"Water supply; sewerage, waste management and remediation activities",Terajoules per million pounds (TJ/£ million),Units,Undefined,7.43
2000,"Water supply; sewerage, waste management and remediation activities",Terajoules per million pounds (TJ/£ million),Units,Undefined,8.61
2001,"Water supply; sewerage, waste management and remediation activities",Terajoules per million pounds (TJ/£ million),Units,Undefined,10.38
2002,"Water supply; sewerage, waste management and remediation activities",Terajoules per million pounds (TJ/£ million),Units,Undefined,7.63
2003,"Water supply; sewerage, waste management and remediation activities",Terajoules per million pounds (TJ/£ million),Units,Undefined,4.31
2004,"Water supply; sewerage, waste management and remediation activities",Terajoules per million pounds (TJ/£ million),Units,Undefined,7.17
2005,"Water supply; sewerage, waste management and remediation activities",Terajoules per million pounds (TJ/£ million),Units,Undefined,7.65
2006,"Water supply; sewerage, waste management and remediation activities",Terajoules per million pounds (TJ/£ million),Units,Undefined,7.67
2007,"Water supply; sewerage, waste management and remediation activities",Terajoules per million pounds (TJ/£ million),Units,Undefined,7.12
2008,"Water supply; sewerage, waste management and remediation activities",Terajoules per million pounds (TJ/£ million),Units,Undefined,6.34
2009,"Water supply; sewerage, waste management and remediation activities",Terajoules per million pounds (TJ/£ million),Units,Undefined,6.61
2010,"Water supply; sewerage, waste management and remediation activities",Terajoules per million pounds (TJ/£ million),Units,Undefined,7.01
2011,"Water supply; sewerage, waste management and remediation activities",Terajoules per million pounds (TJ/£ million),Units,Undefined,6.55
2012,"Water supply; sewerage, waste management and remediation activities",Terajoules per million pounds (TJ/£ million),Units,Undefined,6.72
2013,"Water supply; sewerage, waste management and remediation activities",Terajoules per million pounds (TJ/£ million),Units,Undefined,6.44
2014,"Water supply; sewerage, waste management and remediation activities",Terajoules per million pounds (TJ/£ million),Units,Undefined,6.24
2015,"Water supply; sewerage, waste management and remediation activities",Terajoules per million pounds (TJ/£ million),Units,Undefined,6.31
2016,"Water supply; sewerage, waste management and remediation activities",Terajoules per million pounds (TJ/£ million),Units,Undefined,6.31
2017,"Water supply; sewerage, waste management and remediation activities",Terajoules per million pounds (TJ/£ million),Units,Undefined,6.46
1990,Construction,Terajoules per million pounds (TJ/£ million),Units,Undefined,1.98
1991,Construction,Terajoules per million pounds (TJ/£ million),Units,Undefined,2.21
1992,Construction,Terajoules per million pounds (TJ/£ million),Units,Undefined,2.46
1993,Construction,Terajoules per million pounds (TJ/£ million),Units,Undefined,2.5
1994,Construction,Terajoules per million pounds (TJ/£ million),Units,Undefined,2.58
1995,Construction,Terajoules per million pounds (TJ/£ million),Units,Undefined,2.71
1996,Construction,Terajoules per million pounds (TJ/£ million),Units,Undefined,2.75
1997,Construction,Terajoules per million pounds (TJ/£ million),Units,Undefined,2.61
1998,Construction,Terajoules per million pounds (TJ/£ million),Units,Undefined,2.63
1999,Construction,Terajoules per million pounds (TJ/£ million),Units,Undefined,2.63
2000,Construction,Terajoules per million pounds (TJ/£ million),Units,Undefined,2.68
2001,Construction,Terajoules per million pounds (TJ/£ million),Units,Undefined,2.78
2002,Construction,Terajoules per million pounds (TJ/£ million),Units,Undefined,2.6
2003,Construction,Terajoules per million pounds (TJ/£ million),Units,Undefined,2.52
2004,Construction,Terajoules per million pounds (TJ/£ million),Units,Undefined,2.54
2005,Construction,Terajoules per million pounds (TJ/£ million),Units,Undefined,2.67
2006,Construction,Terajoules per million pounds (TJ/£ million),Units,Undefined,2.58
2007,Construction,Terajoules per million pounds (TJ/£ million),Units,Undefined,2.59
2008,Construction,Terajoules per million pounds (TJ/£ million),Units,Undefined,2.88
2009,Construction,Terajoules per million pounds (TJ/£ million),Units,Undefined,3.06
2010,Construction,Terajoules per million pounds (TJ/£ million),Units,Undefined,2.8
2011,Construction,Terajoules per million pounds (TJ/£ million),Units,Undefined,2.66
2012,Construction,Terajoules per million pounds (TJ/£ million),Units,Undefined,2.9
2013,Construction,Terajoules per million pounds (TJ/£ million),Units,Undefined,2.72
2014,Construction,Terajoules per million pounds (TJ/£ million),Units,Undefined,2.54
2015,Construction,Terajoules per million pounds (TJ/£ million),Units,Undefined,2.58
2016,Construction,Terajoules per million pounds (TJ/£ million),Units,Undefined,2.4
2017,Construction,Terajoules per million pounds (TJ/£ million),Units,Undefined,2.36
1990,Wholesale and retail trade; repair of motor vehicles and motorcycles,Terajoules per million pounds (TJ/£ million),Units,Undefined,3.91
1991,Wholesale and retail trade; repair of motor vehicles and motorcycles,Terajoules per million pounds (TJ/£ million),Units,Undefined,4.04
1992,Wholesale and retail trade; repair of motor vehicles and motorcycles,Terajoules per million pounds (TJ/£ million),Units,Undefined,3.8
1993,Wholesale and retail trade; repair of motor vehicles and motorcycles,Terajoules per million pounds (TJ/£ million),Units,Undefined,3.66
1994,Wholesale and retail trade; repair of motor vehicles and motorcycles,Terajoules per million pounds (TJ/£ million),Units,Undefined,3.51
1995,Wholesale and retail trade; repair of motor vehicles and motorcycles,Terajoules per million pounds (TJ/£ million),Units,Undefined,3.55
1996,Wholesale and retail trade; repair of motor vehicles and motorcycles,Terajoules per million pounds (TJ/£ million),Units,Undefined,3.54
1997,Wholesale and retail trade; repair of motor vehicles and motorcycles,Terajoules per million pounds (TJ/£ million),Units,Undefined,3.49
1998,Wholesale and retail trade; repair of motor vehicles and motorcycles,Terajoules per million pounds (TJ/£ million),Units,Undefined,3.46
1999,Wholesale and retail trade; repair of motor vehicles and motorcycles,Terajoules per million pounds (TJ/£ million),Units,Undefined,3.52
2000,Wholesale and retail trade; repair of motor vehicles and motorcycles,Terajoules per million pounds (TJ/£ million),Units,Undefined,3.68
2001,Wholesale and retail trade; repair of motor vehicles and motorcycles,Terajoules per million pounds (TJ/£ million),Units,Undefined,3.65
2002,Wholesale and retail trade; repair of motor vehicles and motorcycles,Terajoules per million pounds (TJ/£ million),Units,Undefined,3.27
2003,Wholesale and retail trade; repair of motor vehicles and motorcycles,Terajoules per million pounds (TJ/£ million),Units,Undefined,3.32
2004,Wholesale and retail trade; repair of motor vehicles and motorcycles,Terajoules per million pounds (TJ/£ million),Units,Undefined,3.2
2005,Wholesale and retail trade; repair of motor vehicles and motorcycles,Terajoules per million pounds (TJ/£ million),Units,Undefined,3.27
2006,Wholesale and retail trade; repair of motor vehicles and motorcycles,Terajoules per million pounds (TJ/£ million),Units,Undefined,3.15
2007,Wholesale and retail trade; repair of motor vehicles and motorcycles,Terajoules per million pounds (TJ/£ million),Units,Undefined,2.98
2008,Wholesale and retail trade; repair of motor vehicles and motorcycles,Terajoules per million pounds (TJ/£ million),Units,Undefined,3.12
2009,Wholesale and retail trade; repair of motor vehicles and motorcycles,Terajoules per million pounds (TJ/£ million),Units,Undefined,3.21
2010,Wholesale and retail trade; repair of motor vehicles and motorcycles,Terajoules per million pounds (TJ/£ million),Units,Undefined,3.25
2011,Wholesale and retail trade; repair of motor vehicles and motorcycles,Terajoules per million pounds (TJ/£ million),Units,Undefined,3.1
2012,Wholesale and retail trade; repair of motor vehicles and motorcycles,Terajoules per million pounds (TJ/£ million),Units,Undefined,3.11
2013,Wholesale and retail trade; repair of motor vehicles and motorcycles,Terajoules per million pounds (TJ/£ million),Units,Undefined,2.96
2014,Wholesale and retail trade; repair of motor vehicles and motorcycles,Terajoules per million pounds (TJ/£ million),Units,Undefined,2.68
2015,Wholesale and retail trade; repair of motor vehicles and motorcycles,Terajoules per million pounds (TJ/£ million),Units,Undefined,2.59
2016,Wholesale and retail trade; repair of motor vehicles and motorcycles,Terajoules per million pounds (TJ/£ million),Units,Undefined,2.42
2017,Wholesale and retail trade; repair of motor vehicles and motorcycles,Terajoules per million pounds (TJ/£ million),Units,Undefined,2.33
1990,Transport and storage,Terajoules per million pounds (TJ/£ million),Units,Undefined,23.81
1991,Transport and storage,Terajoules per million pounds (TJ/£ million),Units,Undefined,24.47
1992,Transport and storage,Terajoules per million pounds (TJ/£ million),Units,Undefined,24.16
1993,Transport and storage,Terajoules per million pounds (TJ/£ million),Units,Undefined,24.44
1994,Transport and storage,Terajoules per million pounds (TJ/£ million),Units,Undefined,23.19
1995,Transport and storage,Terajoules per million pounds (TJ/£ million),Units,Undefined,22.87
1996,Transport and storage,Terajoules per million pounds (TJ/£ million),Units,Undefined,23.14
1997,Transport and storage,Terajoules per million pounds (TJ/£ million),Units,Undefined,21.1
1998,Transport and storage,Terajoules per million pounds (TJ/£ million),Units,Undefined,20.78
1999,Transport and storage,Terajoules per million pounds (TJ/£ million),Units,Undefined,19.6
2000,Transport and storage,Terajoules per million pounds (TJ/£ million),Units,Undefined,19.0
2001,Transport and storage,Terajoules per million pounds (TJ/£ million),Units,Undefined,19.85
2002,Transport and storage,Terajoules per million pounds (TJ/£ million),Units,Undefined,19.73
2003,Transport and storage,Terajoules per million pounds (TJ/£ million),Units,Undefined,19.56
2004,Transport and storage,Terajoules per million pounds (TJ/£ million),Units,Undefined,19.89
2005,Transport and storage,Terajoules per million pounds (TJ/£ million),Units,Undefined,19.81
2006,Transport and storage,Terajoules per million pounds (TJ/£ million),Units,Undefined,18.27
2007,Transport and storage,Terajoules per million pounds (TJ/£ million),Units,Undefined,17.98
2008,Transport and storage,Terajoules per million pounds (TJ/£ million),Units,Undefined,17.99
2009,Transport and storage,Terajoules per million pounds (TJ/£ million),Units,Undefined,18.62
2010,Transport and storage,Terajoules per million pounds (TJ/£ million),Units,Undefined,18.69
2011,Transport and storage,Terajoules per million pounds (TJ/£ million),Units,Undefined,18.66
2012,Transport and storage,Terajoules per million pounds (TJ/£ million),Units,Undefined,17.74
2013,Transport and storage,Terajoules per million pounds (TJ/£ million),Units,Undefined,16.93
2014,Transport and storage,Terajoules per million pounds (TJ/£ million),Units,Undefined,16.66
2015,Transport and storage,Terajoules per million pounds (TJ/£ million),Units,Undefined,16.72
2016,Transport and storage,Terajoules per million pounds (TJ/£ million),Units,Undefined,16.85
2017,Transport and storage,Terajoules per million pounds (TJ/£ million),Units,Undefined,15.86
1990,Accommodation and food services,Terajoules per million pounds (TJ/£ million),Units,Undefined,2.67
1991,Accommodation and food services,Terajoules per million pounds (TJ/£ million),Units,Undefined,3.08
1992,Accommodation and food services,Terajoules per million pounds (TJ/£ million),Units,Undefined,3.08
1993,Accommodation and food services,Terajoules per million pounds (TJ/£ million),Units,Undefined,3.22
1994,Accommodation and food services,Terajoules per million pounds (TJ/£ million),Units,Undefined,3.13
1995,Accommodation and food services,Terajoules per million pounds (TJ/£ million),Units,Undefined,3.19
1996,Accommodation and food services,Terajoules per million pounds (TJ/£ million),Units,Undefined,3.42
1997,Accommodation and food services,Terajoules per million pounds (TJ/£ million),Units,Undefined,3.2
1998,Accommodation and food services,Terajoules per million pounds (TJ/£ million),Units,Undefined,3.27
1999,Accommodation and food services,Terajoules per million pounds (TJ/£ million),Units,Undefined,3.08
2000,Accommodation and food services,Terajoules per million pounds (TJ/£ million),Units,Undefined,3.22
2001,Accommodation and food services,Terajoules per million pounds (TJ/£ million),Units,Undefined,3.17
2002,Accommodation and food services,Terajoules per million pounds (TJ/£ million),Units,Undefined,2.89
2003,Accommodation and food services,Terajoules per million pounds (TJ/£ million),Units,Undefined,2.85
2004,Accommodation and food services,Terajoules per million pounds (TJ/£ million),Units,Undefined,2.93
2005,Accommodation and food services,Terajoules per million pounds (TJ/£ million),Units,Undefined,2.81
2006,Accommodation and food services,Terajoules per million pounds (TJ/£ million),Units,Undefined,2.57
2007,Accommodation and food services,Terajoules per million pounds (TJ/£ million),Units,Undefined,2.4
2008,Accommodation and food services,Terajoules per million pounds (TJ/£ million),Units,Undefined,2.68
2009,Accommodation and food services,Terajoules per million pounds (TJ/£ million),Units,Undefined,2.5
2010,Accommodation and food services,Terajoules per million pounds (TJ/£ million),Units,Undefined,2.54
2011,Accommodation and food services,Terajoules per million pounds (TJ/£ million),Units,Undefined,2.29
2012,Accommodation and food services,Terajoules per million pounds (TJ/£ million),Units,Undefined,2.34
2013,Accommodation and food services,Terajoules per million pounds (TJ/£ million),Units,Undefined,2.44
2014,Accommodation and food services,Terajoules per million pounds (TJ/£ million),Units,Undefined,2.11
2015,Accommodation and food services,Terajoules per million pounds (TJ/£ million),Units,Undefined,2.1
2016,Accommodation and food services,Terajoules per million pounds (TJ/£ million),Units,Undefined,2.09
2017,Accommodation and food services,Terajoules per million pounds (TJ/£ million),Units,Undefined,1.97
1990,Information and communication,Terajoules per million pounds (TJ/£ million),Units,Undefined,2.27
1991,Information and communication,Terajoules per million pounds (TJ/£ million),Units,Undefined,2.33
1992,Information and communication,Terajoules per million pounds (TJ/£ million),Units,Undefined,2.28
1993,Information and communication,Terajoules per million pounds (TJ/£ million),Units,Undefined,2.32
1994,Information and communication,Terajoules per million pounds (TJ/£ million),Units,Undefined,2.23
1995,Information and communication,Terajoules per million pounds (TJ/£ million),Units,Undefined,2.22
1996,Information and communication,Terajoules per million pounds (TJ/£ million),Units,Undefined,2.21
1997,Information and communication,Terajoules per million pounds (TJ/£ million),Units,Undefined,2.15
1998,Information and communication,Terajoules per million pounds (TJ/£ million),Units,Undefined,2.15
1999,Information and communication,Terajoules per million pounds (TJ/£ million),Units,Undefined,1.86
2000,Information and communication,Terajoules per million pounds (TJ/£ million),Units,Undefined,1.56
2001,Information and communication,Terajoules per million pounds (TJ/£ million),Units,Undefined,1.55
2002,Information and communication,Terajoules per million pounds (TJ/£ million),Units,Undefined,1.45
2003,Information and communication,Terajoules per million pounds (TJ/£ million),Units,Undefined,1.44
2004,Information and communication,Terajoules per million pounds (TJ/£ million),Units,Undefined,1.26
2005,Information and communication,Terajoules per million pounds (TJ/£ million),Units,Undefined,1.23
2006,Information and communication,Terajoules per million pounds (TJ/£ million),Units,Undefined,1.13
2007,Information and communication,Terajoules per million pounds (TJ/£ million),Units,Undefined,1.04
2008,Information and communication,Terajoules per million pounds (TJ/£ million),Units,Undefined,1.04
2009,Information and communication,Terajoules per million pounds (TJ/£ million),Units,Undefined,1.0
2010,Information and communication,Terajoules per million pounds (TJ/£ million),Units,Undefined,1.03
2011,Information and communication,Terajoules per million pounds (TJ/£ million),Units,Undefined,0.95
2012,Information and communication,Terajoules per million pounds (TJ/£ million),Units,Undefined,0.95
2013,Information and communication,Terajoules per million pounds (TJ/£ million),Units,Undefined,0.96
2014,Information and communication,Terajoules per million pounds (TJ/£ million),Units,Undefined,0.81
2015,Information and communication,Terajoules per million pounds (TJ/£ million),Units,Undefined,0.79
2016,Information and communication,Terajoules per million pounds (TJ/£ million),Units,Undefined,0.72
2017,Information and communication,Terajoules per million pounds (TJ/£ million),Units,Undefined,0.66
1990,Financial and insurance activities,Terajoules per million pounds (TJ/£ million),Units,Undefined,1.68
1991,Financial and insurance activities,Terajoules per million pounds (TJ/£ million),Units,Undefined,1.63
1992,Financial and insurance activities,Terajoules per million pounds (TJ/£ million),Units,Undefined,1.66
1993,Financial and insurance activities,Terajoules per million pounds (TJ/£ million),Units,Undefined,1.7
1994,Financial and insurance activities,Terajoules per million pounds (TJ/£ million),Units,Undefined,1.68
1995,Financial and insurance activities,Terajoules per million pounds (TJ/£ million),Units,Undefined,1.71
1996,Financial and insurance activities,Terajoules per million pounds (TJ/£ million),Units,Undefined,1.68
1997,Financial and insurance activities,Terajoules per million pounds (TJ/£ million),Units,Undefined,1.67
1998,Financial and insurance activities,Terajoules per million pounds (TJ/£ million),Units,Undefined,1.29
1999,Financial and insurance activities,Terajoules per million pounds (TJ/£ million),Units,Undefined,1.35
2000,Financial and insurance activities,Terajoules per million pounds (TJ/£ million),Units,Undefined,1.32
2001,Financial and insurance activities,Terajoules per million pounds (TJ/£ million),Units,Undefined,1.29
2002,Financial and insurance activities,Terajoules per million pounds (TJ/£ million),Units,Undefined,1.05
2003,Financial and insurance activities,Terajoules per million pounds (TJ/£ million),Units,Undefined,0.95
2004,Financial and insurance activities,Terajoules per million pounds (TJ/£ million),Units,Undefined,0.91
2005,Financial and insurance activities,Terajoules per million pounds (TJ/£ million),Units,Undefined,0.9
2006,Financial and insurance activities,Terajoules per million pounds (TJ/£ million),Units,Undefined,0.78
2007,Financial and insurance activities,Terajoules per million pounds (TJ/£ million),Units,Undefined,0.72
2008,Financial and insurance activities,Terajoules per million pounds (TJ/£ million),Units,Undefined,0.72
2009,Financial and insurance activities,Terajoules per million pounds (TJ/£ million),Units,Undefined,0.7
2010,Financial and insurance activities,Terajoules per million pounds (TJ/£ million),Units,Undefined,0.8
2011,Financial and insurance activities,Terajoules per million pounds (TJ/£ million),Units,Undefined,0.85
2012,Financial and insurance activities,Terajoules per million pounds (TJ/£ million),Units,Undefined,0.84
2013,Financial and insurance activities,Terajoules per million pounds (TJ/£ million),Units,Undefined,0.77
2014,Financial and insurance activities,Terajoules per million pounds (TJ/£ million),Units,Undefined,0.76
2015,Financial and insurance activities,Terajoules per million pounds (TJ/£ million),Units,Undefined,0.73
2016,Financial and insurance activities,Terajoules per million pounds (TJ/£ million),Units,Undefined,0.68
2017,Financial and insurance activities,Terajoules per million pounds (TJ/£ million),Units,Undefined,0.65
1990,Real estate activities,Terajoules per million pounds (TJ/£ million),Units,Undefined,0.14
1991,Real estate activities,Terajoules per million pounds (TJ/£ million),Units,Undefined,0.15
1992,Real estate activities,Terajoules per million pounds (TJ/£ million),Units,Undefined,0.15
1993,Real estate activities,Terajoules per million pounds (TJ/£ million),Units,Undefined,0.15
1994,Real estate activities,Terajoules per million pounds (TJ/£ million),Units,Undefined,0.14
1995,Real estate activities,Terajoules per million pounds (TJ/£ million),Units,Undefined,0.14
1996,Real estate activities,Terajoules per million pounds (TJ/£ million),Units,Undefined,0.14
1997,Real estate activities,Terajoules per million pounds (TJ/£ million),Units,Undefined,0.13
1998,Real estate activities,Terajoules per million pounds (TJ/£ million),Units,Undefined,0.14
1999,Real estate activities,Terajoules per million pounds (TJ/£ million),Units,Undefined,0.13
2000,Real estate activities,Terajoules per million pounds (TJ/£ million),Units,Undefined,0.13
2001,Real estate activities,Terajoules per million pounds (TJ/£ million),Units,Undefined,0.13
2002,Real estate activities,Terajoules per million pounds (TJ/£ million),Units,Undefined,0.11
2003,Real estate activities,Terajoules per million pounds (TJ/£ million),Units,Undefined,0.11
2004,Real estate activities,Terajoules per million pounds (TJ/£ million),Units,Undefined,0.1
2005,Real estate activities,Terajoules per million pounds (TJ/£ million),Units,Undefined,0.1
2006,Real estate activities,Terajoules per million pounds (TJ/£ million),Units,Undefined,0.09
2007,Real estate activities,Terajoules per million pounds (TJ/£ million),Units,Undefined,0.09
2008,Real estate activities,Terajoules per million pounds (TJ/£ million),Units,Undefined,0.1
2009,Real estate activities,Terajoules per million pounds (TJ/£ million),Units,Undefined,0.09
2010,Real estate activities,Terajoules per million pounds (TJ/£ million),Units,Undefined,0.09
2011,Real estate activities,Terajoules per million pounds (TJ/£ million),Units,Undefined,0.08
2012,Real estate activities,Terajoules per million pounds (TJ/£ million),Units,Undefined,0.09
2013,Real estate activities,Terajoules per million pounds (TJ/£ million),Units,Undefined,0.09
2014,Real estate activities,Terajoules per million pounds (TJ/£ million),Units,Undefined,0.08
2015,Real estate activities,Terajoules per million pounds (TJ/£ million),Units,Undefined,0.08
2016,Real estate activities,Terajoules per million pounds (TJ/£ million),Units,Undefined,0.08
2017,Real estate activities,Terajoules per million pounds (TJ/£ million),Units,Undefined,0.08
1990,"Professional, scientific and technical activities",Terajoules per million pounds (TJ/£ million),Units,Undefined,1.74
1991,"Professional, scientific and technical activities",Terajoules per million pounds (TJ/£ million),Units,Undefined,1.84
1992,"Professional, scientific and technical activities",Terajoules per million pounds (TJ/£ million),Units,Undefined,1.82
1993,"Professional, scientific and technical activities",Terajoules per million pounds (TJ/£ million),Units,Undefined,1.86
1994,"Professional, scientific and technical activities",Terajoules per million pounds (TJ/£ million),Units,Undefined,1.78
1995,"Professional, scientific and technical activities",Terajoules per million pounds (TJ/£ million),Units,Undefined,1.78
1996,"Professional, scientific and technical activities",Terajoules per million pounds (TJ/£ million),Units,Undefined,1.75
1997,"Professional, scientific and technical activities",Terajoules per million pounds (TJ/£ million),Units,Undefined,1.62
1998,"Professional, scientific and technical activities",Terajoules per million pounds (TJ/£ million),Units,Undefined,1.47
1999,"Professional, scientific and technical activities",Terajoules per million pounds (TJ/£ million),Units,Undefined,1.5
2000,"Professional, scientific and technical activities",Terajoules per million pounds (TJ/£ million),Units,Undefined,1.43
2001,"Professional, scientific and technical activities",Terajoules per million pounds (TJ/£ million),Units,Undefined,1.35
2002,"Professional, scientific and technical activities",Terajoules per million pounds (TJ/£ million),Units,Undefined,1.26
2003,"Professional, scientific and technical activities",Terajoules per million pounds (TJ/£ million),Units,Undefined,1.15
2004,"Professional, scientific and technical activities",Terajoules per million pounds (TJ/£ million),Units,Undefined,1.08
2005,"Professional, scientific and technical activities",Terajoules per million pounds (TJ/£ million),Units,Undefined,1.02
2006,"Professional, scientific and technical activities",Terajoules per million pounds (TJ/£ million),Units,Undefined,0.93
2007,"Professional, scientific and technical activities",Terajoules per million pounds (TJ/£ million),Units,Undefined,0.87
2008,"Professional, scientific and technical activities",Terajoules per million pounds (TJ/£ million),Units,Undefined,0.93
2009,"Professional, scientific and technical activities",Terajoules per million pounds (TJ/£ million),Units,Undefined,0.94
2010,"Professional, scientific and technical activities",Terajoules per million pounds (TJ/£ million),Units,Undefined,0.91
2011,"Professional, scientific and technical activities",Terajoules per million pounds (TJ/£ million),Units,Undefined,0.81
2012,"Professional, scientific and technical activities",Terajoules per million pounds (TJ/£ million),Units,Undefined,0.82
2013,"Professional, scientific and technical activities",Terajoules per million pounds (TJ/£ million),Units,Undefined,0.77
2014,"Professional, scientific and technical activities",Terajoules per million pounds (TJ/£ million),Units,Undefined,0.65
2015,"Professional, scientific and technical activities",Terajoules per million pounds (TJ/£ million),Units,Undefined,0.63
2016,"Professional, scientific and technical activities",Terajoules per million pounds (TJ/£ million),Units,Undefined,0.62
2017,"Professional, scientific and technical activities",Terajoules per million pounds (TJ/£ million),Units,Undefined,0.58
1990,Administrative and support service activities,Terajoules per million pounds (TJ/£ million),Units,Undefined,2.09
1991,Administrative and support service activities,Terajoules per million pounds (TJ/£ million),Units,Undefined,2.16
1992,Administrative and support service activities,Terajoules per million pounds (TJ/£ million),Units,Undefined,2.16
1993,Administrative and support service activities,Terajoules per million pounds (TJ/£ million),Units,Undefined,2.21
1994,Administrative and support service activities,Terajoules per million pounds (TJ/£ million),Units,Undefined,2.14
1995,Administrative and support service activities,Terajoules per million pounds (TJ/£ million),Units,Undefined,2.11
1996,Administrative and support service activities,Terajoules per million pounds (TJ/£ million),Units,Undefined,2.08
1997,Administrative and support service activities,Terajoules per million pounds (TJ/£ million),Units,Undefined,1.98
1998,Administrative and support service activities,Terajoules per million pounds (TJ/£ million),Units,Undefined,1.93
1999,Administrative and support service activities,Terajoules per million pounds (TJ/£ million),Units,Undefined,1.7
2000,Administrative and support service activities,Terajoules per million pounds (TJ/£ million),Units,Undefined,1.62
2001,Administrative and support service activities,Terajoules per million pounds (TJ/£ million),Units,Undefined,1.51
2002,Administrative and support service activities,Terajoules per million pounds (TJ/£ million),Units,Undefined,1.47
2003,Administrative and support service activities,Terajoules per million pounds (TJ/£ million),Units,Undefined,1.46
2004,Administrative and support service activities,Terajoules per million pounds (TJ/£ million),Units,Undefined,1.36
2005,Administrative and support service activities,Terajoules per million pounds (TJ/£ million),Units,Undefined,1.34
2006,Administrative and support service activities,Terajoules per million pounds (TJ/£ million),Units,Undefined,1.26
2007,Administrative and support service activities,Terajoules per million pounds (TJ/£ million),Units,Undefined,1.1
2008,Administrative and support service activities,Terajoules per million pounds (TJ/£ million),Units,Undefined,1.1
2009,Administrative and support service activities,Terajoules per million pounds (TJ/£ million),Units,Undefined,1.13
2010,Administrative and support service activities,Terajoules per million pounds (TJ/£ million),Units,Undefined,1.02
2011,Administrative and support service activities,Terajoules per million pounds (TJ/£ million),Units,Undefined,0.92
2012,Administrative and support service activities,Terajoules per million pounds (TJ/£ million),Units,Undefined,0.9
2013,Administrative and support service activities,Terajoules per million pounds (TJ/£ million),Units,Undefined,0.83
2014,Administrative and support service activities,Terajoules per million pounds (TJ/£ million),Units,Undefined,0.74
2015,Administrative and support service activities,Terajoules per million pounds (TJ/£ million),Units,Undefined,0.72
2016,Administrative and support service activities,Terajoules per million pounds (TJ/£ million),Units,Undefined,0.73
2017,Administrative and support service activities,Terajoules per million pounds (TJ/£ million),Units,Undefined,0.69
1990,Public administration and defence; compulsory social security,Terajoules per million pounds (TJ/£ million),Units,Undefined,2.59
1991,Public administration and defence; compulsory social security,Terajoules per million pounds (TJ/£ million),Units,Undefined,2.54
1992,Public administration and defence; compulsory social security,Terajoules per million pounds (TJ/£ million),Units,Undefined,2.65
1993,Public administration and defence; compulsory social security,Terajoules per million pounds (TJ/£ million),Units,Undefined,2.58
1994,Public administration and defence; compulsory social security,Terajoules per million pounds (TJ/£ million),Units,Undefined,2.58
1995,Public administration and defence; compulsory social security,Terajoules per million pounds (TJ/£ million),Units,Undefined,2.67
1996,Public administration and defence; compulsory social security,Terajoules per million pounds (TJ/£ million),Units,Undefined,2.73
1997,Public administration and defence; compulsory social security,Terajoules per million pounds (TJ/£ million),Units,Undefined,2.62
1998,Public administration and defence; compulsory social security,Terajoules per million pounds (TJ/£ million),Units,Undefined,2.5
1999,Public administration and defence; compulsory social security,Terajoules per million pounds (TJ/£ million),Units,Undefined,2.5
2000,Public administration and defence; compulsory social security,Terajoules per million pounds (TJ/£ million),Units,Undefined,2.47
2001,Public administration and defence; compulsory social security,Terajoules per million pounds (TJ/£ million),Units,Undefined,2.51
2002,Public administration and defence; compulsory social security,Terajoules per million pounds (TJ/£ million),Units,Undefined,2.29
2003,Public administration and defence; compulsory social security,Terajoules per million pounds (TJ/£ million),Units,Undefined,2.32
2004,Public administration and defence; compulsory social security,Terajoules per million pounds (TJ/£ million),Units,Undefined,2.36
2005,Public administration and defence; compulsory social security,Terajoules per million pounds (TJ/£ million),Units,Undefined,2.1
2006,Public administration and defence; compulsory social security,Terajoules per million pounds (TJ/£ million),Units,Undefined,2.07
2007,Public administration and defence; compulsory social security,Terajoules per million pounds (TJ/£ million),Units,Undefined,1.98
2008,Public administration and defence; compulsory social security,Terajoules per million pounds (TJ/£ million),Units,Undefined,1.77
2009,Public administration and defence; compulsory social security,Terajoules per million pounds (TJ/£ million),Units,Undefined,1.54
2010,Public administration and defence; compulsory social security,Terajoules per million pounds (TJ/£ million),Units,Undefined,1.47
2011,Public administration and defence; compulsory social security,Terajoules per million pounds (TJ/£ million),Units,Undefined,1.46
2012,Public administration and defence; compulsory social security,Terajoules per million pounds (TJ/£ million),Units,Undefined,1.63
2013,Public administration and defence; compulsory social security,Terajoules per million pounds (TJ/£ million),Units,Undefined,1.42
2014,Public administration and defence; compulsory social security,Terajoules per million pounds (TJ/£ million),Units,Undefined,1.23
2015,Public administration and defence; compulsory social security,Terajoules per million pounds (TJ/£ million),Units,Undefined,1.11
2016,Public administration and defence; compulsory social security,Terajoules per million pounds (TJ/£ million),Units,Undefined,1.08
2017,Public administration and defence; compulsory social security,Terajoules per million pounds (TJ/£ million),Units,Undefined,1.03
1990,Education,Terajoules per million pounds (TJ/£ million),Units,Undefined,1.83
1991,Education,Terajoules per million pounds (TJ/£ million),Units,Undefined,1.97
1992,Education,Terajoules per million pounds (TJ/£ million),Units,Undefined,2.03
1993,Education,Terajoules per million pounds (TJ/£ million),Units,Undefined,1.68
1994,Education,Terajoules per million pounds (TJ/£ million),Units,Undefined,1.6
1995,Education,Terajoules per million pounds (TJ/£ million),Units,Undefined,1.55
1996,Education,Terajoules per million pounds (TJ/£ million),Units,Undefined,1.73
1997,Education,Terajoules per million pounds (TJ/£ million),Units,Undefined,1.71
1998,Education,Terajoules per million pounds (TJ/£ million),Units,Undefined,1.67
1999,Education,Terajoules per million pounds (TJ/£ million),Units,Undefined,1.51
2000,Education,Terajoules per million pounds (TJ/£ million),Units,Undefined,1.38
2001,Education,Terajoules per million pounds (TJ/£ million),Units,Undefined,1.34
2002,Education,Terajoules per million pounds (TJ/£ million),Units,Undefined,1.16
2003,Education,Terajoules per million pounds (TJ/£ million),Units,Undefined,1.1
2004,Education,Terajoules per million pounds (TJ/£ million),Units,Undefined,0.98
2005,Education,Terajoules per million pounds (TJ/£ million),Units,Undefined,0.89
2006,Education,Terajoules per million pounds (TJ/£ million),Units,Undefined,0.96
2007,Education,Terajoules per million pounds (TJ/£ million),Units,Undefined,0.93
2008,Education,Terajoules per million pounds (TJ/£ million),Units,Undefined,0.96
2009,Education,Terajoules per million pounds (TJ/£ million),Units,Undefined,0.88
2010,Education,Terajoules per million pounds (TJ/£ million),Units,Undefined,0.96
2011,Education,Terajoules per million pounds (TJ/£ million),Units,Undefined,0.81
2012,Education,Terajoules per million pounds (TJ/£ million),Units,Undefined,0.87
2013,Education,Terajoules per million pounds (TJ/£ million),Units,Undefined,0.86
2014,Education,Terajoules per million pounds (TJ/£ million),Units,Undefined,0.7
2015,Education,Terajoules per million pounds (TJ/£ million),Units,Undefined,0.57
2016,Education,Terajoules per million pounds (TJ/£ million),Units,Undefined,0.53
2017,Education,Terajoules per million pounds (TJ/£ million),Units,Undefined,0.49
1990,Human health and social work activities,Terajoules per million pounds (TJ/£ million),Units,Undefined,2.43
1991,Human health and social work activities,Terajoules per million pounds (TJ/£ million),Units,Undefined,2.55
1992,Human health and social work activities,Terajoules per million pounds (TJ/£ million),Units,Undefined,2.71
1993,Human health and social work activities,Terajoules per million pounds (TJ/£ million),Units,Undefined,2.32
1994,Human health and social work activities,Terajoules per million pounds (TJ/£ million),Units,Undefined,2.38
1995,Human health and social work activities,Terajoules per million pounds (TJ/£ million),Units,Undefined,2.34
1996,Human health and social work activities,Terajoules per million pounds (TJ/£ million),Units,Undefined,2.41
1997,Human health and social work activities,Terajoules per million pounds (TJ/£ million),Units,Undefined,2.19
1998,Human health and social work activities,Terajoules per million pounds (TJ/£ million),Units,Undefined,2.11
1999,Human health and social work activities,Terajoules per million pounds (TJ/£ million),Units,Undefined,1.9
2000,Human health and social work activities,Terajoules per million pounds (TJ/£ million),Units,Undefined,1.71
2001,Human health and social work activities,Terajoules per million pounds (TJ/£ million),Units,Undefined,1.72
2002,Human health and social work activities,Terajoules per million pounds (TJ/£ million),Units,Undefined,1.35
2003,Human health and social work activities,Terajoules per million pounds (TJ/£ million),Units,Undefined,1.27
2004,Human health and social work activities,Terajoules per million pounds (TJ/£ million),Units,Undefined,1.41
2005,Human health and social work activities,Terajoules per million pounds (TJ/£ million),Units,Undefined,1.46
2006,Human health and social work activities,Terajoules per million pounds (TJ/£ million),Units,Undefined,1.31
2007,Human health and social work activities,Terajoules per million pounds (TJ/£ million),Units,Undefined,1.26
2008,Human health and social work activities,Terajoules per million pounds (TJ/£ million),Units,Undefined,1.27
2009,Human health and social work activities,Terajoules per million pounds (TJ/£ million),Units,Undefined,1.15
2010,Human health and social work activities,Terajoules per million pounds (TJ/£ million),Units,Undefined,1.15
2011,Human health and social work activities,Terajoules per million pounds (TJ/£ million),Units,Undefined,1.0
2012,Human health and social work activities,Terajoules per million pounds (TJ/£ million),Units,Undefined,1.19
2013,Human health and social work activities,Terajoules per million pounds (TJ/£ million),Units,Undefined,1.14
2014,Human health and social work activities,Terajoules per million pounds (TJ/£ million),Units,Undefined,0.98
2015,Human health and social work activities,Terajoules per million pounds (TJ/£ million),Units,Undefined,0.91
2016,Human health and social work activities,Terajoules per million pounds (TJ/£ million),Units,Undefined,0.9
2017,Human health and social work activities,Terajoules per million pounds (TJ/£ million),Units,Undefined,0.84
1990,"Arts, entertainment and recreation",Terajoules per million pounds (TJ/£ million),Units,Undefined,3.51
1991,"Arts, entertainment and recreation",Terajoules per million pounds (TJ/£ million),Units,Undefined,3.57
1992,"Arts, entertainment and recreation",Terajoules per million pounds (TJ/£ million),Units,Undefined,3.26
1993,"Arts, entertainment and recreation",Terajoules per million pounds (TJ/£ million),Units,Undefined,3.27
1994,"Arts, entertainment and recreation",Terajoules per million pounds (TJ/£ million),Units,Undefined,3.08
1995,"Arts, entertainment and recreation",Terajoules per million pounds (TJ/£ million),Units,Undefined,2.93
1996,"Arts, entertainment and recreation",Terajoules per million pounds (TJ/£ million),Units,Undefined,3.04
1997,"Arts, entertainment and recreation",Terajoules per million pounds (TJ/£ million),Units,Undefined,2.85
1998,"Arts, entertainment and recreation",Terajoules per million pounds (TJ/£ million),Units,Undefined,2.74
1999,"Arts, entertainment and recreation",Terajoules per million pounds (TJ/£ million),Units,Undefined,2.54
2000,"Arts, entertainment and recreation",Terajoules per million pounds (TJ/£ million),Units,Undefined,2.49
2001,"Arts, entertainment and recreation",Terajoules per million pounds (TJ/£ million),Units,Undefined,2.31
2002,"Arts, entertainment and recreation",Terajoules per million pounds (TJ/£ million),Units,Undefined,2.17
2003,"Arts, entertainment and recreation",Terajoules per million pounds (TJ/£ million),Units,Undefined,2.21
2004,"Arts, entertainment and recreation",Terajoules per million pounds (TJ/£ million),Units,Undefined,2.02
2005,"Arts, entertainment and recreation",Terajoules per million pounds (TJ/£ million),Units,Undefined,2.11
2006,"Arts, entertainment and recreation",Terajoules per million pounds (TJ/£ million),Units,Undefined,2.2
2007,"Arts, entertainment and recreation",Terajoules per million pounds (TJ/£ million),Units,Undefined,2.15
2008,"Arts, entertainment and recreation",Terajoules per million pounds (TJ/£ million),Units,Undefined,2.19
2009,"Arts, entertainment and recreation",Terajoules per million pounds (TJ/£ million),Units,Undefined,2.25
2010,"Arts, entertainment and recreation",Terajoules per million pounds (TJ/£ million),Units,Undefined,2.21
2011,"Arts, entertainment and recreation",Terajoules per million pounds (TJ/£ million),Units,Undefined,1.94
2012,"Arts, entertainment and recreation",Terajoules per million pounds (TJ/£ million),Units,Undefined,2.13
2013,"Arts, entertainment and recreation",Terajoules per million pounds (TJ/£ million),Units,Undefined,2.09
2014,"Arts, entertainment and recreation",Terajoules per million pounds (TJ/£ million),Units,Undefined,1.78
2015,"Arts, entertainment and recreation",Terajoules per million pounds (TJ/£ million),Units,Undefined,1.6
2016,"Arts, entertainment and recreation",Terajoules per million pounds (TJ/£ million),Units,Undefined,1.57
2017,"Arts, entertainment and recreation",Terajoules per million pounds (TJ/£ million),Units,Undefined,1.44
1990,Other service activities,Terajoules per million pounds (TJ/£ million),Units,Undefined,1.35
1991,Other service activities,Terajoules per million pounds (TJ/£ million),Units,Undefined,1.44
1992,Other service activities,Terajoules per million pounds (TJ/£ million),Units,Undefined,1.4
1993,Other service activities,Terajoules per million pounds (TJ/£ million),Units,Undefined,1.38
1994,Other service activities,Terajoules per million pounds (TJ/£ million),Units,Undefined,1.33
1995,Other service activities,Terajoules per million pounds (TJ/£ million),Units,Undefined,1.32
1996,Other service activities,Terajoules per million pounds (TJ/£ million),Units,Undefined,1.36
1997,Other service activities,Terajoules per million pounds (TJ/£ million),Units,Undefined,1.28
1998,Other service activities,Terajoules per million pounds (TJ/£ million),Units,Undefined,1.29
1999,Other service activities,Terajoules per million pounds (TJ/£ million),Units,Undefined,1.28
2000,Other service activities,Terajoules per million pounds (TJ/£ million),Units,Undefined,1.23
2001,Other service activities,Terajoules per million pounds (TJ/£ million),Units,Undefined,1.23
2002,Other service activities,Terajoules per million pounds (TJ/£ million),Units,Undefined,1.09
2003,Other service activities,Terajoules per million pounds (TJ/£ million),Units,Undefined,1.18
2004,Other service activities,Terajoules per million pounds (TJ/£ million),Units,Undefined,1.18
2005,Other service activities,Terajoules per million pounds (TJ/£ million),Units,Undefined,1.16
2006,Other service activities,Terajoules per million pounds (TJ/£ million),Units,Undefined,1.03
2007,Other service activities,Terajoules per million pounds (TJ/£ million),Units,Undefined,1.03
2008,Other service activities,Terajoules per million pounds (TJ/£ million),Units,Undefined,1.12
2009,Other service activities,Terajoules per million pounds (TJ/£ million),Units,Undefined,0.92
2010,Other service activities,Terajoules per million pounds (TJ/£ million),Units,Undefined,0.96
2011,Other service activities,Terajoules per million pounds (TJ/£ million),Units,Undefined,0.85
2012,Other service activities,Terajoules per million pounds (TJ/£ million),Units,Undefined,0.96
2013,Other service activities,Terajoules per million pounds (TJ/£ million),Units,Undefined,1.0
2014,Other service activities,Terajoules per million pounds (TJ/£ million),Units,Undefined,0.81
2015,Other service activities,Terajoules per million pounds (TJ/£ million),Units,Undefined,0.83
2016,Other service activities,Terajoules per million pounds (TJ/£ million),Units,Undefined,0.87
2017,Other service activities,Terajoules per million pounds (TJ/£ million),Units,Undefined,0.82
1990,Activities of households as employers; undifferentiated goods and services-producing activities of households for own use,Terajoules per million pounds (TJ/£ million),Units,Undefined,0.26
1991,Activities of households as employers; undifferentiated goods and services-producing activities of households for own use,Terajoules per million pounds (TJ/£ million),Units,Undefined,0.26
1992,Activities of households as employers; undifferentiated goods and services-producing activities of households for own use,Terajoules per million pounds (TJ/£ million),Units,Undefined,0.26
1993,Activities of households as employers; undifferentiated goods and services-producing activities of households for own use,Terajoules per million pounds (TJ/£ million),Units,Undefined,0.25
1994,Activities of households as employers; undifferentiated goods and services-producing activities of households for own use,Terajoules per million pounds (TJ/£ million),Units,Undefined,0.25
1995,Activities of households as employers; undifferentiated goods and services-producing activities of households for own use,Terajoules per million pounds (TJ/£ million),Units,Undefined,0.24
1996,Activities of households as employers; undifferentiated goods and services-producing activities of households for own use,Terajoules per million pounds (TJ/£ million),Units,Undefined,0.23
1997,Activities of households as employers; undifferentiated goods and services-producing activities of households for own use,Terajoules per million pounds (TJ/£ million),Units,Undefined,0.23
1998,Activities of households as employers; undifferentiated goods and services-producing activities of households for own use,Terajoules per million pounds (TJ/£ million),Units,Undefined,0.23
1999,Activities of households as employers; undifferentiated goods and services-producing activities of households for own use,Terajoules per million pounds (TJ/£ million),Units,Undefined,0.23
2000,Activities of households as employers; undifferentiated goods and services-producing activities of households for own use,Terajoules per million pounds (TJ/£ million),Units,Undefined,0.23
2001,Activities of households as employers; undifferentiated goods and services-producing activities of households for own use,Terajoules per million pounds (TJ/£ million),Units,Undefined,0.23
2002,Activities of households as employers; undifferentiated goods and services-producing activities of households for own use,Terajoules per million pounds (TJ/£ million),Units,Undefined,0.22
2003,Activities of households as employers; undifferentiated goods and services-producing activities of households for own use,Terajoules per million pounds (TJ/£ million),Units,Undefined,0.21
2004,Activities of households as employers; undifferentiated goods and services-producing activities of households for own use,Terajoules per million pounds (TJ/£ million),Units,Undefined,0.23
2005,Activities of households as employers; undifferentiated goods and services-producing activities of households for own use,Terajoules per million pounds (TJ/£ million),Units,Undefined,0.23
2006,Activities of households as employers; undifferentiated goods and services-producing activities of households for own use,Terajoules per million pounds (TJ/£ million),Units,Undefined,0.22
2007,Activities of households as employers; undifferentiated goods and services-producing activities of households for own use,Terajoules per million pounds (TJ/£ million),Units,Undefined,0.23
2008,Activities of households as employers; undifferentiated goods and services-producing activities of households for own use,Terajoules per million pounds (TJ/£ million),Units,Undefined,0.22
2009,Activities of households as employers; undifferentiated goods and services-producing activities of households for own use,Terajoules per million pounds (TJ/£ million),Units,Undefined,0.22
2010,Activities of households as employers; undifferentiated goods and services-producing activities of households for own use,Terajoules per million pounds (TJ/£ million),Units,Undefined,0.21
2011,Activities of households as employers; undifferentiated goods and services-producing activities of households for own use,Terajoules per million pounds (TJ/£ million),Units,Undefined,0.21
2012,Activities of households as employers; undifferentiated goods and services-producing activities of households for own use,Terajoules per million pounds (TJ/£ million),Units,Undefined,0.2
2013,Activities of households as employers; undifferentiated goods and services-producing activities of households for own use,Terajoules per million pounds (TJ/£ million),Units,Undefined,0.19
2014,Activities of households as employers; undifferentiated goods and services-producing activities of households for own use,Terajoules per million pounds (TJ/£ million),Units,Undefined,0.2
2015,Activities of households as employers; undifferentiated goods and services-producing activities of households for own use,Terajoules per million pounds (TJ/£ million),Units,Undefined,0.2
2016,Activities of households as employers; undifferentiated goods and services-producing activities of households for own use,Terajoules per million pounds (TJ/£ million),Units,Undefined,0.19
2017,Activities of households as employers; undifferentiated goods and services-producing activities of households for own use,Terajoules per million pounds (TJ/£ million),Units,Undefined,0.21
