Year,Sex,Age,Occupation major group,Country,Region,Observation status,Unit multiplier,Unit measure,GeoCode,Value
2000.0,,,,,,Undefined,Units,Percentage (%),,0.813175828198992
2001.0,,,,,,Undefined,Units,Percentage (%),,0.6312528417725649
2002.0,,,,,,Undefined,Units,Percentage (%),,0.5533715613000689
2003.0,,,,,,Undefined,Units,Percentage (%),,0.438680061460324
2004.0,,,,,,Undefined,Units,Percentage (%),,0.377518031800974
2005.0,,,,,,Undefined,Units,Percentage (%),,0.413049205602688
2006.0,,,,,,Undefined,Units,Percentage (%),,0.5030685496712121
2007.0,,,,,,Undefined,Units,Percentage (%),,0.5585018909722479
2008.0,,,,,,Undefined,Units,Percentage (%),,0.485649340569823
2009.0,,,,,,Undefined,Units,Percentage (%),,0.6547633673973139
2010.0,,,,,,Undefined,Units,Percentage (%),,0.574164857386415
2011.0,,,,,,Undefined,Units,Percentage (%),,0.64547081165774
2012.0,,,,,,Undefined,Units,Percentage (%),,0.841788317174764
2013.0,,,,,,Undefined,Units,Percentage (%),,1.92838135558935
2014.0,,,,,,Undefined,Units,Percentage (%),,2.25267157893669
2015.0,,,,,,Undefined,Units,Percentage (%),,2.54450711227502
2016.0,,,,,,Undefined,Units,Percentage (%),,2.8364404040178104
2017.0,,,,,,Undefined,Units,Percentage (%),,2.79548027085114
2013.0,Male,,,,,Undefined,Units,Percentage (%),,1.62132519057777
2014.0,Male,,,,,Undefined,Units,Percentage (%),,1.89940372166646
2015.0,Male,,,,,Undefined,Units,Percentage (%),,2.22315605838853
2016.0,Male,,,,,Undefined,Units,Percentage (%),,2.56600273942205
2017.0,Male,,,,,Undefined,Units,Percentage (%),,2.3907355107509902
2013.0,Female,,,,,Undefined,Units,Percentage (%),,2.2783842422408
2014.0,Female,,,,,Undefined,Units,Percentage (%),,2.65323050202033
2015.0,Female,,,,,Undefined,Units,Percentage (%),,2.91237893618361
2016.0,Female,,,,,Undefined,Units,Percentage (%),,3.1423804184600197
2017.0,Female,,,,,Undefined,Units,Percentage (%),,3.2519020367700295
2013.0,,16 to 24,,,,Undefined,Units,Percentage (%),,5.715644087226959
2014.0,,16 to 24,,,,Undefined,Units,Percentage (%),,6.11081194700855
2015.0,,16 to 24,,,,Undefined,Units,Percentage (%),,7.58070572562438
2016.0,,16 to 24,,,,Undefined,Units,Percentage (%),,7.5140422670120595
2017.0,,16 to 24,,,,Undefined,Units,Percentage (%),,8.35651158332328
2013.0,,25 to 34,,,,Undefined,Units,Percentage (%),,1.49796595623877
2014.0,,25 to 34,,,,Undefined,Units,Percentage (%),,1.7843141067885802
2015.0,,25 to 34,,,,Undefined,Units,Percentage (%),,2.00118348464157
2016.0,,25 to 34,,,,Undefined,Units,Percentage (%),,2.48147584335126
2017.0,,25 to 34,,,,Undefined,Units,Percentage (%),,2.19357836673122
2013.0,,35 to 49,,,,Undefined,Units,Percentage (%),,0.964079301680948
2014.0,,35 to 49,,,,Undefined,Units,Percentage (%),,1.3555723343676698
2015.0,,35 to 49,,,,Undefined,Units,Percentage (%),,1.55741337442408
2016.0,,35 to 49,,,,Undefined,Units,Percentage (%),,1.58090557207715
2017.0,,35 to 49,,,,Undefined,Units,Percentage (%),,1.65165097283984
2013.0,,50 to 64,,,,Undefined,Units,Percentage (%),,1.3500213134386398
2014.0,,50 to 64,,,,Undefined,Units,Percentage (%),,1.79995530370932
2015.0,,50 to 64,,,,Undefined,Units,Percentage (%),,1.7919599790619498
2016.0,,50 to 64,,,,Undefined,Units,Percentage (%),,2.55656303695093
2017.0,,50 to 64,,,,Undefined,Units,Percentage (%),,2.12563249020329
2013.0,,65 and over,,,,Undefined,Units,Percentage (%),,3.86360791345217
2014.0,,65 and over,,,,Undefined,Units,Percentage (%),,3.78742203216865
2015.0,,65 and over,,,,Undefined,Units,Percentage (%),,3.02796077802723
2016.0,,65 and over,,,,Undefined,Units,Percentage (%),,2.68490022876379
2017.0,,65 and over,,,,Undefined,Units,Percentage (%),,3.81539063203206
2016.0,,,,England,,Undefined,Units,Percentage (%),E92000001,2.96707587480777
2016.0,,,,England,North East,Undefined,Units,Percentage (%),E12000001,4.773088763357809
2016.0,,,,England,North West,Undefined,Units,Percentage (%),E12000002,3.0301608609743
2016.0,,,,England,Yorkshire and The Humber,Undefined,Units,Percentage (%),E12000003,3.0973953994351695
2016.0,,,,England,East Midlands,Undefined,Units,Percentage (%),E12000004,3.0073963920305498
2016.0,,,,England,West Midlands,Undefined,Units,Percentage (%),E12000005,2.84353158420274
2016.0,,,,England,East of England,Undefined,Units,Percentage (%),E12000006,2.43326556108104
2016.0,,,,England,London,Undefined,Units,Percentage (%),E12000007,2.60904884961531
2016.0,,,,England,South East,Undefined,Units,Percentage (%),E12000008,3.01430775112781
2016.0,,,,England,South West,Undefined,Units,Percentage (%),E12000009,3.16025713237334
2016.0,,,,Wales,,Undefined,Units,Percentage (%),W92000004,2.5496214346157005
2016.0,,,,Scotland,,Undefined,Units,Percentage (%),S92000003,2.17033300611015
2015.0,,,,England,,Undefined,Units,Percentage (%),E92000001,2.5907141951076604
2015.0,,,,England,North East,Undefined,Units,Percentage (%),E12000001,2.6571390540719197
2015.0,,,,England,North West,Undefined,Units,Percentage (%),E12000002,2.8479203415694796
2015.0,,,,England,Yorkshire and The Humber,Undefined,Units,Percentage (%),E12000003,2.69792798882287
2015.0,,,,England,East Midlands,Undefined,Units,Percentage (%),E12000004,2.3654963803962796
2015.0,,,,England,West Midlands,Undefined,Units,Percentage (%),E12000005,2.6298008206874504
2015.0,,,,England,East of England,Undefined,Units,Percentage (%),E12000006,2.19587686507896
2015.0,,,,England,London,Undefined,Units,Percentage (%),E12000007,2.1482189049401
2015.0,,,,England,South East,Undefined,Units,Percentage (%),E12000008,2.47302884716672
2015.0,,,,England,South West,Undefined,Units,Percentage (%),E12000009,3.6485457558193097
2015.0,,,,Wales,,Undefined,Units,Percentage (%),W92000004,3.3519201919957102
2015.0,,,,Scotland,,Undefined,Units,Percentage (%),S92000003,2.2477548510543
2016.0,,,"Managers, directors and senior officials",,,Undefined,Units,Percentage (%),,0.48177350011081604
2016.0,,,Professional occupations,,,Undefined,Units,Percentage (%),,1.16700386343171
2016.0,,,Associate professional and technical occupations,,,Undefined,Units,Percentage (%),,1.4359015912551103
2016.0,,,Administrative and secretarial occupations,,,Undefined,Units,Percentage (%),,1.27790104123333
2016.0,,,Skilled trades occupations,,,Undefined,Units,Percentage (%),,1.68846320669765
2016.0,,,"Caring, leisure and other service occupations",,,Undefined,Units,Percentage (%),,6.68202555074868
2016.0,,,Sales and customer service occupations,,,Undefined,Units,Percentage (%),,2.77345944041022
2016.0,,,"Process, plant and machine operatives",,,Undefined,Units,Percentage (%),,3.62058062779864
2016.0,,,Elementary occupations,,,Undefined,Units,Percentage (%),,8.95748108788234
