Year,Units,Domestic consumption category,Observation status,Unit multiplier,Unit measure,Value
2000,Tonnes per capita,,Undefined,Units,Tonnes per capita,14.4
2001,Tonnes per capita,,Undefined,Units,Tonnes per capita,15.1
2002,Tonnes per capita,,Undefined,Units,Tonnes per capita,13.9
2003,Tonnes per capita,,Undefined,Units,Tonnes per capita,13.6
2004,Tonnes per capita,,Undefined,Units,Tonnes per capita,13.7
2005,Tonnes per capita,,Undefined,Units,Tonnes per capita,13.7
2006,Tonnes per capita,,Undefined,Units,Tonnes per capita,13.1
2007,Tonnes per capita,,Undefined,Units,Tonnes per capita,13.0
2008,Tonnes per capita,,Undefined,Units,Tonnes per capita,12.0
2009,Tonnes per capita,,Undefined,Units,Tonnes per capita,10.5
2010,Tonnes per capita,,Undefined,Units,Tonnes per capita,10.4
2011,Tonnes per capita,,Undefined,Units,Tonnes per capita,10.1
2012,Tonnes per capita,,Undefined,Units,Tonnes per capita,10.1
2013,Tonnes per capita,,Undefined,Units,Tonnes per capita,10.3
2000,Tonnes per capita,Biomass,Undefined,Units,Tonnes per capita,3.196000414
2001,Tonnes per capita,Biomass,Undefined,Units,Tonnes per capita,2.980731819
2002,Tonnes per capita,Biomass,Undefined,Units,Tonnes per capita,3.124699953
2003,Tonnes per capita,Biomass,Undefined,Units,Tonnes per capita,3.033367037
2004,Tonnes per capita,Biomass,Undefined,Units,Tonnes per capita,3.057527556
2005,Tonnes per capita,Biomass,Undefined,Units,Tonnes per capita,3.022513255
2006,Tonnes per capita,Biomass,Undefined,Units,Tonnes per capita,2.914819217
2007,Tonnes per capita,Biomass,Undefined,Units,Tonnes per capita,2.89632431
2008,Tonnes per capita,Biomass,Undefined,Units,Tonnes per capita,2.947085103
2009,Tonnes per capita,Biomass,Undefined,Units,Tonnes per capita,2.8637739819999997
2010,Tonnes per capita,Biomass,Undefined,Units,Tonnes per capita,2.7151267939999997
2011,Tonnes per capita,Biomass,Undefined,Units,Tonnes per capita,2.743141751
2012,Tonnes per capita,Biomass,Undefined,Units,Tonnes per capita,2.663841143
2013,Tonnes per capita,Biomass,Undefined,Units,Tonnes per capita,2.6908683630000003
2000,Tonnes per capita,Metal ores,Undefined,Units,Tonnes per capita,1.239834188
2001,Tonnes per capita,Metal ores,Undefined,Units,Tonnes per capita,1.695177034
2002,Tonnes per capita,Metal ores,Undefined,Units,Tonnes per capita,0.975411728
2003,Tonnes per capita,Metal ores,Undefined,Units,Tonnes per capita,0.820065497
2004,Tonnes per capita,Metal ores,Undefined,Units,Tonnes per capita,0.683982092
2005,Tonnes per capita,Metal ores,Undefined,Units,Tonnes per capita,0.92866968
2006,Tonnes per capita,Metal ores,Undefined,Units,Tonnes per capita,0.481758953
2007,Tonnes per capita,Metal ores,Undefined,Units,Tonnes per capita,0.503970215
2008,Tonnes per capita,Metal ores,Undefined,Units,Tonnes per capita,0.19414853199999998
2009,Tonnes per capita,Metal ores,Undefined,Units,Tonnes per capita,0.26668594100000004
2010,Tonnes per capita,Metal ores,Undefined,Units,Tonnes per capita,0.433464256
2011,Tonnes per capita,Metal ores,Undefined,Units,Tonnes per capita,0.349276528
2012,Tonnes per capita,Metal ores,Undefined,Units,Tonnes per capita,0.510179735
2013,Tonnes per capita,Metal ores,Undefined,Units,Tonnes per capita,0.39623621600000003
2000,Tonnes per capita,Non-metal minerals,Undefined,Units,Tonnes per capita,5.459692525
2001,Tonnes per capita,Non-metal minerals,Undefined,Units,Tonnes per capita,5.589295078999999
2002,Tonnes per capita,Non-metal minerals,Undefined,Units,Tonnes per capita,5.324623478
2003,Tonnes per capita,Non-metal minerals,Undefined,Units,Tonnes per capita,5.240061908
2004,Tonnes per capita,Non-metal minerals,Undefined,Units,Tonnes per capita,5.382783101
2005,Tonnes per capita,Non-metal minerals,Undefined,Units,Tonnes per capita,5.169391508
2006,Tonnes per capita,Non-metal minerals,Undefined,Units,Tonnes per capita,5.124360688
2007,Tonnes per capita,Non-metal minerals,Undefined,Units,Tonnes per capita,5.259372691
2008,Tonnes per capita,Non-metal minerals,Undefined,Units,Tonnes per capita,4.55973266
2009,Tonnes per capita,Non-metal minerals,Undefined,Units,Tonnes per capita,3.626697505
2010,Tonnes per capita,Non-metal minerals,Undefined,Units,Tonnes per capita,3.55006015
2011,Tonnes per capita,Non-metal minerals,Undefined,Units,Tonnes per capita,3.5189957830000003
2012,Tonnes per capita,Non-metal minerals,Undefined,Units,Tonnes per capita,3.26818931
2013,Tonnes per capita,Non-metal minerals,Undefined,Units,Tonnes per capita,3.313277914
2000,Tonnes per capita,Fossil energy materials,Undefined,Units,Tonnes per capita,4.53587519
2001,Tonnes per capita,Fossil energy materials,Undefined,Units,Tonnes per capita,4.7874410030000005
2002,Tonnes per capita,Fossil energy materials,Undefined,Units,Tonnes per capita,4.452065755
2003,Tonnes per capita,Fossil energy materials,Undefined,Units,Tonnes per capita,4.480462534
2004,Tonnes per capita,Fossil energy materials,Undefined,Units,Tonnes per capita,4.602137767
2005,Tonnes per capita,Fossil energy materials,Undefined,Units,Tonnes per capita,4.56521991
2006,Tonnes per capita,Fossil energy materials,Undefined,Units,Tonnes per capita,4.578551336
2007,Tonnes per capita,Fossil energy materials,Undefined,Units,Tonnes per capita,4.324916706000001
2008,Tonnes per capita,Fossil energy materials,Undefined,Units,Tonnes per capita,4.254025148999999
2009,Tonnes per capita,Fossil energy materials,Undefined,Units,Tonnes per capita,3.753583733
2010,Tonnes per capita,Fossil energy materials,Undefined,Units,Tonnes per capita,3.6727507389999996
2011,Tonnes per capita,Fossil energy materials,Undefined,Units,Tonnes per capita,3.53321714
2012,Tonnes per capita,Fossil energy materials,Undefined,Units,Tonnes per capita,3.651204772
2013,Tonnes per capita,Fossil energy materials,Undefined,Units,Tonnes per capita,3.8810901369999997
2000,Tonnes per £m GDP,,Undefined,Units,Tonnes per £m GDP,599.2909202000001
2001,Tonnes per £m GDP,,Undefined,Units,Tonnes per £m GDP,610.8439036
2002,Tonnes per £m GDP,,Undefined,Units,Tonnes per £m GDP,552.3002679
2003,Tonnes per £m GDP,,Undefined,Units,Tonnes per £m GDP,524.4682753000001
2004,Tonnes per £m GDP,,Undefined,Units,Tonnes per £m GDP,520.0677921
2005,Tonnes per £m GDP,,Undefined,Units,Tonnes per £m GDP,507.4503581
2006,Tonnes per £m GDP,,Undefined,Units,Tonnes per £m GDP,477.0982084
2007,Tonnes per £m GDP,,Undefined,Units,Tonnes per £m GDP,464.741307
2008,Tonnes per £m GDP,,Undefined,Units,Tonnes per £m GDP,434.18953250000004
2009,Tonnes per £m GDP,,Undefined,Units,Tonnes per £m GDP,401.88310939999997
2010,Tonnes per £m GDP,,Undefined,Units,Tonnes per £m GDP,392.162297
2011,Tonnes per £m GDP,,Undefined,Units,Tonnes per £m GDP,380.9902542
2012,Tonnes per £m GDP,,Undefined,Units,Tonnes per £m GDP,376.69704069999995
2013,Tonnes per £m GDP,,Undefined,Units,Tonnes per £m GDP,378.8307753
2000,Tonnes per £m GDP,Biomass,Undefined,Units,Tonnes per £m GDP,132.7056726
2001,Tonnes per £m GDP,Biomass,Undefined,Units,Tonnes per £m GDP,120.94695559999998
2002,Tonnes per £m GDP,Biomass,Undefined,Units,Tonnes per £m GDP,124.349678
2003,Tonnes per £m GDP,Biomass,Undefined,Units,Tonnes per £m GDP,117.20359609999998
2004,Tonnes per £m GDP,Biomass,Undefined,Units,Tonnes per £m GDP,115.83040859999998
2005,Tonnes per £m GDP,Biomass,Undefined,Units,Tonnes per £m GDP,112.05760719999999
2006,Tonnes per £m GDP,Biomass,Undefined,Units,Tonnes per £m GDP,106.1482148
2007,Tonnes per £m GDP,Biomass,Undefined,Units,Tonnes per £m GDP,103.6780004
2008,Tonnes per £m GDP,Biomass,Undefined,Units,Tonnes per £m GDP,107.0346811
2009,Tonnes per £m GDP,Biomass,Undefined,Units,Tonnes per £m GDP,109.48167820000002
2010,Tonnes per £m GDP,Biomass,Undefined,Units,Tonnes per £m GDP,102.6647033
2011,Tonnes per £m GDP,Biomass,Undefined,Units,Tonnes per £m GDP,103.0377132
2012,Tonnes per £m GDP,Biomass,Undefined,Units,Tonnes per £m GDP,99.41755490000001
2013,Tonnes per £m GDP,Biomass,Undefined,Units,Tonnes per £m GDP,99.16283572
2000,Tonnes per £m GDP,Metal ores,Undefined,Units,Tonnes per £m GDP,51.48091633
2001,Tonnes per £m GDP,Metal ores,Undefined,Units,Tonnes per £m GDP,68.78394769
2002,Tonnes per £m GDP,Metal ores,Undefined,Units,Tonnes per £m GDP,38.817209999999996
2003,Tonnes per £m GDP,Metal ores,Undefined,Units,Tonnes per £m GDP,31.68578811
2004,Tonnes per £m GDP,Metal ores,Undefined,Units,Tonnes per £m GDP,25.91176162
2005,Tonnes per £m GDP,Metal ores,Undefined,Units,Tonnes per £m GDP,34.42979186
2006,Tonnes per £m GDP,Metal ores,Undefined,Units,Tonnes per £m GDP,17.54409072
2007,Tonnes per £m GDP,Metal ores,Undefined,Units,Tonnes per £m GDP,18.04032234
2008,Tonnes per £m GDP,Metal ores,Undefined,Units,Tonnes per £m GDP,7.051247406
2009,Tonnes per £m GDP,Metal ores,Undefined,Units,Tonnes per £m GDP,10.19536616
2010,Tonnes per £m GDP,Metal ores,Undefined,Units,Tonnes per £m GDP,16.39020299
2011,Tonnes per £m GDP,Metal ores,Undefined,Units,Tonnes per £m GDP,13.11950238
2012,Tonnes per £m GDP,Metal ores,Undefined,Units,Tonnes per £m GDP,19.04048292
2013,Tonnes per £m GDP,Metal ores,Undefined,Units,Tonnes per £m GDP,14.60194313
2000,Tonnes per £m GDP,Non-metal minerals,Undefined,Units,Tonnes per £m GDP,226.699648
2001,Tonnes per £m GDP,Non-metal minerals,Undefined,Units,Tonnes per £m GDP,226.7927023
2002,Tonnes per £m GDP,Non-metal minerals,Undefined,Units,Tonnes per £m GDP,211.89721409999999
2003,Tonnes per £m GDP,Non-metal minerals,Undefined,Units,Tonnes per £m GDP,202.46613469999997
2004,Tonnes per £m GDP,Non-metal minerals,Undefined,Units,Tonnes per £m GDP,203.9196555
2005,Tonnes per £m GDP,Non-metal minerals,Undefined,Units,Tonnes per £m GDP,191.6516469
2006,Tonnes per £m GDP,Non-metal minerals,Undefined,Units,Tonnes per £m GDP,186.61251289999998
2007,Tonnes per £m GDP,Non-metal minerals,Undefined,Units,Tonnes per £m GDP,188.2666393
2008,Tonnes per £m GDP,Non-metal minerals,Undefined,Units,Tonnes per £m GDP,165.6041526
2009,Tonnes per £m GDP,Non-metal minerals,Undefined,Units,Tonnes per £m GDP,138.64813769999998
2010,Tonnes per £m GDP,Non-metal minerals,Undefined,Units,Tonnes per £m GDP,134.23530459999998
2011,Tonnes per £m GDP,Non-metal minerals,Undefined,Units,Tonnes per £m GDP,132.1802923
2012,Tonnes per £m GDP,Non-metal minerals,Undefined,Units,Tonnes per £m GDP,121.97250990000002
2013,Tonnes per £m GDP,Non-metal minerals,Undefined,Units,Tonnes per £m GDP,122.0996308
2000,Tonnes per £m GDP,Fossil energy materials,Undefined,Units,Tonnes per £m GDP,188.34051630000002
2001,Tonnes per £m GDP,Fossil energy materials,Undefined,Units,Tonnes per £m GDP,194.2564611
2002,Tonnes per £m GDP,Fossil energy materials,Undefined,Units,Tonnes per £m GDP,177.1731531
2003,Tonnes per £m GDP,Fossil energy materials,Undefined,Units,Tonnes per £m GDP,173.11664380000002
2004,Tonnes per £m GDP,Fossil energy materials,Undefined,Units,Tonnes per £m GDP,174.3459342
2005,Tonnes per £m GDP,Fossil energy materials,Undefined,Units,Tonnes per £m GDP,169.252399
2006,Tonnes per £m GDP,Fossil energy materials,Undefined,Units,Tonnes per £m GDP,166.7359155
2007,Tonnes per £m GDP,Fossil energy materials,Undefined,Units,Tonnes per £m GDP,154.8164736
2008,Tonnes per £m GDP,Fossil energy materials,Undefined,Units,Tonnes per £m GDP,154.5012137
2009,Tonnes per £m GDP,Fossil energy materials,Undefined,Units,Tonnes per £m GDP,143.4989804
2010,Tonnes per £m GDP,Fossil energy materials,Undefined,Units,Tonnes per £m GDP,138.874496
2011,Tonnes per £m GDP,Fossil energy materials,Undefined,Units,Tonnes per £m GDP,132.7144739
2012,Tonnes per £m GDP,Fossil energy materials,Undefined,Units,Tonnes per £m GDP,136.2670788
2013,Tonnes per £m GDP,Fossil energy materials,Undefined,Units,Tonnes per £m GDP,143.0244262
