Year,Series,Material category,Observation status,Unit multiplier,Units,Value
1990,Material footprint,,Normal value,Millions,Metric tons,1069.0607
1991,Material footprint,,Normal value,Millions,Metric tons,1052.5189999999998
1992,Material footprint,,Normal value,Millions,Metric tons,972.9782
1993,Material footprint,,Normal value,Millions,Metric tons,932.8615
1994,Material footprint,,Normal value,Millions,Metric tons,919.5482
1995,Material footprint,,Normal value,Millions,Metric tons,858.0148
1996,Material footprint,,Normal value,Millions,Metric tons,880.1319
1997,Material footprint,,Normal value,Millions,Metric tons,1130.4663
1998,Material footprint,,Normal value,Millions,Metric tons,1237.3619
1999,Material footprint,,Normal value,Millions,Metric tons,1316.2805
2000,Material footprint,,Normal value,Millions,Metric tons,1278.0017
2001,Material footprint,,Normal value,Millions,Metric tons,1377.3076999999998
2002,Material footprint,,Normal value,Millions,Metric tons,1500.87
2003,Material footprint,,Normal value,Millions,Metric tons,1540.8267
2004,Material footprint,,Normal value,Millions,Metric tons,1525.9906
2005,Material footprint,,Normal value,Millions,Metric tons,1505.8167
2006,Material footprint,,Normal value,Millions,Metric tons,1447.6564
2007,Material footprint,,Normal value,Millions,Metric tons,1394.5046000000002
2008,Material footprint,,Normal value,Millions,Metric tons,1259.6047
2009,Material footprint,,Normal value,Millions,Metric tons,1102.9598
2010,Material footprint,,Normal value,Millions,Metric tons,1055.3853
2011,Material footprint,,Normal value,Millions,Metric tons,1103.6748
2012,Material footprint,,Normal value,Millions,Metric tons,1080.8221999999998
2013,Material footprint,,Normal value,Millions,Metric tons,1098.9078
2014,Material footprint,,Normal value,Millions,Metric tons,1217.3451
2015,Material footprint,,Normal value,Millions,Metric tons,1238.5047
2016,Material footprint,,Normal value,Millions,Metric tons,1055.4292
2017,Material footprint,,Normal value,Millions,Metric tons,1001.794
2018,Material footprint,,Normal value,Millions,Metric tons,1089.9529
2019,Material footprint,,Normal value,Millions,Metric tons,1071.8744
1990,Material footprint per capita,,Normal value,Units,Metric tons,18.9
1991,Material footprint per capita,,Normal value,Units,Metric tons,18.9
1992,Material footprint per capita,,Normal value,Units,Metric tons,17.4
1993,Material footprint per capita,,Normal value,Units,Metric tons,16.6
1994,Material footprint per capita,,Normal value,Units,Metric tons,16.4
1995,Material footprint per capita,,Normal value,Units,Metric tons,15.2
1996,Material footprint per capita,,Normal value,Units,Metric tons,15.6
1997,Material footprint per capita,,Normal value,Units,Metric tons,20.0
1998,Material footprint per capita,,Normal value,Units,Metric tons,21.8
1999,Material footprint per capita,,Normal value,Units,Metric tons,23.1
2000,Material footprint per capita,,Normal value,Units,Metric tons,22.3
2001,Material footprint per capita,,Normal value,Units,Metric tons,24.0
2002,Material footprint per capita,,Normal value,Units,Metric tons,26.0
2003,Material footprint per capita,,Normal value,Units,Metric tons,26.6
2004,Material footprint per capita,,Normal value,Units,Metric tons,26.2
2005,Material footprint per capita,,Normal value,Units,Metric tons,25.7
2006,Material footprint per capita,,Normal value,Units,Metric tons,24.5
2007,Material footprint per capita,,Normal value,Units,Metric tons,23.4
2008,Material footprint per capita,,Normal value,Units,Metric tons,21.0
2009,Material footprint per capita,,Normal value,Units,Metric tons,18.2
2010,Material footprint per capita,,Normal value,Units,Metric tons,17.3
2011,Material footprint per capita,,Normal value,Units,Metric tons,18.0
2012,Material footprint per capita,,Normal value,Units,Metric tons,17.5
2013,Material footprint per capita,,Normal value,Units,Metric tons,17.6
2014,Material footprint per capita,,Normal value,Units,Metric tons,19.4
2015,Material footprint per capita,,Normal value,Units,Metric tons,19.6
2016,Material footprint per capita,,Normal value,Units,Metric tons,16.5
2017,Material footprint per capita,,Normal value,Units,Metric tons,15.6
2018,Material footprint per capita,,Normal value,Units,Metric tons,16.9
2019,Material footprint per capita,,Normal value,Units,Metric tons,16.5
1990,Material footprint per unit of GDP,,Normal value,Units,Kilograms per constant USD,0.337947860381917
1991,Material footprint per unit of GDP,,Normal value,Units,Kilograms per constant USD,0.3592483730986227
1992,Material footprint per unit of GDP,,Normal value,Units,Kilograms per constant USD,0.3416238139484849
1993,Material footprint per unit of GDP,,Normal value,Units,Kilograms per constant USD,0.3287585384064081
1994,Material footprint per unit of GDP,,Normal value,Units,Kilograms per constant USD,0.3166675843222974
1995,Material footprint per unit of GDP,,Normal value,Units,Kilograms per constant USD,0.2954852646768869
1996,Material footprint per unit of GDP,,Normal value,Units,Kilograms per constant USD,0.3083368190708564
1997,Material footprint per unit of GDP,,Normal value,Units,Kilograms per constant USD,0.3759487673923614
1998,Material footprint per unit of GDP,,Normal value,Units,Kilograms per constant USD,0.4031212450344737
1999,Material footprint per unit of GDP,,Normal value,Units,Kilograms per constant USD,0.4207250010163474
2000,Material footprint per unit of GDP,,Normal value,Units,Kilograms per constant USD,0.4013251761140376
2001,Material footprint per unit of GDP,,Normal value,Units,Kilograms per constant USD,0.4288080021239095
2002,Material footprint per unit of GDP,,Normal value,Units,Kilograms per constant USD,0.4667500367566392
2003,Material footprint per unit of GDP,,Normal value,Units,Kilograms per constant USD,0.4764640846528339
2004,Material footprint per unit of GDP,,Normal value,Units,Kilograms per constant USD,0.4731855352234515
2005,Material footprint per unit of GDP,,Normal value,Units,Kilograms per constant USD,0.4677472079396321
2006,Material footprint per unit of GDP,,Normal value,Units,Kilograms per constant USD,0.4503578377328964
2007,Material footprint per unit of GDP,,Normal value,Units,Kilograms per constant USD,0.4356704315820908
2008,Material footprint per unit of GDP,,Normal value,Units,Kilograms per constant USD,0.4073657037592263
2009,Material footprint per unit of GDP,,Normal value,Units,Kilograms per constant USD,0.3783943567252013
2010,Material footprint per unit of GDP,,Normal value,Units,Kilograms per constant USD,0.3595975276179594
2011,Material footprint per unit of GDP,,Normal value,Units,Kilograms per constant USD,0.3789904441886162
2012,Material footprint per unit of GDP,,Normal value,Units,Kilograms per constant USD,0.3718073732728834
2013,Material footprint per unit of GDP,,Normal value,Units,Kilograms per constant USD,0.3782236079529146
2014,Material footprint per unit of GDP,,Normal value,Units,Kilograms per constant USD,0.4138048575714359
2015,Material footprint per unit of GDP,,Normal value,Units,Kilograms per constant USD,0.4133818852675739
2016,Material footprint per unit of GDP,,Normal value,Units,Kilograms per constant USD,0.3528947943862509
2017,Material footprint per unit of GDP,,Normal value,Units,Kilograms per constant USD,0.3352195596785104
2018,Material footprint per unit of GDP,,Normal value,Units,Kilograms per constant USD,0.3674079683393077
2019,Material footprint per unit of GDP,,Normal value,Units,Kilograms per constant USD,0.3633829283498381
1990,Material footprint per unit of GDP,,Definition differs,Units,Tons per GDP (millions of pounds),875.7
1991,Material footprint per unit of GDP,,Definition differs,Units,Tons per GDP (millions of pounds),871.7
1992,Material footprint per unit of GDP,,Definition differs,Units,Tons per GDP (millions of pounds),802.7
1993,Material footprint per unit of GDP,,Definition differs,Units,Tons per GDP (millions of pounds),750.9
1994,Material footprint per unit of GDP,,Definition differs,Units,Tons per GDP (millions of pounds),712.7
1995,Material footprint per unit of GDP,,Definition differs,Units,Tons per GDP (millions of pounds),648.6
1996,Material footprint per unit of GDP,,Definition differs,Units,Tons per GDP (millions of pounds),649.2
1997,Material footprint per unit of GDP,,Definition differs,Units,Tons per GDP (millions of pounds),794.3
1998,Material footprint per unit of GDP,,Definition differs,Units,Tons per GDP (millions of pounds),838.3
1999,Material footprint per unit of GDP,,Definition differs,Units,Tons per GDP (millions of pounds),863.3
2000,Material footprint per unit of GDP,,Definition differs,Units,Tons per GDP (millions of pounds),809.8
2001,Material footprint per unit of GDP,,Definition differs,Units,Tons per GDP (millions of pounds),849.6
2002,Material footprint per unit of GDP,,Definition differs,Units,Tons per GDP (millions of pounds),906.0
2003,Material footprint per unit of GDP,,Definition differs,Units,Tons per GDP (millions of pounds),900.2
2004,Material footprint per unit of GDP,,Definition differs,Units,Tons per GDP (millions of pounds),871.7
2005,Material footprint per unit of GDP,,Definition differs,Units,Tons per GDP (millions of pounds),835.4
2006,Material footprint per unit of GDP,,Definition differs,Units,Tons per GDP (millions of pounds),782.1
2007,Material footprint per unit of GDP,,Definition differs,Units,Tons per GDP (millions of pounds),736.0
2008,Material footprint per unit of GDP,,Definition differs,Units,Tons per GDP (millions of pounds),666.7
2009,Material footprint per unit of GDP,,Definition differs,Units,Tons per GDP (millions of pounds),608.8
2010,Material footprint per unit of GDP,,Definition differs,Units,Tons per GDP (millions of pounds),570.7
2011,Material footprint per unit of GDP,,Definition differs,Units,Tons per GDP (millions of pounds),589.3
2012,Material footprint per unit of GDP,,Definition differs,Units,Tons per GDP (millions of pounds),569.0
2013,Material footprint per unit of GDP,,Definition differs,Units,Tons per GDP (millions of pounds),566.1
2014,Material footprint per unit of GDP,,Definition differs,Units,Tons per GDP (millions of pounds),609.7
2015,Material footprint per unit of GDP,,Definition differs,Units,Tons per GDP (millions of pounds),605.9
2016,Material footprint per unit of GDP,,Definition differs,Units,Tons per GDP (millions of pounds),507.6
2017,Material footprint per unit of GDP,,Definition differs,Units,Tons per GDP (millions of pounds),473.6
2018,Material footprint per unit of GDP,,Definition differs,Units,Tons per GDP (millions of pounds),508.9
2019,Material footprint per unit of GDP,,Definition differs,Units,Tons per GDP (millions of pounds),493.4
1990,Material footprint,Biomass,Normal value,Millions,Metric tons,262.39570000000003
1991,Material footprint,Biomass,Normal value,Millions,Metric tons,264.3185
1992,Material footprint,Biomass,Normal value,Millions,Metric tons,260.3582
1993,Material footprint,Biomass,Normal value,Millions,Metric tons,251.8827
1994,Material footprint,Biomass,Normal value,Millions,Metric tons,249.4056
1995,Material footprint,Biomass,Normal value,Millions,Metric tons,236.2771
1996,Material footprint,Biomass,Normal value,Millions,Metric tons,257.9745
1997,Material footprint,Biomass,Normal value,Millions,Metric tons,314.7439
1998,Material footprint,Biomass,Normal value,Millions,Metric tons,335.9148
1999,Material footprint,Biomass,Normal value,Millions,Metric tons,313.4463
2000,Material footprint,Biomass,Normal value,Millions,Metric tons,308.8941
2001,Material footprint,Biomass,Normal value,Millions,Metric tons,321.5248
2002,Material footprint,Biomass,Normal value,Millions,Metric tons,318.9131
2003,Material footprint,Biomass,Normal value,Millions,Metric tons,303.8775
2004,Material footprint,Biomass,Normal value,Millions,Metric tons,343.4354
2005,Material footprint,Biomass,Normal value,Millions,Metric tons,337.6399
2006,Material footprint,Biomass,Normal value,Millions,Metric tons,310.1793
2007,Material footprint,Biomass,Normal value,Millions,Metric tons,298.48740000000004
2008,Material footprint,Biomass,Normal value,Millions,Metric tons,286.2515
2009,Material footprint,Biomass,Normal value,Millions,Metric tons,277.5463
2010,Material footprint,Biomass,Normal value,Millions,Metric tons,270.7724
2011,Material footprint,Biomass,Normal value,Millions,Metric tons,276.2259
2012,Material footprint,Biomass,Normal value,Millions,Metric tons,279.5748
2013,Material footprint,Biomass,Normal value,Millions,Metric tons,277.827
2014,Material footprint,Biomass,Normal value,Millions,Metric tons,306.6667
2015,Material footprint,Biomass,Normal value,Millions,Metric tons,303.3809
2016,Material footprint,Biomass,Normal value,Millions,Metric tons,274.0803
2017,Material footprint,Biomass,Normal value,Millions,Metric tons,259.494
2018,Material footprint,Biomass,Normal value,Millions,Metric tons,263.8912
2019,Material footprint,Biomass,Normal value,Millions,Metric tons,267.0268
1990,Material footprint,Metal ores excluding precious metals,Normal value,Millions,Metric tons,54.6994
1991,Material footprint,Metal ores excluding precious metals,Normal value,Millions,Metric tons,51.8155
1992,Material footprint,Metal ores excluding precious metals,Normal value,Millions,Metric tons,40.8263
1993,Material footprint,Metal ores excluding precious metals,Normal value,Millions,Metric tons,38.8982
1994,Material footprint,Metal ores excluding precious metals,Normal value,Millions,Metric tons,38.7219
1995,Material footprint,Metal ores excluding precious metals,Normal value,Millions,Metric tons,36.4349
1996,Material footprint,Metal ores excluding precious metals,Normal value,Millions,Metric tons,42.093
1997,Material footprint,Metal ores excluding precious metals,Normal value,Millions,Metric tons,52.4618
1998,Material footprint,Metal ores excluding precious metals,Normal value,Millions,Metric tons,69.8959
1999,Material footprint,Metal ores excluding precious metals,Normal value,Millions,Metric tons,71.9116
2000,Material footprint,Metal ores excluding precious metals,Normal value,Millions,Metric tons,77.657
2001,Material footprint,Metal ores excluding precious metals,Normal value,Millions,Metric tons,80.6424
2002,Material footprint,Metal ores excluding precious metals,Normal value,Millions,Metric tons,86.24539999999999
2003,Material footprint,Metal ores excluding precious metals,Normal value,Millions,Metric tons,78.77069999999999
2004,Material footprint,Metal ores excluding precious metals,Normal value,Millions,Metric tons,90.6987
2005,Material footprint,Metal ores excluding precious metals,Normal value,Millions,Metric tons,88.9927
2006,Material footprint,Metal ores excluding precious metals,Normal value,Millions,Metric tons,87.5523
2007,Material footprint,Metal ores excluding precious metals,Normal value,Millions,Metric tons,87.6703
2008,Material footprint,Metal ores excluding precious metals,Normal value,Millions,Metric tons,77.8678
2009,Material footprint,Metal ores excluding precious metals,Normal value,Millions,Metric tons,64.8219
2010,Material footprint,Metal ores excluding precious metals,Normal value,Millions,Metric tons,67.6912
2011,Material footprint,Metal ores excluding precious metals,Normal value,Millions,Metric tons,71.0098
2012,Material footprint,Metal ores excluding precious metals,Normal value,Millions,Metric tons,76.0545
2013,Material footprint,Metal ores excluding precious metals,Normal value,Millions,Metric tons,82.59710000000001
2014,Material footprint,Metal ores excluding precious metals,Normal value,Millions,Metric tons,78.1406
2015,Material footprint,Metal ores excluding precious metals,Normal value,Millions,Metric tons,76.0037
2016,Material footprint,Metal ores excluding precious metals,Normal value,Millions,Metric tons,66.0312
2017,Material footprint,Metal ores excluding precious metals,Normal value,Millions,Metric tons,64.6797
2018,Material footprint,Metal ores excluding precious metals,Normal value,Millions,Metric tons,68.8926
2019,Material footprint,Metal ores excluding precious metals,Normal value,Millions,Metric tons,66.721
1990,Material footprint,Non-metallic minerals,Normal value,Millions,Metric tons,373.1514
1991,Material footprint,Non-metallic minerals,Normal value,Millions,Metric tons,369.2188
1992,Material footprint,Non-metallic minerals,Normal value,Millions,Metric tons,367.1128
1993,Material footprint,Non-metallic minerals,Normal value,Millions,Metric tons,355.9306
1994,Material footprint,Non-metallic minerals,Normal value,Millions,Metric tons,368.3044
1995,Material footprint,Non-metallic minerals,Normal value,Millions,Metric tons,337.32140000000004
1996,Material footprint,Non-metallic minerals,Normal value,Millions,Metric tons,330.8014
1997,Material footprint,Non-metallic minerals,Normal value,Millions,Metric tons,446.6796
1998,Material footprint,Non-metallic minerals,Normal value,Millions,Metric tons,491.9775
1999,Material footprint,Non-metallic minerals,Normal value,Millions,Metric tons,559.6131
2000,Material footprint,Non-metallic minerals,Normal value,Millions,Metric tons,551.9716999999999
2001,Material footprint,Non-metallic minerals,Normal value,Millions,Metric tons,625.8894
2002,Material footprint,Non-metallic minerals,Normal value,Millions,Metric tons,722.1516
2003,Material footprint,Non-metallic minerals,Normal value,Millions,Metric tons,796.1101
2004,Material footprint,Non-metallic minerals,Normal value,Millions,Metric tons,720.3433
2005,Material footprint,Non-metallic minerals,Normal value,Millions,Metric tons,701.2084
2006,Material footprint,Non-metallic minerals,Normal value,Millions,Metric tons,677.2168
2007,Material footprint,Non-metallic minerals,Normal value,Millions,Metric tons,669.6073
2008,Material footprint,Non-metallic minerals,Normal value,Millions,Metric tons,565.1422
2009,Material footprint,Non-metallic minerals,Normal value,Millions,Metric tons,457.07
2010,Material footprint,Non-metallic minerals,Normal value,Millions,Metric tons,433.0517
2011,Material footprint,Non-metallic minerals,Normal value,Millions,Metric tons,457.7347
2012,Material footprint,Non-metallic minerals,Normal value,Millions,Metric tons,433.6346
2013,Material footprint,Non-metallic minerals,Normal value,Millions,Metric tons,433.1685
2014,Material footprint,Non-metallic minerals,Normal value,Millions,Metric tons,541.19
2015,Material footprint,Non-metallic minerals,Normal value,Millions,Metric tons,574.5142
2016,Material footprint,Non-metallic minerals,Normal value,Millions,Metric tons,489.8218
2017,Material footprint,Non-metallic minerals,Normal value,Millions,Metric tons,479.0529
2018,Material footprint,Non-metallic minerals,Normal value,Millions,Metric tons,549.6665
2019,Material footprint,Non-metallic minerals,Normal value,Millions,Metric tons,536.4876999999999
1990,Material footprint,Fossil fuels,Normal value,Millions,Metric tons,378.8142
1991,Material footprint,Fossil fuels,Normal value,Millions,Metric tons,367.1662
1992,Material footprint,Fossil fuels,Normal value,Millions,Metric tons,304.6809
1993,Material footprint,Fossil fuels,Normal value,Millions,Metric tons,286.15
1994,Material footprint,Fossil fuels,Normal value,Millions,Metric tons,263.1163
1995,Material footprint,Fossil fuels,Normal value,Millions,Metric tons,247.9814
1996,Material footprint,Fossil fuels,Normal value,Millions,Metric tons,249.263
1997,Material footprint,Fossil fuels,Normal value,Millions,Metric tons,316.581
1998,Material footprint,Fossil fuels,Normal value,Millions,Metric tons,339.57370000000003
1999,Material footprint,Fossil fuels,Normal value,Millions,Metric tons,371.3095
2000,Material footprint,Fossil fuels,Normal value,Millions,Metric tons,339.4789
2001,Material footprint,Fossil fuels,Normal value,Millions,Metric tons,349.25109999999995
2002,Material footprint,Fossil fuels,Normal value,Millions,Metric tons,373.5599
2003,Material footprint,Fossil fuels,Normal value,Millions,Metric tons,362.0684
2004,Material footprint,Fossil fuels,Normal value,Millions,Metric tons,371.5132
2005,Material footprint,Fossil fuels,Normal value,Millions,Metric tons,377.9757
2006,Material footprint,Fossil fuels,Normal value,Millions,Metric tons,372.708
2007,Material footprint,Fossil fuels,Normal value,Millions,Metric tons,338.7396
2008,Material footprint,Fossil fuels,Normal value,Millions,Metric tons,330.3432
2009,Material footprint,Fossil fuels,Normal value,Millions,Metric tons,303.5216
2010,Material footprint,Fossil fuels,Normal value,Millions,Metric tons,283.87
2011,Material footprint,Fossil fuels,Normal value,Millions,Metric tons,298.7044
2012,Material footprint,Fossil fuels,Normal value,Millions,Metric tons,291.5583
2013,Material footprint,Fossil fuels,Normal value,Millions,Metric tons,305.3152
2014,Material footprint,Fossil fuels,Normal value,Millions,Metric tons,291.3478
2015,Material footprint,Fossil fuels,Normal value,Millions,Metric tons,284.6059
2016,Material footprint,Fossil fuels,Normal value,Millions,Metric tons,225.4959
2017,Material footprint,Fossil fuels,Normal value,Millions,Metric tons,198.5674
2018,Material footprint,Fossil fuels,Normal value,Millions,Metric tons,207.5026
2019,Material footprint,Fossil fuels,Normal value,Millions,Metric tons,201.6389
1990,Material footprint per capita,Biomass,Normal value,Units,Metric tons,4.7
1991,Material footprint per capita,Biomass,Normal value,Units,Metric tons,4.7
1992,Material footprint per capita,Biomass,Normal value,Units,Metric tons,4.7
1993,Material footprint per capita,Biomass,Normal value,Units,Metric tons,4.5
1994,Material footprint per capita,Biomass,Normal value,Units,Metric tons,4.4
1995,Material footprint per capita,Biomass,Normal value,Units,Metric tons,4.2
1996,Material footprint per capita,Biomass,Normal value,Units,Metric tons,4.6
1997,Material footprint per capita,Biomass,Normal value,Units,Metric tons,5.6
1998,Material footprint per capita,Biomass,Normal value,Units,Metric tons,5.9
1999,Material footprint per capita,Biomass,Normal value,Units,Metric tons,5.5
2000,Material footprint per capita,Biomass,Normal value,Units,Metric tons,5.4
2001,Material footprint per capita,Biomass,Normal value,Units,Metric tons,5.6
2002,Material footprint per capita,Biomass,Normal value,Units,Metric tons,5.5
2003,Material footprint per capita,Biomass,Normal value,Units,Metric tons,5.2
2004,Material footprint per capita,Biomass,Normal value,Units,Metric tons,5.9
2005,Material footprint per capita,Biomass,Normal value,Units,Metric tons,5.8
2006,Material footprint per capita,Biomass,Normal value,Units,Metric tons,5.2
2007,Material footprint per capita,Biomass,Normal value,Units,Metric tons,5.0
2008,Material footprint per capita,Biomass,Normal value,Units,Metric tons,4.8
2009,Material footprint per capita,Biomass,Normal value,Units,Metric tons,4.6
2010,Material footprint per capita,Biomass,Normal value,Units,Metric tons,4.4
2011,Material footprint per capita,Biomass,Normal value,Units,Metric tons,4.5
2012,Material footprint per capita,Biomass,Normal value,Units,Metric tons,4.5
2013,Material footprint per capita,Biomass,Normal value,Units,Metric tons,4.5
2014,Material footprint per capita,Biomass,Normal value,Units,Metric tons,4.9
2015,Material footprint per capita,Biomass,Normal value,Units,Metric tons,4.8
2016,Material footprint per capita,Biomass,Normal value,Units,Metric tons,4.3
2017,Material footprint per capita,Biomass,Normal value,Units,Metric tons,4.0
2018,Material footprint per capita,Biomass,Normal value,Units,Metric tons,4.1
2019,Material footprint per capita,Biomass,Normal value,Units,Metric tons,4.1
1990,Material footprint per capita,Metal ores excluding precious metals,Normal value,Units,Metric tons,1.0
1991,Material footprint per capita,Metal ores excluding precious metals,Normal value,Units,Metric tons,0.9
1992,Material footprint per capita,Metal ores excluding precious metals,Normal value,Units,Metric tons,0.7
1993,Material footprint per capita,Metal ores excluding precious metals,Normal value,Units,Metric tons,0.7
1994,Material footprint per capita,Metal ores excluding precious metals,Normal value,Units,Metric tons,0.7
1995,Material footprint per capita,Metal ores excluding precious metals,Normal value,Units,Metric tons,0.6
1996,Material footprint per capita,Metal ores excluding precious metals,Normal value,Units,Metric tons,0.7
1997,Material footprint per capita,Metal ores excluding precious metals,Normal value,Units,Metric tons,0.9
1998,Material footprint per capita,Metal ores excluding precious metals,Normal value,Units,Metric tons,1.2
1999,Material footprint per capita,Metal ores excluding precious metals,Normal value,Units,Metric tons,1.3
2000,Material footprint per capita,Metal ores excluding precious metals,Normal value,Units,Metric tons,1.4
2001,Material footprint per capita,Metal ores excluding precious metals,Normal value,Units,Metric tons,1.4
2002,Material footprint per capita,Metal ores excluding precious metals,Normal value,Units,Metric tons,1.5
2003,Material footprint per capita,Metal ores excluding precious metals,Normal value,Units,Metric tons,1.4
2004,Material footprint per capita,Metal ores excluding precious metals,Normal value,Units,Metric tons,1.6
2005,Material footprint per capita,Metal ores excluding precious metals,Normal value,Units,Metric tons,1.5
2006,Material footprint per capita,Metal ores excluding precious metals,Normal value,Units,Metric tons,1.5
2007,Material footprint per capita,Metal ores excluding precious metals,Normal value,Units,Metric tons,1.5
2008,Material footprint per capita,Metal ores excluding precious metals,Normal value,Units,Metric tons,1.3
2009,Material footprint per capita,Metal ores excluding precious metals,Normal value,Units,Metric tons,1.1
2010,Material footprint per capita,Metal ores excluding precious metals,Normal value,Units,Metric tons,1.1
2011,Material footprint per capita,Metal ores excluding precious metals,Normal value,Units,Metric tons,1.2
2012,Material footprint per capita,Metal ores excluding precious metals,Normal value,Units,Metric tons,1.2
2013,Material footprint per capita,Metal ores excluding precious metals,Normal value,Units,Metric tons,1.3
2014,Material footprint per capita,Metal ores excluding precious metals,Normal value,Units,Metric tons,1.2
2015,Material footprint per capita,Metal ores excluding precious metals,Normal value,Units,Metric tons,1.2
2016,Material footprint per capita,Metal ores excluding precious metals,Normal value,Units,Metric tons,1.0
2017,Material footprint per capita,Metal ores excluding precious metals,Normal value,Units,Metric tons,1.0
2018,Material footprint per capita,Metal ores excluding precious metals,Normal value,Units,Metric tons,1.1
2018,Material footprint per capita,Metal ores excluding precious metals,Normal value,Units,Metric tons,1.0
1990,Material footprint per capita,Non-metallic minerals,Normal value,Units,Metric tons,6.7
1991,Material footprint per capita,Non-metallic minerals,Normal value,Units,Metric tons,6.6
1992,Material footprint per capita,Non-metallic minerals,Normal value,Units,Metric tons,6.6
1993,Material footprint per capita,Non-metallic minerals,Normal value,Units,Metric tons,6.3
1994,Material footprint per capita,Non-metallic minerals,Normal value,Units,Metric tons,6.6
1995,Material footprint per capita,Non-metallic minerals,Normal value,Units,Metric tons,6.0
1996,Material footprint per capita,Non-metallic minerals,Normal value,Units,Metric tons,5.9
1997,Material footprint per capita,Non-metallic minerals,Normal value,Units,Metric tons,7.9
1998,Material footprint per capita,Non-metallic minerals,Normal value,Units,Metric tons,8.7
1999,Material footprint per capita,Non-metallic minerals,Normal value,Units,Metric tons,9.8
2000,Material footprint per capita,Non-metallic minerals,Normal value,Units,Metric tons,9.6
2001,Material footprint per capita,Non-metallic minerals,Normal value,Units,Metric tons,10.9
2002,Material footprint per capita,Non-metallic minerals,Normal value,Units,Metric tons,12.5
2003,Material footprint per capita,Non-metallic minerals,Normal value,Units,Metric tons,13.7
2004,Material footprint per capita,Non-metallic minerals,Normal value,Units,Metric tons,12.4
2005,Material footprint per capita,Non-metallic minerals,Normal value,Units,Metric tons,11.9
2006,Material footprint per capita,Non-metallic minerals,Normal value,Units,Metric tons,11.5
2007,Material footprint per capita,Non-metallic minerals,Normal value,Units,Metric tons,11.2
2008,Material footprint per capita,Non-metallic minerals,Normal value,Units,Metric tons,9.4
2009,Material footprint per capita,Non-metallic minerals,Normal value,Units,Metric tons,7.6
2010,Material footprint per capita,Non-metallic minerals,Normal value,Units,Metric tons,7.1
2011,Material footprint per capita,Non-metallic minerals,Normal value,Units,Metric tons,7.4
2012,Material footprint per capita,Non-metallic minerals,Normal value,Units,Metric tons,7.0
2013,Material footprint per capita,Non-metallic minerals,Normal value,Units,Metric tons,7.0
2014,Material footprint per capita,Non-metallic minerals,Normal value,Units,Metric tons,8.6
2015,Material footprint per capita,Non-metallic minerals,Normal value,Units,Metric tons,9.1
2016,Material footprint per capita,Non-metallic minerals,Normal value,Units,Metric tons,7.7
2017,Material footprint per capita,Non-metallic minerals,Normal value,Units,Metric tons,7.5
2018,Material footprint per capita,Non-metallic minerals,Normal value,Units,Metric tons,8.5
2019,Material footprint per capita,Non-metallic minerals,Normal value,Units,Metric tons,8.3
1990,Material footprint per capita,Fossil fuels,Normal value,Units,Metric tons,6.8
1991,Material footprint per capita,Fossil fuels,Normal value,Units,Metric tons,6.6
1992,Material footprint per capita,Fossil fuels,Normal value,Units,Metric tons,5.4
1993,Material footprint per capita,Fossil fuels,Normal value,Units,Metric tons,5.1
1994,Material footprint per capita,Fossil fuels,Normal value,Units,Metric tons,4.7
1995,Material footprint per capita,Fossil fuels,Normal value,Units,Metric tons,4.4
1996,Material footprint per capita,Fossil fuels,Normal value,Units,Metric tons,4.4
1997,Material footprint per capita,Fossil fuels,Normal value,Units,Metric tons,5.6
1998,Material footprint per capita,Fossil fuels,Normal value,Units,Metric tons,6.0
1999,Material footprint per capita,Fossil fuels,Normal value,Units,Metric tons,6.5
2000,Material footprint per capita,Fossil fuels,Normal value,Units,Metric tons,5.9
2001,Material footprint per capita,Fossil fuels,Normal value,Units,Metric tons,6.1
2002,Material footprint per capita,Fossil fuels,Normal value,Units,Metric tons,6.5
2003,Material footprint per capita,Fossil fuels,Normal value,Units,Metric tons,6.2
2004,Material footprint per capita,Fossil fuels,Normal value,Units,Metric tons,6.4
2005,Material footprint per capita,Fossil fuels,Normal value,Units,Metric tons,6.4
2006,Material footprint per capita,Fossil fuels,Normal value,Units,Metric tons,6.3
2007,Material footprint per capita,Fossil fuels,Normal value,Units,Metric tons,5.7
2008,Material footprint per capita,Fossil fuels,Normal value,Units,Metric tons,5.5
2009,Material footprint per capita,Fossil fuels,Normal value,Units,Metric tons,5.0
2010,Material footprint per capita,Fossil fuels,Normal value,Units,Metric tons,4.7
2011,Material footprint per capita,Fossil fuels,Normal value,Units,Metric tons,4.9
2012,Material footprint per capita,Fossil fuels,Normal value,Units,Metric tons,4.7
2013,Material footprint per capita,Fossil fuels,Normal value,Units,Metric tons,4.9
2014,Material footprint per capita,Fossil fuels,Normal value,Units,Metric tons,4.6
2015,Material footprint per capita,Fossil fuels,Normal value,Units,Metric tons,4.5
2016,Material footprint per capita,Fossil fuels,Normal value,Units,Metric tons,3.5
2017,Material footprint per capita,Fossil fuels,Normal value,Units,Metric tons,3.1
2018,Material footprint per capita,Fossil fuels,Normal value,Units,Metric tons,3.2
2019,Material footprint per capita,Fossil fuels,Normal value,Units,Metric tons,3.1
1990,Material footprint per unit of GDP,Biomass,Normal value,Units,Kilograms per constant USD,0.0829476430930585
1991,Material footprint per unit of GDP,Biomass,Normal value,Units,Kilograms per constant USD,0.09021784034765
1992,Material footprint per unit of GDP,Biomass,Normal value,Units,Kilograms per constant USD,0.0914147524340858
1993,Material footprint per unit of GDP,Biomass,Normal value,Units,Kilograms per constant USD,0.0887683630440958
1994,Material footprint per unit of GDP,Biomass,Normal value,Units,Kilograms per constant USD,0.0858885579553667
1995,Material footprint per unit of GDP,Biomass,Normal value,Units,Kilograms per constant USD,0.0813696936586493
1996,Material footprint per unit of GDP,Biomass,Normal value,Units,Kilograms per constant USD,0.0903762682972798
1997,Material footprint per unit of GDP,Biomass,Normal value,Units,Kilograms per constant USD,0.1046714804760342
1998,Material footprint per unit of GDP,Biomass,Normal value,Units,Kilograms per constant USD,0.1094379844744744
1999,Material footprint per unit of GDP,Biomass,Normal value,Units,Kilograms per constant USD,0.1001873801868753
2000,Material footprint per unit of GDP,Biomass,Normal value,Units,Kilograms per constant USD,0.0970006370751205
2001,Material footprint per unit of GDP,Biomass,Normal value,Units,Kilograms per constant USD,0.1001028362226462
2002,Material footprint per unit of GDP,Biomass,Normal value,Units,Kilograms per constant USD,0.0991776110836872
2003,Material footprint per unit of GDP,Biomass,Normal value,Units,Kilograms per constant USD,0.0939669041846766
2004,Material footprint per unit of GDP,Biomass,Normal value,Units,Kilograms per constant USD,0.1064938824417923
2005,Material footprint per unit of GDP,Biomass,Normal value,Units,Kilograms per constant USD,0.1048800431779091
2006,Material footprint per unit of GDP,Biomass,Normal value,Units,Kilograms per constant USD,0.0964950514897757
2007,Material footprint per unit of GDP,Biomass,Normal value,Units,Kilograms per constant USD,0.093253284628689
2008,Material footprint per unit of GDP,Biomass,Normal value,Units,Kilograms per constant USD,0.0925759039718049
2009,Material footprint per unit of GDP,Biomass,Normal value,Units,Kilograms per constant USD,0.0952182968499484
2010,Material footprint per unit of GDP,Biomass,Normal value,Units,Kilograms per constant USD,0.0922592778080016
2011,Material footprint per unit of GDP,Biomass,Normal value,Units,Kilograms per constant USD,0.0948531003311847
2012,Material footprint per unit of GDP,Biomass,Normal value,Units,Kilograms per constant USD,0.0961749046432352
2013,Material footprint per unit of GDP,Biomass,Normal value,Units,Kilograms per constant USD,0.0956228814889969
2014,Material footprint per unit of GDP,Biomass,Normal value,Units,Kilograms per constant USD,0.1042433818605769
2015,Material footprint per unit of GDP,Biomass,Normal value,Units,Kilograms per constant USD,0.1012609547595364
2016,Material footprint per unit of GDP,Biomass,Normal value,Units,Kilograms per constant USD,0.0916418752805228
2017,Material footprint per unit of GDP,Biomass,Normal value,Units,Kilograms per constant USD,0.0868316883702791
2018,Material footprint per unit of GDP,Biomass,Normal value,Units,Kilograms per constant USD,0.0889540544867782
2019,Material footprint per unit of GDP,Biomass,Normal value,Units,Kilograms per constant USD,0.0905264465051936
1990,Material footprint per unit of GDP,Metal ores excluding precious metals,Normal value,Units,Kilograms per constant USD,0.017291389716388
1991,Material footprint per unit of GDP,Metal ores excluding precious metals,Normal value,Units,Kilograms per constant USD,0.0176857938681312
1992,Material footprint per unit of GDP,Metal ores excluding precious metals,Normal value,Units,Kilograms per constant USD,0.0143345825378256
1993,Material footprint per unit of GDP,Metal ores excluding precious metals,Normal value,Units,Kilograms per constant USD,0.0137084823188009
1994,Material footprint per unit of GDP,Metal ores excluding precious metals,Normal value,Units,Kilograms per constant USD,0.0133347773758565
1995,Material footprint per unit of GDP,Metal ores excluding precious metals,Normal value,Units,Kilograms per constant USD,0.0125475412195406
1996,Material footprint per unit of GDP,Metal ores excluding precious metals,Normal value,Units,Kilograms per constant USD,0.0147464507594254
1997,Material footprint per unit of GDP,Metal ores excluding precious metals,Normal value,Units,Kilograms per constant USD,0.0174467377268872
1998,Material footprint per unit of GDP,Metal ores excluding precious metals,Normal value,Units,Kilograms per constant USD,0.0227714480547728
1999,Material footprint per unit of GDP,Metal ores excluding precious metals,Normal value,Units,Kilograms per constant USD,0.0229852284395971
2000,Material footprint per unit of GDP,Metal ores excluding precious metals,Normal value,Units,Kilograms per constant USD,0.024386281490461
2001,Material footprint per unit of GDP,Metal ores excluding precious metals,Normal value,Units,Kilograms per constant USD,0.0251070304990505
2002,Material footprint per unit of GDP,Metal ores excluding precious metals,Normal value,Units,Kilograms per constant USD,0.0268211394858255
2003,Material footprint per unit of GDP,Metal ores excluding precious metals,Normal value,Units,Kilograms per constant USD,0.024357969311515
2004,Material footprint per unit of GDP,Metal ores excluding precious metals,Normal value,Units,Kilograms per constant USD,0.0281242315015382
2005,Material footprint per unit of GDP,Metal ores excluding precious metals,Normal value,Units,Kilograms per constant USD,0.0276435285596243
2006,Material footprint per unit of GDP,Metal ores excluding precious metals,Normal value,Units,Kilograms per constant USD,0.0272370325697049
2007,Material footprint per unit of GDP,Metal ores excluding precious metals,Normal value,Units,Kilograms per constant USD,0.0273899113978766
2008,Material footprint per unit of GDP,Metal ores excluding precious metals,Normal value,Units,Kilograms per constant USD,0.0251830365091386
2009,Material footprint per unit of GDP,Metal ores excluding precious metals,Normal value,Units,Kilograms per constant USD,0.0222385631391147
2010,Material footprint per unit of GDP,Metal ores excluding precious metals,Normal value,Units,Kilograms per constant USD,0.0230641720720317
2011,Material footprint per unit of GDP,Metal ores excluding precious metals,Normal value,Units,Kilograms per constant USD,0.0243840265662899
2012,Material footprint per unit of GDP,Metal ores excluding precious metals,Normal value,Units,Kilograms per constant USD,0.0261630672191804
2013,Material footprint per unit of GDP,Metal ores excluding precious metals,Normal value,Units,Kilograms per constant USD,0.0284283842270003
2014,Material footprint per unit of GDP,Metal ores excluding precious metals,Normal value,Units,Kilograms per constant USD,0.0265618679974532
2015,Material footprint per unit of GDP,Metal ores excluding precious metals,Normal value,Units,Kilograms per constant USD,0.0253681336803252
2016,Material footprint per unit of GDP,Metal ores excluding precious metals,Normal value,Units,Kilograms per constant USD,0.0220782850683659
2017,Material footprint per unit of GDP,Metal ores excluding precious metals,Normal value,Units,Kilograms per constant USD,0.0216430728813889
2018,Material footprint per unit of GDP,Metal ores excluding precious metals,Normal value,Units,Kilograms per constant USD,0.0232227376060126
2019,Material footprint per unit of GDP,Metal ores excluding precious metals,Normal value,Units,Kilograms per constant USD,0.0226195087432161
1990,Material footprint per unit of GDP,Non-metallic minerals,Normal value,Units,Kilograms per constant USD,0.117959361174269
1991,Material footprint per unit of GDP,Non-metallic minerals,Normal value,Units,Kilograms per constant USD,0.1260226686809699
1992,Material footprint per unit of GDP,Non-metallic minerals,Normal value,Units,Kilograms per constant USD,0.1288975178326784
1993,Material footprint per unit of GDP,Non-metallic minerals,Normal value,Units,Kilograms per constant USD,0.1254368669198116
1994,Material footprint per unit of GDP,Non-metallic minerals,Normal value,Units,Kilograms per constant USD,0.1268340959650328
1995,Material footprint per unit of GDP,Non-metallic minerals,Normal value,Units,Kilograms per constant USD,0.1161675802797085
1996,Material footprint per unit of GDP,Non-metallic minerals,Normal value,Units,Kilograms per constant USD,0.1158897335958235
1997,Material footprint per unit of GDP,Non-metallic minerals,Normal value,Units,Kilograms per constant USD,0.1485481212835031
1998,Material footprint per unit of GDP,Non-metallic minerals,Normal value,Units,Kilograms per constant USD,0.1602817917126329
1999,Material footprint per unit of GDP,Non-metallic minerals,Normal value,Units,Kilograms per constant USD,0.1788700980271768
2000,Material footprint per unit of GDP,Non-metallic minerals,Normal value,Units,Kilograms per constant USD,0.1733332120860752
2001,Material footprint per unit of GDP,Non-metallic minerals,Normal value,Units,Kilograms per constant USD,0.1948630528708526
2002,Material footprint per unit of GDP,Non-metallic minerals,Normal value,Units,Kilograms per constant USD,0.2245792679205166
2003,Material footprint per unit of GDP,Non-metallic minerals,Normal value,Units,Kilograms per constant USD,0.2461781523382065
2004,Material footprint per unit of GDP,Non-metallic minerals,Normal value,Units,Kilograms per constant USD,0.2233670574085628
2005,Material footprint per unit of GDP,Non-metallic minerals,Normal value,Units,Kilograms per constant USD,0.2178142075883583
2006,Material footprint per unit of GDP,Non-metallic minerals,Normal value,Units,Kilograms per constant USD,0.2106783721084584
2007,Material footprint per unit of GDP,Non-metallic minerals,Normal value,Units,Kilograms per constant USD,0.2091983786797968
2008,Material footprint per unit of GDP,Non-metallic minerals,Normal value,Units,Kilograms per constant USD,0.1827712694522634
2009,Material footprint per unit of GDP,Non-metallic minerals,Normal value,Units,Kilograms per constant USD,0.156807808070963
2010,Material footprint per unit of GDP,Non-metallic minerals,Normal value,Units,Kilograms per constant USD,0.1475521031520471
2011,Material footprint per unit of GDP,Non-metallic minerals,Normal value,Units,Kilograms per constant USD,0.157181333916062
2012,Material footprint per unit of GDP,Non-metallic minerals,Normal value,Units,Kilograms per constant USD,0.1491721224695768
2013,Material footprint per unit of GDP,Non-metallic minerals,Normal value,Units,Kilograms per constant USD,0.1490885340167319
2014,Material footprint per unit of GDP,Non-metallic minerals,Normal value,Units,Kilograms per constant USD,0.1839634881424219
2015,Material footprint per unit of GDP,Non-metallic minerals,Normal value,Units,Kilograms per constant USD,0.1917584673752081
2016,Material footprint per unit of GDP,Non-metallic minerals,Normal value,Units,Kilograms per constant USD,0.1637775071950855
2017,Material footprint per unit of GDP,Non-metallic minerals,Normal value,Units,Kilograms per constant USD,0.1603003234204971
2018,Material footprint per unit of GDP,Non-metallic minerals,Normal value,Units,Kilograms per constant USD,0.185284934816154
2019,Material footprint per unit of GDP,Non-metallic minerals,Normal value,Units,Kilograms per constant USD,0.1818780926661458
1990,Material footprint per unit of GDP,Fossil fuels,Normal value,Units,Kilograms per constant USD,0.1197494663982013
1991,Material footprint per unit of GDP,Fossil fuels,Normal value,Units,Kilograms per constant USD,0.1253220702018714
1992,Material footprint per unit of GDP,Fossil fuels,Normal value,Units,Kilograms per constant USD,0.106976961143895
1993,Material footprint per unit of GDP,Fossil fuels,Normal value,Units,Kilograms per constant USD,0.1008448261236996
1994,Material footprint per unit of GDP,Fossil fuels,Normal value,Units,Kilograms per constant USD,0.0906101530260413
1995,Material footprint per unit of GDP,Fossil fuels,Normal value,Units,Kilograms per constant USD,0.0854004495189884
1996,Material footprint per unit of GDP,Fossil fuels,Normal value,Units,Kilograms per constant USD,0.0873243664183276
1997,Material footprint per unit of GDP,Fossil fuels,Normal value,Units,Kilograms per constant USD,0.1052824279059368
1998,Material footprint per unit of GDP,Fossil fuels,Normal value,Units,Kilograms per constant USD,0.1106300207925933
1999,Material footprint per unit of GDP,Fossil fuels,Normal value,Units,Kilograms per constant USD,0.1186822943626981
2000,Material footprint per unit of GDP,Fossil fuels,Normal value,Units,Kilograms per constant USD,0.1066050454623806
2001,Material footprint per unit of GDP,Fossil fuels,Normal value,Units,Kilograms per constant USD,0.10873508253136
2002,Material footprint per unit of GDP,Fossil fuels,Normal value,Units,Kilograms per constant USD,0.1161720182666096
2003,Material footprint per unit of GDP,Fossil fuels,Normal value,Units,Kilograms per constant USD,0.1119610588184356
2004,Material footprint per unit of GDP,Fossil fuels,Normal value,Units,Kilograms per constant USD,0.115200363871558
2005,Material footprint per unit of GDP,Fossil fuels,Normal value,Units,Kilograms per constant USD,0.1174094286137403
2006,Material footprint per unit of GDP,Fossil fuels,Normal value,Units,Kilograms per constant USD,0.1159473815649572
2007,Material footprint per unit of GDP,Fossil fuels,Normal value,Units,Kilograms per constant USD,0.1058288568757283
2008,Material footprint per unit of GDP,Fossil fuels,Normal value,Units,Kilograms per constant USD,0.1068354938260192
2009,Material footprint per unit of GDP,Fossil fuels,Normal value,Units,Kilograms per constant USD,0.1041296886651751
2010,Material footprint per unit of GDP,Fossil fuels,Normal value,Units,Kilograms per constant USD,0.0967219745858788
2011,Material footprint per unit of GDP,Fossil fuels,Normal value,Units,Kilograms per constant USD,0.1025719833750794
2012,Material footprint per unit of GDP,Fossil fuels,Normal value,Units,Kilograms per constant USD,0.1002972789408908
2013,Material footprint per unit of GDP,Fossil fuels,Normal value,Units,Kilograms per constant USD,0.1050838082201852
2014,Material footprint per unit of GDP,Fossil fuels,Normal value,Units,Kilograms per constant USD,0.0990361195709837
2015,Material footprint per unit of GDP,Fossil fuels,Normal value,Units,Kilograms per constant USD,0.0949943294525039
2016,Material footprint per unit of GDP,Fossil fuels,Normal value,Units,Kilograms per constant USD,0.0753971268422766
2017,Material footprint per unit of GDP,Fossil fuels,Normal value,Units,Kilograms per constant USD,0.0664444750063452
2018,Material footprint per unit of GDP,Fossil fuels,Normal value,Units,Kilograms per constant USD,0.0699462414303627
2019,Material footprint per unit of GDP,Fossil fuels,Normal value,Units,Kilograms per constant USD,0.0683588804352825
1990,Material footprint per unit of GDP,Biomass,Definition differs,Units,Tons per GDP (millions of pounds),214.9
1991,Material footprint per unit of GDP,Biomass,Definition differs,Units,Tons per GDP (millions of pounds),218.9
1992,Material footprint per unit of GDP,Biomass,Definition differs,Units,Tons per GDP (millions of pounds),214.8
1993,Material footprint per unit of GDP,Biomass,Definition differs,Units,Tons per GDP (millions of pounds),202.7
1994,Material footprint per unit of GDP,Biomass,Definition differs,Units,Tons per GDP (millions of pounds),193.3
1995,Material footprint per unit of GDP,Biomass,Definition differs,Units,Tons per GDP (millions of pounds),178.6
1996,Material footprint per unit of GDP,Biomass,Definition differs,Units,Tons per GDP (millions of pounds),190.3
1997,Material footprint per unit of GDP,Biomass,Definition differs,Units,Tons per GDP (millions of pounds),221.1
1998,Material footprint per unit of GDP,Biomass,Definition differs,Units,Tons per GDP (millions of pounds),227.6
1999,Material footprint per unit of GDP,Biomass,Definition differs,Units,Tons per GDP (millions of pounds),205.6
2000,Material footprint per unit of GDP,Biomass,Definition differs,Units,Tons per GDP (millions of pounds),195.7
2001,Material footprint per unit of GDP,Biomass,Definition differs,Units,Tons per GDP (millions of pounds),198.3
2002,Material footprint per unit of GDP,Biomass,Definition differs,Units,Tons per GDP (millions of pounds),192.5
2003,Material footprint per unit of GDP,Biomass,Definition differs,Units,Tons per GDP (millions of pounds),177.5
2004,Material footprint per unit of GDP,Biomass,Definition differs,Units,Tons per GDP (millions of pounds),196.2
2005,Material footprint per unit of GDP,Biomass,Definition differs,Units,Tons per GDP (millions of pounds),187.3
2006,Material footprint per unit of GDP,Biomass,Definition differs,Units,Tons per GDP (millions of pounds),167.6
2007,Material footprint per unit of GDP,Biomass,Definition differs,Units,Tons per GDP (millions of pounds),157.5
2008,Material footprint per unit of GDP,Biomass,Definition differs,Units,Tons per GDP (millions of pounds),151.5
2009,Material footprint per unit of GDP,Biomass,Definition differs,Units,Tons per GDP (millions of pounds),153.2
2010,Material footprint per unit of GDP,Biomass,Definition differs,Units,Tons per GDP (millions of pounds),146.4
2011,Material footprint per unit of GDP,Biomass,Definition differs,Units,Tons per GDP (millions of pounds),147.5
2012,Material footprint per unit of GDP,Biomass,Definition differs,Units,Tons per GDP (millions of pounds),147.2
2013,Material footprint per unit of GDP,Biomass,Definition differs,Units,Tons per GDP (millions of pounds),143.1
2014,Material footprint per unit of GDP,Biomass,Definition differs,Units,Tons per GDP (millions of pounds),153.6
2015,Material footprint per unit of GDP,Biomass,Definition differs,Units,Tons per GDP (millions of pounds),148.4
2016,Material footprint per unit of GDP,Biomass,Definition differs,Units,Tons per GDP (millions of pounds),131.8
2017,Material footprint per unit of GDP,Biomass,Definition differs,Units,Tons per GDP (millions of pounds),122.7
2018,Material footprint per unit of GDP,Biomass,Definition differs,Units,Tons per GDP (millions of pounds),123.2
2019,Material footprint per unit of GDP,Biomass,Definition differs,Units,Tons per GDP (millions of pounds),122.9
1990,Material footprint per unit of GDP,Metal ores excluding precious metals,Definition differs,Units,Tons per GDP (millions of pounds),44.8
1991,Material footprint per unit of GDP,Metal ores excluding precious metals,Definition differs,Units,Tons per GDP (millions of pounds),42.9
1992,Material footprint per unit of GDP,Metal ores excluding precious metals,Definition differs,Units,Tons per GDP (millions of pounds),33.7
1993,Material footprint per unit of GDP,Metal ores excluding precious metals,Definition differs,Units,Tons per GDP (millions of pounds),31.3
1994,Material footprint per unit of GDP,Metal ores excluding precious metals,Definition differs,Units,Tons per GDP (millions of pounds),30.0
1995,Material footprint per unit of GDP,Metal ores excluding precious metals,Definition differs,Units,Tons per GDP (millions of pounds),27.5
1996,Material footprint per unit of GDP,Metal ores excluding precious metals,Definition differs,Units,Tons per GDP (millions of pounds),31.0
1997,Material footprint per unit of GDP,Metal ores excluding precious metals,Definition differs,Units,Tons per GDP (millions of pounds),36.9
1998,Material footprint per unit of GDP,Metal ores excluding precious metals,Definition differs,Units,Tons per GDP (millions of pounds),47.4
1999,Material footprint per unit of GDP,Metal ores excluding precious metals,Definition differs,Units,Tons per GDP (millions of pounds),47.2
2000,Material footprint per unit of GDP,Metal ores excluding precious metals,Definition differs,Units,Tons per GDP (millions of pounds),49.2
2001,Material footprint per unit of GDP,Metal ores excluding precious metals,Definition differs,Units,Tons per GDP (millions of pounds),49.7
2002,Material footprint per unit of GDP,Metal ores excluding precious metals,Definition differs,Units,Tons per GDP (millions of pounds),52.1
2003,Material footprint per unit of GDP,Metal ores excluding precious metals,Definition differs,Units,Tons per GDP (millions of pounds),46.0
2004,Material footprint per unit of GDP,Metal ores excluding precious metals,Definition differs,Units,Tons per GDP (millions of pounds),51.8
2005,Material footprint per unit of GDP,Metal ores excluding precious metals,Definition differs,Units,Tons per GDP (millions of pounds),49.4
2006,Material footprint per unit of GDP,Metal ores excluding precious metals,Definition differs,Units,Tons per GDP (millions of pounds),47.3
2007,Material footprint per unit of GDP,Metal ores excluding precious metals,Definition differs,Units,Tons per GDP (millions of pounds),46.3
2008,Material footprint per unit of GDP,Metal ores excluding precious metals,Definition differs,Units,Tons per GDP (millions of pounds),41.2
2009,Material footprint per unit of GDP,Metal ores excluding precious metals,Definition differs,Units,Tons per GDP (millions of pounds),35.8
2010,Material footprint per unit of GDP,Metal ores excluding precious metals,Definition differs,Units,Tons per GDP (millions of pounds),36.6
2011,Material footprint per unit of GDP,Metal ores excluding precious metals,Definition differs,Units,Tons per GDP (millions of pounds),37.9
2012,Material footprint per unit of GDP,Metal ores excluding precious metals,Definition differs,Units,Tons per GDP (millions of pounds),40.0
2013,Material footprint per unit of GDP,Metal ores excluding precious metals,Definition differs,Units,Tons per GDP (millions of pounds),42.6
2014,Material footprint per unit of GDP,Metal ores excluding precious metals,Definition differs,Units,Tons per GDP (millions of pounds),39.1
2015,Material footprint per unit of GDP,Metal ores excluding precious metals,Definition differs,Units,Tons per GDP (millions of pounds),37.2
2016,Material footprint per unit of GDP,Metal ores excluding precious metals,Definition differs,Units,Tons per GDP (millions of pounds),31.8
2017,Material footprint per unit of GDP,Metal ores excluding precious metals,Definition differs,Units,Tons per GDP (millions of pounds),30.6
2018,Material footprint per unit of GDP,Metal ores excluding precious metals,Definition differs,Units,Tons per GDP (millions of pounds),32.2
2019,Material footprint per unit of GDP,Metal ores excluding precious metals,Definition differs,Units,Tons per GDP (millions of pounds),30.7
1990,Material footprint per unit of GDP,Non-metallic minerals,Definition differs,Units,Tons per GDP (millions of pounds),305.7
1991,Material footprint per unit of GDP,Non-metallic minerals,Definition differs,Units,Tons per GDP (millions of pounds),305.8
1992,Material footprint per unit of GDP,Non-metallic minerals,Definition differs,Units,Tons per GDP (millions of pounds),302.8
1993,Material footprint per unit of GDP,Non-metallic minerals,Definition differs,Units,Tons per GDP (millions of pounds),286.5
1994,Material footprint per unit of GDP,Non-metallic minerals,Definition differs,Units,Tons per GDP (millions of pounds),285.5
1995,Material footprint per unit of GDP,Non-metallic minerals,Definition differs,Units,Tons per GDP (millions of pounds),255.0
1996,Material footprint per unit of GDP,Non-metallic minerals,Definition differs,Units,Tons per GDP (millions of pounds),244.0
1997,Material footprint per unit of GDP,Non-metallic minerals,Definition differs,Units,Tons per GDP (millions of pounds),313.8
1998,Material footprint per unit of GDP,Non-metallic minerals,Definition differs,Units,Tons per GDP (millions of pounds),333.3
1999,Material footprint per unit of GDP,Non-metallic minerals,Definition differs,Units,Tons per GDP (millions of pounds),367.0
2000,Material footprint per unit of GDP,Non-metallic minerals,Definition differs,Units,Tons per GDP (millions of pounds),349.8
2001,Material footprint per unit of GDP,Non-metallic minerals,Definition differs,Units,Tons per GDP (millions of pounds),386.1
2002,Material footprint per unit of GDP,Non-metallic minerals,Definition differs,Units,Tons per GDP (millions of pounds),435.9
2003,Material footprint per unit of GDP,Non-metallic minerals,Definition differs,Units,Tons per GDP (millions of pounds),465.1
2004,Material footprint per unit of GDP,Non-metallic minerals,Definition differs,Units,Tons per GDP (millions of pounds),411.5
2005,Material footprint per unit of GDP,Non-metallic minerals,Definition differs,Units,Tons per GDP (millions of pounds),389.0
2006,Material footprint per unit of GDP,Non-metallic minerals,Definition differs,Units,Tons per GDP (millions of pounds),365.9
2007,Material footprint per unit of GDP,Non-metallic minerals,Definition differs,Units,Tons per GDP (millions of pounds),353.4
2008,Material footprint per unit of GDP,Non-metallic minerals,Definition differs,Units,Tons per GDP (millions of pounds),299.1
2009,Material footprint per unit of GDP,Non-metallic minerals,Definition differs,Units,Tons per GDP (millions of pounds),252.3
2010,Material footprint per unit of GDP,Non-metallic minerals,Definition differs,Units,Tons per GDP (millions of pounds),234.2
2011,Material footprint per unit of GDP,Non-metallic minerals,Definition differs,Units,Tons per GDP (millions of pounds),244.4
2012,Material footprint per unit of GDP,Non-metallic minerals,Definition differs,Units,Tons per GDP (millions of pounds),228.3
2013,Material footprint per unit of GDP,Non-metallic minerals,Definition differs,Units,Tons per GDP (millions of pounds),223.1
2014,Material footprint per unit of GDP,Non-metallic minerals,Definition differs,Units,Tons per GDP (millions of pounds),271.0
2015,Material footprint per unit of GDP,Non-metallic minerals,Definition differs,Units,Tons per GDP (millions of pounds),281.1
2016,Material footprint per unit of GDP,Non-metallic minerals,Definition differs,Units,Tons per GDP (millions of pounds),235.6
2017,Material footprint per unit of GDP,Non-metallic minerals,Definition differs,Units,Tons per GDP (millions of pounds),226.5
2018,Material footprint per unit of GDP,Non-metallic minerals,Definition differs,Units,Tons per GDP (millions of pounds),256.6
2019,Material footprint per unit of GDP,Non-metallic minerals,Definition differs,Units,Tons per GDP (millions of pounds),246.9
1990,Material footprint per unit of GDP,Fossil fuels,Definition differs,Units,Tons per GDP (millions of pounds),310.3
1991,Material footprint per unit of GDP,Fossil fuels,Definition differs,Units,Tons per GDP (millions of pounds),304.1
1992,Material footprint per unit of GDP,Fossil fuels,Definition differs,Units,Tons per GDP (millions of pounds),251.3
1993,Material footprint per unit of GDP,Fossil fuels,Definition differs,Units,Tons per GDP (millions of pounds),230.3
1994,Material footprint per unit of GDP,Fossil fuels,Definition differs,Units,Tons per GDP (millions of pounds),203.9
1995,Material footprint per unit of GDP,Fossil fuels,Definition differs,Units,Tons per GDP (millions of pounds),187.5
1996,Material footprint per unit of GDP,Fossil fuels,Definition differs,Units,Tons per GDP (millions of pounds),183.8
1997,Material footprint per unit of GDP,Fossil fuels,Definition differs,Units,Tons per GDP (millions of pounds),222.4
1998,Material footprint per unit of GDP,Fossil fuels,Definition differs,Units,Tons per GDP (millions of pounds),230.1
1999,Material footprint per unit of GDP,Fossil fuels,Definition differs,Units,Tons per GDP (millions of pounds),243.5
2000,Material footprint per unit of GDP,Fossil fuels,Definition differs,Units,Tons per GDP (millions of pounds),215.1
2001,Material footprint per unit of GDP,Fossil fuels,Definition differs,Units,Tons per GDP (millions of pounds),215.4
2002,Material footprint per unit of GDP,Fossil fuels,Definition differs,Units,Tons per GDP (millions of pounds),225.5
2003,Material footprint per unit of GDP,Fossil fuels,Definition differs,Units,Tons per GDP (millions of pounds),211.5
2004,Material footprint per unit of GDP,Fossil fuels,Definition differs,Units,Tons per GDP (millions of pounds),212.2
2005,Material footprint per unit of GDP,Fossil fuels,Definition differs,Units,Tons per GDP (millions of pounds),209.7
2006,Material footprint per unit of GDP,Fossil fuels,Definition differs,Units,Tons per GDP (millions of pounds),201.4
2007,Material footprint per unit of GDP,Fossil fuels,Definition differs,Units,Tons per GDP (millions of pounds),178.8
2008,Material footprint per unit of GDP,Fossil fuels,Definition differs,Units,Tons per GDP (millions of pounds),174.8
2009,Material footprint per unit of GDP,Fossil fuels,Definition differs,Units,Tons per GDP (millions of pounds),167.5
2010,Material footprint per unit of GDP,Fossil fuels,Definition differs,Units,Tons per GDP (millions of pounds),153.5
2011,Material footprint per unit of GDP,Fossil fuels,Definition differs,Units,Tons per GDP (millions of pounds),159.5
2012,Material footprint per unit of GDP,Fossil fuels,Definition differs,Units,Tons per GDP (millions of pounds),153.5
2013,Material footprint per unit of GDP,Fossil fuels,Definition differs,Units,Tons per GDP (millions of pounds),157.3
2014,Material footprint per unit of GDP,Fossil fuels,Definition differs,Units,Tons per GDP (millions of pounds),145.9
2015,Material footprint per unit of GDP,Fossil fuels,Definition differs,Units,Tons per GDP (millions of pounds),139.2
2016,Material footprint per unit of GDP,Fossil fuels,Definition differs,Units,Tons per GDP (millions of pounds),108.5
2017,Material footprint per unit of GDP,Fossil fuels,Definition differs,Units,Tons per GDP (millions of pounds),93.9
2018,Material footprint per unit of GDP,Fossil fuels,Definition differs,Units,Tons per GDP (millions of pounds),96.9
2019,Material footprint per unit of GDP,Fossil fuels,Definition differs,Units,Tons per GDP (millions of pounds),92.8
