Year,Units,Series,Country income classification,Unit measure,Unit multiplier,Observation status,Value
2009,GBP (£ Millions),"Total official development assistance for biodiversity, by recipient countries",LDCs,GBP,Millions,Normal value,6.31431
2010,GBP (£ Millions),"Total official development assistance for biodiversity, by recipient countries",LDCs,GBP,Millions,Normal value,8.91476
2011,GBP (£ Millions),"Total official development assistance for biodiversity, by recipient countries",LDCs,GBP,Millions,Normal value,30.15231
2012,GBP (£ Millions),"Total official development assistance for biodiversity, by recipient countries",LDCs,GBP,Millions,Normal value,0.70987
2013,GBP (£ Millions),"Total official development assistance for biodiversity, by recipient countries",LDCs,GBP,Millions,Normal value,1.2781300000000002
2014,GBP (£ Millions),"Total official development assistance for biodiversity, by recipient countries",LDCs,GBP,Millions,Normal value,2.39197
2015,GBP (£ Millions),"Total official development assistance for biodiversity, by recipient countries",LDCs,GBP,Millions,Normal value,2.16983
2016,GBP (£ Millions),"Total official development assistance for biodiversity, by recipient countries",LDCs,GBP,Millions,Normal value,3.3
2017,GBP (£ Millions),"Total official development assistance for biodiversity, by recipient countries",LDCs,GBP,Millions,Normal value,4.5226001585
2018,GBP (£ Millions),"Total official development assistance for biodiversity, by recipient countries",LDCs,GBP,Millions,Normal value,4.7613941414
2019,GBP (£ Millions),"Total official development assistance for biodiversity, by recipient countries",LDCs,GBP,Millions,Normal value,5.8280931030000005
2020,GBP (£ Millions),"Total official development assistance for biodiversity, by recipient countries",LDCs,GBP,Millions,Normal value,4.128012335
2009,GBP (£ Millions),"Total official development assistance for biodiversity, by recipient countries",LMICs,GBP,Millions,Normal value,0.43006
2010,GBP (£ Millions),"Total official development assistance for biodiversity, by recipient countries",LMICs,GBP,Millions,Normal value,9.1781
2011,GBP (£ Millions),"Total official development assistance for biodiversity, by recipient countries",LMICs,GBP,Millions,Normal value,10.69729
2012,GBP (£ Millions),"Total official development assistance for biodiversity, by recipient countries",LMICs,GBP,Millions,Normal value,0.60038
2013,GBP (£ Millions),"Total official development assistance for biodiversity, by recipient countries",LMICs,GBP,Millions,Normal value,0.8306699999999999
2014,GBP (£ Millions),"Total official development assistance for biodiversity, by recipient countries",LMICs,GBP,Millions,Normal value,1.81758
2015,GBP (£ Millions),"Total official development assistance for biodiversity, by recipient countries",LMICs,GBP,Millions,Normal value,20.64233
2016,GBP (£ Millions),"Total official development assistance for biodiversity, by recipient countries",LMICs,GBP,Millions,Normal value,1.66073
2017,GBP (£ Millions),"Total official development assistance for biodiversity, by recipient countries",LMICs,GBP,Millions,Normal value,2.56995853
2018,GBP (£ Millions),"Total official development assistance for biodiversity, by recipient countries",LMICs,GBP,Millions,Normal value,3.62993496
2019,GBP (£ Millions),"Total official development assistance for biodiversity, by recipient countries",LMICs,GBP,Millions,Normal value,4.1751920405
2020,GBP (£ Millions),"Total official development assistance for biodiversity, by recipient countries",LMICs,GBP,Millions,Normal value,4.4137273785
2009,GBP (£ Millions),"Total official development assistance for biodiversity, by recipient countries",UMICs,GBP,Millions,Normal value,0.32621
2010,GBP (£ Millions),"Total official development assistance for biodiversity, by recipient countries",UMICs,GBP,Millions,Normal value,1.86463
2011,GBP (£ Millions),"Total official development assistance for biodiversity, by recipient countries",UMICs,GBP,Millions,Normal value,1.53344
2012,GBP (£ Millions),"Total official development assistance for biodiversity, by recipient countries",UMICs,GBP,Millions,Normal value,0.0772099999999999
2013,GBP (£ Millions),"Total official development assistance for biodiversity, by recipient countries",UMICs,GBP,Millions,Normal value,0.20181
2014,GBP (£ Millions),"Total official development assistance for biodiversity, by recipient countries",UMICs,GBP,Millions,Normal value,0.34167
2015,GBP (£ Millions),"Total official development assistance for biodiversity, by recipient countries",UMICs,GBP,Millions,Normal value,0.45686
2016,GBP (£ Millions),"Total official development assistance for biodiversity, by recipient countries",UMICs,GBP,Millions,Normal value,0.26123
2017,GBP (£ Millions),"Total official development assistance for biodiversity, by recipient countries",UMICs,GBP,Millions,Normal value,1.584193726
2018,GBP (£ Millions),"Total official development assistance for biodiversity, by recipient countries",UMICs,GBP,Millions,Normal value,1.966898035
2019,GBP (£ Millions),"Total official development assistance for biodiversity, by recipient countries",UMICs,GBP,Millions,Normal value,2.353535305
2020,GBP (£ Millions),"Total official development assistance for biodiversity, by recipient countries",UMICs,GBP,Millions,Normal value,1.4214265075
2009,GBP (£ Millions),"Total official development assistance for biodiversity, by recipient countries",Other LICs,GBP,Millions,Normal value,0.31394
2010,GBP (£ Millions),"Total official development assistance for biodiversity, by recipient countries",Other LICs,GBP,Millions,Normal value,2.32783
2011,GBP (£ Millions),"Total official development assistance for biodiversity, by recipient countries",Other LICs,GBP,Millions,Normal value,7.24507
2012,GBP (£ Millions),"Total official development assistance for biodiversity, by recipient countries",Other LICs,GBP,Millions,Normal value,1.17057
2013,GBP (£ Millions),"Total official development assistance for biodiversity, by recipient countries",Other LICs,GBP,Millions,Normal value,0.5597000000000001
2014,GBP (£ Millions),"Total official development assistance for biodiversity, by recipient countries",Other LICs,GBP,Millions,Normal value,1.19227
2015,GBP (£ Millions),"Total official development assistance for biodiversity, by recipient countries",Other LICs,GBP,Millions,Normal value,1.07571
2016,GBP (£ Millions),"Total official development assistance for biodiversity, by recipient countries",Other LICs,GBP,Millions,Normal value,1.62092
2017,GBP (£ Millions),"Total official development assistance for biodiversity, by recipient countries",Other LICs,GBP,Millions,Normal value,0.24691193
2018,GBP (£ Millions),"Total official development assistance for biodiversity, by recipient countries",Other LICs,GBP,Millions,Normal value,0.00357423
2019,GBP (£ Millions),"Total official development assistance for biodiversity, by recipient countries",Other LICs,GBP,Millions,Normal value,0.136017125
2020,GBP (£ Millions),"Total official development assistance for biodiversity, by recipient countries",Other LICs,GBP,Millions,Normal value,0.1742654049999999
2009,GBP (£ Millions),"Total official development assistance for biodiversity, by recipient countries",Unspecified,GBP,Millions,Normal value,173.76328
2010,GBP (£ Millions),"Total official development assistance for biodiversity, by recipient countries",Unspecified,GBP,Millions,Normal value,284.02923
2011,GBP (£ Millions),"Total official development assistance for biodiversity, by recipient countries",Unspecified,GBP,Millions,Normal value,54.80801
2012,GBP (£ Millions),"Total official development assistance for biodiversity, by recipient countries",Unspecified,GBP,Millions,Normal value,1.78086
2013,GBP (£ Millions),"Total official development assistance for biodiversity, by recipient countries",Unspecified,GBP,Millions,Normal value,1.16523
2014,GBP (£ Millions),"Total official development assistance for biodiversity, by recipient countries",Unspecified,GBP,Millions,Normal value,1.02324
2015,GBP (£ Millions),"Total official development assistance for biodiversity, by recipient countries",Unspecified,GBP,Millions,Normal value,1.3798
2016,GBP (£ Millions),"Total official development assistance for biodiversity, by recipient countries",Unspecified,GBP,Millions,Normal value,4.9025
2017,GBP (£ Millions),"Total official development assistance for biodiversity, by recipient countries",Unspecified,GBP,Millions,Normal value,4.9481477882
2018,GBP (£ Millions),"Total official development assistance for biodiversity, by recipient countries",Unspecified,GBP,Millions,Normal value,4.9515214304
2019,GBP (£ Millions),"Total official development assistance for biodiversity, by recipient countries",Unspecified,GBP,Millions,Normal value,20.1672693863
2020,GBP (£ Millions),"Total official development assistance for biodiversity, by recipient countries",Unspecified,GBP,Millions,Normal value,6.1274951443
2009,GBP (£ Millions),"Total official development assistance for biodiversity, by recipient countries",,GBP,Millions,Normal value,181.1478
2010,GBP (£ Millions),"Total official development assistance for biodiversity, by recipient countries",,GBP,Millions,Normal value,306.31455
2011,GBP (£ Millions),"Total official development assistance for biodiversity, by recipient countries",,GBP,Millions,Normal value,104.43612
2012,GBP (£ Millions),"Total official development assistance for biodiversity, by recipient countries",,GBP,Millions,Normal value,4.33889
2013,GBP (£ Millions),"Total official development assistance for biodiversity, by recipient countries",,GBP,Millions,Normal value,4.03554
2014,GBP (£ Millions),"Total official development assistance for biodiversity, by recipient countries",,GBP,Millions,Normal value,6.76673
2015,GBP (£ Millions),"Total official development assistance for biodiversity, by recipient countries",,GBP,Millions,Normal value,25.72453
2016,GBP (£ Millions),"Total official development assistance for biodiversity, by recipient countries",,GBP,Millions,Normal value,11.74538
2017,GBP (£ Millions),"Total official development assistance for biodiversity, by recipient countries",,GBP,Millions,Normal value,13.8718121327
2018,GBP (£ Millions),"Total official development assistance for biodiversity, by recipient countries",,GBP,Millions,Normal value,15.3133227968
2019,GBP (£ Millions),"Total official development assistance for biodiversity, by recipient countries",,GBP,Millions,Normal value,32.6601069598
2020,GBP (£ Millions),"Total official development assistance for biodiversity, by recipient countries",,GBP,Millions,Normal value,16.2649267703
1994,GBP (£ Millions),Tax revenue from biodiversity-relevant taxes,,GBP,Millions,Estimated value,9.0
1995,GBP (£ Millions),Tax revenue from biodiversity-relevant taxes,,GBP,Millions,Estimated value,19.0
1996,GBP (£ Millions),Tax revenue from biodiversity-relevant taxes,,GBP,Millions,Estimated value,22.0
1997,GBP (£ Millions),Tax revenue from biodiversity-relevant taxes,,GBP,Millions,Estimated value,22.0
1998,GBP (£ Millions),Tax revenue from biodiversity-relevant taxes,,GBP,Millions,Estimated value,21.0
1999,GBP (£ Millions),Tax revenue from biodiversity-relevant taxes,,GBP,Millions,Estimated value,23.0
2000,GBP (£ Millions),Tax revenue from biodiversity-relevant taxes,,GBP,Millions,Estimated value,17.0
2001,GBP (£ Millions),Tax revenue from biodiversity-relevant taxes,,GBP,Millions,Estimated value,15.0
2002,GBP (£ Millions),Tax revenue from biodiversity-relevant taxes,,GBP,Millions,Estimated value,229.0
2003,GBP (£ Millions),Tax revenue from biodiversity-relevant taxes,,GBP,Millions,Estimated value,357.0
2004,GBP (£ Millions),Tax revenue from biodiversity-relevant taxes,,GBP,Millions,Estimated value,347.0
2005,GBP (£ Millions),Tax revenue from biodiversity-relevant taxes,,GBP,Millions,Estimated value,347.0
2006,GBP (£ Millions),Tax revenue from biodiversity-relevant taxes,,GBP,Millions,Estimated value,341.0
2007,GBP (£ Millions),Tax revenue from biodiversity-relevant taxes,,GBP,Millions,Estimated value,359.0
2008,GBP (£ Millions),Tax revenue from biodiversity-relevant taxes,,GBP,Millions,Estimated value,354.0
2009,GBP (£ Millions),Tax revenue from biodiversity-relevant taxes,,GBP,Millions,Estimated value,295.0
2010,GBP (£ Millions),Tax revenue from biodiversity-relevant taxes,,GBP,Millions,Estimated value,310.0
2011,GBP (£ Millions),Tax revenue from biodiversity-relevant taxes,,GBP,Millions,Estimated value,313.0
2012,GBP (£ Millions),Tax revenue from biodiversity-relevant taxes,,GBP,Millions,Estimated value,285.0
2013,GBP (£ Millions),Tax revenue from biodiversity-relevant taxes,,GBP,Millions,Estimated value,303.0
2014,GBP (£ Millions),Tax revenue from biodiversity-relevant taxes,,GBP,Millions,Estimated value,363.0
2015,GBP (£ Millions),Tax revenue from biodiversity-relevant taxes,,GBP,Millions,Estimated value,375.0
2016,GBP (£ Millions),Tax revenue from biodiversity-relevant taxes,,GBP,Millions,Estimated value,426.0
2017,GBP (£ Millions),Tax revenue from biodiversity-relevant taxes,,GBP,Millions,Estimated value,396.0
2018,GBP (£ Millions),Tax revenue from biodiversity-relevant taxes,,GBP,Millions,Estimated value,387.0
2019,GBP (£ Millions),Tax revenue from biodiversity-relevant taxes,,GBP,Millions,Estimated value,423.0
1994,USD ($ Millions),Tax revenue from biodiversity-relevant taxes,,USD,Millions,Estimated value,13.774
1995,USD ($ Millions),Tax revenue from biodiversity-relevant taxes,,USD,Millions,Estimated value,29.984
1996,USD ($ Millions),Tax revenue from biodiversity-relevant taxes,,USD,Millions,Estimated value,34.324
1997,USD ($ Millions),Tax revenue from biodiversity-relevant taxes,,USD,Millions,Estimated value,36.016
1998,USD ($ Millions),Tax revenue from biodiversity-relevant taxes,,USD,Millions,Estimated value,34.778
1999,USD ($ Millions),Tax revenue from biodiversity-relevant taxes,,USD,Millions,Estimated value,37.213
2000,USD ($ Millions),Tax revenue from biodiversity-relevant taxes,,USD,Millions,Estimated value,25.721
2001,USD ($ Millions),Tax revenue from biodiversity-relevant taxes,,USD,Millions,Estimated value,21.593
2002,USD ($ Millions),Tax revenue from biodiversity-relevant taxes,,USD,Millions,Estimated value,343.214
2003,USD ($ Millions),Tax revenue from biodiversity-relevant taxes,,USD,Millions,Estimated value,582.884
2004,USD ($ Millions),Tax revenue from biodiversity-relevant taxes,,USD,Millions,Estimated value,635.322
2005,USD ($ Millions),Tax revenue from biodiversity-relevant taxes,,USD,Millions,Estimated value,630.911
2006,USD ($ Millions),Tax revenue from biodiversity-relevant taxes,,USD,Millions,Estimated value,627.43
2007,USD ($ Millions),Tax revenue from biodiversity-relevant taxes,,USD,Millions,Estimated value,718.328
2008,USD ($ Millions),Tax revenue from biodiversity-relevant taxes,,USD,Millions,Estimated value,650.776
2009,USD ($ Millions),Tax revenue from biodiversity-relevant taxes,,USD,Millions,Estimated value,459.56
2010,USD ($ Millions),Tax revenue from biodiversity-relevant taxes,,USD,Millions,Estimated value,479.002
2011,USD ($ Millions),Tax revenue from biodiversity-relevant taxes,,USD,Millions,Estimated value,501.489
2012,USD ($ Millions),Tax revenue from biodiversity-relevant taxes,,USD,Millions,Estimated value,450.204
2013,USD ($ Millions),Tax revenue from biodiversity-relevant taxes,,USD,Millions,Estimated value,473.688
2014,USD ($ Millions),Tax revenue from biodiversity-relevant taxes,,USD,Millions,Estimated value,597.305
2015,USD ($ Millions),Tax revenue from biodiversity-relevant taxes,,USD,Millions,Estimated value,572.917
2016,USD ($ Millions),Tax revenue from biodiversity-relevant taxes,,USD,Millions,Estimated value,575.183
2017,USD ($ Millions),Tax revenue from biodiversity-relevant taxes,,USD,Millions,Estimated value,509.668
2018,USD ($ Millions),Tax revenue from biodiversity-relevant taxes,,USD,Millions,Estimated value,516.322
2019,USD ($ Millions),Tax revenue from biodiversity-relevant taxes,,USD,Millions,Estimated value,539.923
1994,Percentage (%),Tax revenue from biodiversity-relevant taxes out of total tax revenue,,Percentage (%),Units,Estimated value,0.004
1995,Percentage (%),Tax revenue from biodiversity-relevant taxes out of total tax revenue,,Percentage (%),Units,Estimated value,0.008
1996,Percentage (%),Tax revenue from biodiversity-relevant taxes out of total tax revenue,,Percentage (%),Units,Estimated value,0.008
1997,Percentage (%),Tax revenue from biodiversity-relevant taxes out of total tax revenue,,Percentage (%),Units,Estimated value,0.008
1998,Percentage (%),Tax revenue from biodiversity-relevant taxes out of total tax revenue,,Percentage (%),Units,Estimated value,0.007
1999,Percentage (%),Tax revenue from biodiversity-relevant taxes out of total tax revenue,,Percentage (%),Units,Estimated value,0.007
2000,Percentage (%),Tax revenue from biodiversity-relevant taxes out of total tax revenue,,Percentage (%),Units,Estimated value,0.005
2001,Percentage (%),Tax revenue from biodiversity-relevant taxes out of total tax revenue,,Percentage (%),Units,Estimated value,0.004
2002,Percentage (%),Tax revenue from biodiversity-relevant taxes out of total tax revenue,,Percentage (%),Units,Estimated value,0.061
2003,Percentage (%),Tax revenue from biodiversity-relevant taxes out of total tax revenue,,Percentage (%),Units,Estimated value,0.091
2004,Percentage (%),Tax revenue from biodiversity-relevant taxes out of total tax revenue,,Percentage (%),Units,Estimated value,0.082
2005,Percentage (%),Tax revenue from biodiversity-relevant taxes out of total tax revenue,,Percentage (%),Units,Estimated value,0.076
2006,Percentage (%),Tax revenue from biodiversity-relevant taxes out of total tax revenue,,Percentage (%),Units,Estimated value,0.071
2007,Percentage (%),Tax revenue from biodiversity-relevant taxes out of total tax revenue,,Percentage (%),Units,Estimated value,0.071
2008,Percentage (%),Tax revenue from biodiversity-relevant taxes out of total tax revenue,,Percentage (%),Units,Estimated value,0.069
2009,Percentage (%),Tax revenue from biodiversity-relevant taxes out of total tax revenue,,Percentage (%),Units,Estimated value,0.061
2010,Percentage (%),Tax revenue from biodiversity-relevant taxes out of total tax revenue,,Percentage (%),Units,Estimated value,0.06
2011,Percentage (%),Tax revenue from biodiversity-relevant taxes out of total tax revenue,,Percentage (%),Units,Estimated value,0.058
2012,Percentage (%),Tax revenue from biodiversity-relevant taxes out of total tax revenue,,Percentage (%),Units,Estimated value,0.052
2013,Percentage (%),Tax revenue from biodiversity-relevant taxes out of total tax revenue,,Percentage (%),Units,Estimated value,0.053
2014,Percentage (%),Tax revenue from biodiversity-relevant taxes out of total tax revenue,,Percentage (%),Units,Estimated value,0.061
2015,Percentage (%),Tax revenue from biodiversity-relevant taxes out of total tax revenue,,Percentage (%),Units,Estimated value,0.06
2016,Percentage (%),Tax revenue from biodiversity-relevant taxes out of total tax revenue,,Percentage (%),Units,Estimated value,0.065
2017,Percentage (%),Tax revenue from biodiversity-relevant taxes out of total tax revenue,,Percentage (%),Units,Estimated value,0.058
2018,Percentage (%),Tax revenue from biodiversity-relevant taxes out of total tax revenue,,Percentage (%),Units,Estimated value,0.055
2019,Percentage (%),Tax revenue from biodiversity-relevant taxes out of total tax revenue,,Percentage (%),Units,Estimated value,0.058
1994,Percent of GDP (%),Tax revenue from biodiversity-relevant taxes,,% of GDP,Units,Estimated value,0.001
1995,Percent of GDP (%),Tax revenue from biodiversity-relevant taxes,,% of GDP,Units,Estimated value,0.002
1996,Percent of GDP (%),Tax revenue from biodiversity-relevant taxes,,% of GDP,Units,Estimated value,0.002
1997,Percent of GDP (%),Tax revenue from biodiversity-relevant taxes,,% of GDP,Units,Estimated value,0.002
1998,Percent of GDP (%),Tax revenue from biodiversity-relevant taxes,,% of GDP,Units,Estimated value,0.002
1999,Percent of GDP (%),Tax revenue from biodiversity-relevant taxes,,% of GDP,Units,Estimated value,0.002
2000,Percent of GDP (%),Tax revenue from biodiversity-relevant taxes,,% of GDP,Units,Estimated value,0.002
2001,Percent of GDP (%),Tax revenue from biodiversity-relevant taxes,,% of GDP,Units,Estimated value,0.001
2002,Percent of GDP (%),Tax revenue from biodiversity-relevant taxes,,% of GDP,Units,Estimated value,0.019
2003,Percent of GDP (%),Tax revenue from biodiversity-relevant taxes,,% of GDP,Units,Estimated value,0.028
2004,Percent of GDP (%),Tax revenue from biodiversity-relevant taxes,,% of GDP,Units,Estimated value,0.026
2005,Percent of GDP (%),Tax revenue from biodiversity-relevant taxes,,% of GDP,Units,Estimated value,0.025
2006,Percent of GDP (%),Tax revenue from biodiversity-relevant taxes,,% of GDP,Units,Estimated value,0.023
2007,Percent of GDP (%),Tax revenue from biodiversity-relevant taxes,,% of GDP,Units,Estimated value,0.023
2008,Percent of GDP (%),Tax revenue from biodiversity-relevant taxes,,% of GDP,Units,Estimated value,0.022
2009,Percent of GDP (%),Tax revenue from biodiversity-relevant taxes,,% of GDP,Units,Estimated value,0.019
2010,Percent of GDP (%),Tax revenue from biodiversity-relevant taxes,,% of GDP,Units,Estimated value,0.019
2011,Percent of GDP (%),Tax revenue from biodiversity-relevant taxes,,% of GDP,Units,Estimated value,0.019
2012,Percent of GDP (%),Tax revenue from biodiversity-relevant taxes,,% of GDP,Units,Estimated value,0.017
2013,Percent of GDP (%),Tax revenue from biodiversity-relevant taxes,,% of GDP,Units,Estimated value,0.017
2014,Percent of GDP (%),Tax revenue from biodiversity-relevant taxes,,% of GDP,Units,Estimated value,0.019
2015,Percent of GDP (%),Tax revenue from biodiversity-relevant taxes,,% of GDP,Units,Estimated value,0.02
2016,Percent of GDP (%),Tax revenue from biodiversity-relevant taxes,,% of GDP,Units,Estimated value,0.021
2017,Percent of GDP (%),Tax revenue from biodiversity-relevant taxes,,% of GDP,Units,Estimated value,0.019
2018,Percent of GDP (%),Tax revenue from biodiversity-relevant taxes,,% of GDP,Units,Estimated value,0.018
2019,Percent of GDP (%),Tax revenue from biodiversity-relevant taxes,,% of GDP,Units,Estimated value,0.019
