Year,Series,Violence type,Age,Sex,Country of birth,Disability status,Ethnicity,Ethnic group,Highest qualification,Household income,Region,Urban or Rural,Observation status,Unit multiplier,Units,GeoCode,Value
2014/15,(a) Physical violence (%),,,,,,,,No qualification,,,,Undefined,Units,Percentage (%),,1.05796347598
2015/16,(a) Physical violence (%),,,,,,,,No qualification,,,,Undefined,Units,Percentage (%),,0.9046098214112116
2016/17,(a) Physical violence (%),,,,,,,,No qualification,,,,Undefined,Units,Percentage (%),,1.114881798402254
2017/18,(a) Physical violence (%),,,,,,,,No qualification,,,,Undefined,Units,Percentage (%),,1.121675276471234
2018/19,(a) Physical violence (%),,,,,,,,No qualification,,,,Undefined,Units,Percentage (%),,0.9069183907796348
2014/15,(b) Sexual violence (%),,,Men,,,,,No qualification,,,,Undefined,Units,Percentage (%),,0.3148755803533453
2015/16,(b) Sexual violence (%),,,Men,,,,,No qualification,,,,Undefined,Units,Percentage (%),,0.0661278998852898
2016/17,(b) Sexual violence (%),,,Men,,,,,No qualification,,,,Undefined,Units,Percentage (%),,0.3538160435546228
2014/15,(b) Sexual violence (%),,,Women,,,,,No qualification,,,,Undefined,Units,Percentage (%),,1.3445096400781715
2015/16,(b) Sexual violence (%),,,Women,,,,,No qualification,,,,Undefined,Units,Percentage (%),,1.5967777478026133
2016/17,(b) Sexual violence (%),,,Women,,,,,No qualification,,,,Undefined,Units,Percentage (%),,1.5068704429008046
2014/15,(b) Sexual violence (%),,,Men,,,,,O level/GCSE,,,,Undefined,Units,Percentage (%),,0.4410171489929698
2015/16,(b) Sexual violence (%),,,Men,,,,,O level/GCSE,,,,Undefined,Units,Percentage (%),,0.796926734226097
2016/17,(b) Sexual violence (%),,,Men,,,,,O level/GCSE,,,,Undefined,Units,Percentage (%),,0.7629239079802351
2014/15,(b) Sexual violence (%),,,Women,,,,,O level/GCSE,,,,Undefined,Units,Percentage (%),,2.384770992138819
2015/16,(b) Sexual violence (%),,,Women,,,,,O level/GCSE,,,,Undefined,Units,Percentage (%),,1.8879123661933528
2016/17,(b) Sexual violence (%),,,Women,,,,,O level/GCSE,,,,Undefined,Units,Percentage (%),,1.994210688198841
2014/15,(a) Physical violence (%),,,,,,,,O level/GCSE,,,,Undefined,Units,Percentage (%),,1.7613990405214914
2015/16,(a) Physical violence (%),,,,,,,,O level/GCSE,,,,Undefined,Units,Percentage (%),,2.259016235477848
2016/17,(a) Physical violence (%),,,,,,,,O level/GCSE,,,,Undefined,Units,Percentage (%),,1.9851728278627612
2017/18,(a) Physical violence (%),,,,,,,,O level/GCSE,,,,Undefined,Units,Percentage (%),,1.6408814357056225
2018/19,(a) Physical violence (%),,,,,,,,O level/GCSE,,,,Undefined,Units,Percentage (%),,2.242907575731725
2014/15,(b) Sexual violence (%),,,Men,,,,,Apprenticeship or A/AS level,,,,Undefined,Units,Percentage (%),,0.7753283308537937
2015/16,(b) Sexual violence (%),,,Men,,,,,Apprenticeship or A/AS level,,,,Undefined,Units,Percentage (%),,0.5543421020183014
2016/17,(b) Sexual violence (%),,,Men,,,,,Apprenticeship or A/AS level,,,,Undefined,Units,Percentage (%),,1.2404514373270574
2014/15,(b) Sexual violence (%),,,Women,,,,,Apprenticeship or A/AS level,,,,Undefined,Units,Percentage (%),,4.536187025376377
2015/16,(b) Sexual violence (%),,,Women,,,,,Apprenticeship or A/AS level,,,,Undefined,Units,Percentage (%),,5.508069218108345
2016/17,(b) Sexual violence (%),,,Women,,,,,Apprenticeship or A/AS level,,,,Undefined,Units,Percentage (%),,5.3642447347956965
2014/15,(a) Physical violence (%),,,,,,,,Apprenticeship or A/AS level,,,,Undefined,Units,Percentage (%),,2.155675098212748
2015/16,(a) Physical violence (%),,,,,,,,Apprenticeship or A/AS level,,,,Undefined,Units,Percentage (%),,1.9376133163608649
2016/17,(a) Physical violence (%),,,,,,,,Apprenticeship or A/AS level,,,,Undefined,Units,Percentage (%),,2.4034162022980685
2017/18,(a) Physical violence (%),,,,,,,,Apprenticeship or A/AS level,,,,Undefined,Units,Percentage (%),,2.409912092608572
2018/19,(a) Physical violence (%),,,,,,,,Apprenticeship or A/AS level,,,,Undefined,Units,Percentage (%),,2.6651029239220323
2014/15,(b) Sexual violence (%),,,Men,,,,,Degree or diploma,,,,Undefined,Units,Percentage (%),,0.8769756067715431
2015/16,(b) Sexual violence (%),,,Men,,,,,Degree or diploma,,,,Undefined,Units,Percentage (%),,0.8190917242380287
2016/17,(b) Sexual violence (%),,,Men,,,,,Degree or diploma,,,,Undefined,Units,Percentage (%),,0.6843883632187503
2014/15,(b) Sexual violence (%),,,Women,,,,,Degree or diploma,,,,Undefined,Units,Percentage (%),,2.34731185226552
2015/16,(b) Sexual violence (%),,,Women,,,,,Degree or diploma,,,,Undefined,Units,Percentage (%),,3.285572968627388
2016/17,(b) Sexual violence (%),,,Women,,,,,Degree or diploma,,,,Undefined,Units,Percentage (%),,3.056469354313062
2014/15,(a) Physical violence (%),,,,,,,,Degree or diploma,,,,Undefined,Units,Percentage (%),,2.098140653679858
2015/16,(a) Physical violence (%),,,,,,,,Degree or diploma,,,,Undefined,Units,Percentage (%),,1.9873825378855436
2016/17,(a) Physical violence (%),,,,,,,,Degree or diploma,,,,Undefined,Units,Percentage (%),,1.4168069171489197
2017/18,(a) Physical violence (%),,,,,,,,Degree or diploma,,,,Undefined,Units,Percentage (%),,1.8244344504113172
2018/19,(a) Physical violence (%),,,,,,,,Degree or diploma,,,,Undefined,Units,Percentage (%),,1.528020361563741
2014/15,(b) Sexual violence (%),,,Men,,,,,Other qualification,,,,Undefined,Units,Percentage (%),,0.3520093541526359
2015/16,(b) Sexual violence (%),,,Men,,,,,Other qualification,,,,Undefined,Units,Percentage (%),,0.6414204238310718
2016/17,(b) Sexual violence (%),,,Men,,,,,Other qualification,,,,Undefined,Units,Percentage (%),,2.124872124454749
2014/15,(b) Sexual violence (%),,,Women,,,,,Other qualification,,,,Undefined,Units,Percentage (%),,3.201779603899074
2015/16,(b) Sexual violence (%),,,Women,,,,,Other qualification,,,,Undefined,Units,Percentage (%),,2.0913652831798006
2016/17,(b) Sexual violence (%),,,Women,,,,,Other qualification,,,,Undefined,Units,Percentage (%),,2.429078685789946
2014/15,(a) Physical violence (%),,,,,,,,Other qualification,,,,Undefined,Units,Percentage (%),,0.8865674349977063
2015/16,(a) Physical violence (%),,,,,,,,Other qualification,,,,Undefined,Units,Percentage (%),,1.02087764843964
2016/17,(a) Physical violence (%),,,,,,,,Other qualification,,,,Undefined,Units,Percentage (%),,1.9622366241407052
2017/18,(a) Physical violence (%),,,,,,,,Other qualification,,,,Undefined,Units,Percentage (%),,1.2109316956096776
2018/19,(a) Physical violence (%),,,,,,,,Other qualification,,,,Undefined,Units,Percentage (%),,0.672157332349717
2014/15,(b) Sexual violence (%),,,Men,,,,,,,East,,Undefined,Units,Percentage (%),E12000006,0.4439433037063088
2015/16,(b) Sexual violence (%),,,Men,,,,,,,East,,Undefined,Units,Percentage (%),E12000006,0.7774114713150461
2016/17,(b) Sexual violence (%),,,Men,,,,,,,East,,Undefined,Units,Percentage (%),E12000006,0.9235551846460478
2017/18,(b) Sexual violence (%),,,Men,,,,,,,East,,Undefined,Units,Percentage (%),E12000006,0.5817124790703181
2014/15,(b) Sexual violence (%),,,Women,,,,,,,East,,Undefined,Units,Percentage (%),E12000006,2.8760774478125968
2015/16,(b) Sexual violence (%),,,Women,,,,,,,East,,Undefined,Units,Percentage (%),E12000006,2.9112805940986566
2016/17,(b) Sexual violence (%),,,Women,,,,,,,East,,Undefined,Units,Percentage (%),E12000006,2.518408041538136
2017/18,(b) Sexual violence (%),,,Women,,,,,,,East,,Undefined,Units,Percentage (%),E12000006,2.902843435225998
2018/19,(a) Physical violence (%),,,,,,,,,,East,,Undefined,Units,Percentage (%),E12000006,1.8854990558220108
2017/18,(b) Sexual violence (%),,,,,,,,,,East,,Undefined,Units,Percentage (%),E12000006,1.7694054996673014
2014/15,(b) Sexual violence (%),,,Men,,,,,,,East Midlands,,Undefined,Units,Percentage (%),E12000004,0.6848761090773736
2015/16,(b) Sexual violence (%),,,Men,,,,,,,East Midlands,,Undefined,Units,Percentage (%),E12000004,0.6877256577737173
2016/17,(b) Sexual violence (%),,,Men,,,,,,,East Midlands,,Undefined,Units,Percentage (%),E12000004,0.7184395630267684
2017/18,(b) Sexual violence (%),,,Men,,,,,,,East Midlands,,Undefined,Units,Percentage (%),E12000004,0.858245324864804
2014/15,(b) Sexual violence (%),,,Women,,,,,,,East Midlands,,Undefined,Units,Percentage (%),E12000004,3.7851703774241865
2015/16,(b) Sexual violence (%),,,Women,,,,,,,East Midlands,,Undefined,Units,Percentage (%),E12000004,3.4167819814660945
2016/17,(b) Sexual violence (%),,,Women,,,,,,,East Midlands,,Undefined,Units,Percentage (%),E12000004,2.8148262712533763
2017/18,(b) Sexual violence (%),,,Women,,,,,,,East Midlands,,Undefined,Units,Percentage (%),E12000004,3.5697801935801534
2018/19,(a) Physical violence (%),,,,,,,,,,East Midlands,,Undefined,Units,Percentage (%),E12000004,2.479826862210938
2017/18,(b) Sexual violence (%),,,,,,,,,,East Midlands,,Undefined,Units,Percentage (%),E12000004,2.2839126588869
2014/15,(b) Sexual violence (%),,,Men,,,,,,,London,,Undefined,Units,Percentage (%),E12000007,0.668379009257494
2015/16,(b) Sexual violence (%),,,Men,,,,,,,London,,Undefined,Units,Percentage (%),E12000007,0.8629547530351058
2016/17,(b) Sexual violence (%),,,Men,,,,,,,London,,Undefined,Units,Percentage (%),E12000007,1.059307248927159
2017/18,(b) Sexual violence (%),,,Men,,,,,,,London,,Undefined,Units,Percentage (%),E12000007,2.5121451703987474
2014/15,(b) Sexual violence (%),,,Women,,,,,,,London,,Undefined,Units,Percentage (%),E12000007,2.393151821712589
2015/16,(b) Sexual violence (%),,,Women,,,,,,,London,,Undefined,Units,Percentage (%),E12000007,4.148036948143512
2016/17,(b) Sexual violence (%),,,Women,,,,,,,London,,Undefined,Units,Percentage (%),E12000007,3.4231515132196173
2017/18,(b) Sexual violence (%),,,Women,,,,,,,London,,Undefined,Units,Percentage (%),E12000007,5.183273295070892
2018/19,(a) Physical violence (%),,,,,,,,,,London,,Undefined,Units,Percentage (%),E12000007,1.3592512923717344
2017/18,(b) Sexual violence (%),,,,,,,,,,London,,Undefined,Units,Percentage (%),E12000007,3.831083184177838
2014/15,(b) Sexual violence (%),,,Men,,,,,,,North East,,Undefined,Units,Percentage (%),E12000001,0.7939479961795478
2015/16,(b) Sexual violence (%),,,Men,,,,,,,North East,,Undefined,Units,Percentage (%),E12000001,0.070616564313673
2016/17,(b) Sexual violence (%),,,Men,,,,,,,North East,,Undefined,Units,Percentage (%),E12000001,0.0
2017/18,(b) Sexual violence (%),,,Men,,,,,,,North East,,Undefined,Units,Percentage (%),E12000001,0.9421732060465255
2014/15,(b) Sexual violence (%),,,Women,,,,,,,North East,,Undefined,Units,Percentage (%),E12000001,2.818198314592884
2015/16,(b) Sexual violence (%),,,Women,,,,,,,North East,,Undefined,Units,Percentage (%),E12000001,1.7951156839413904
2016/17,(b) Sexual violence (%),,,Women,,,,,,,North East,,Undefined,Units,Percentage (%),E12000001,5.474557499415625
2017/18,(b) Sexual violence (%),,,Women,,,,,,,North East,,Undefined,Units,Percentage (%),E12000001,1.3671578719305546
2018/19,(a) Physical violence (%),,,,,,,,,,North East,,Undefined,Units,Percentage (%),E12000001,1.3757588873813884
2017/18,(b) Sexual violence (%),,,,,,,,,,North East,,Undefined,Units,Percentage (%),E12000001,1.1613147869549267
2014/15,(b) Sexual violence (%),,,Men,,,,,,,North West,,Undefined,Units,Percentage (%),E12000002,0.5236362707618469
2015/16,(b) Sexual violence (%),,,Men,,,,,,,North West,,Undefined,Units,Percentage (%),E12000002,0.1095341405948398
2016/17,(b) Sexual violence (%),,,Men,,,,,,,North West,,Undefined,Units,Percentage (%),E12000002,0.6156039233210487
2017/18,(b) Sexual violence (%),,,Men,,,,,,,North West,,Undefined,Units,Percentage (%),E12000002,1.1812390486351865
2014/15,(b) Sexual violence (%),,,Women,,,,,,,North West,,Undefined,Units,Percentage (%),E12000002,1.603681774616208
2015/16,(b) Sexual violence (%),,,Women,,,,,,,North West,,Undefined,Units,Percentage (%),E12000002,3.240348470366818
2016/17,(b) Sexual violence (%),,,Women,,,,,,,North West,,Undefined,Units,Percentage (%),E12000002,2.202929705018061
2017/18,(b) Sexual violence (%),,,Women,,,,,,,North West,,Undefined,Units,Percentage (%),E12000002,4.574406093277776
2018/19,(a) Physical violence (%),,,,,,,,,,North West,,Undefined,Units,Percentage (%),E12000002,1.6874042249922303
2017/18,(b) Sexual violence (%),,,,,,,,,,North West,,Undefined,Units,Percentage (%),E12000002,2.8107992535782897
2014/15,(b) Sexual violence (%),,,Men,,,,,,,South East,,Undefined,Units,Percentage (%),E12000008,0.8690829609481817
2015/16,(b) Sexual violence (%),,,Men,,,,,,,South East,,Undefined,Units,Percentage (%),E12000008,0.6525284360815578
2016/17,(b) Sexual violence (%),,,Men,,,,,,,South East,,Undefined,Units,Percentage (%),E12000008,0.6609049254331126
2017/18,(b) Sexual violence (%),,,Men,,,,,,,South East,,Undefined,Units,Percentage (%),E12000008,1.2633401259650603
2014/15,(b) Sexual violence (%),,,Women,,,,,,,South East,,Undefined,Units,Percentage (%),E12000008,3.293988247465342
2015/16,(b) Sexual violence (%),,,Women,,,,,,,South East,,Undefined,Units,Percentage (%),E12000008,2.306262190875796
2016/17,(b) Sexual violence (%),,,Women,,,,,,,South East,,Undefined,Units,Percentage (%),E12000008,3.324525194680052
2017/18,(b) Sexual violence (%),,,Women,,,,,,,South East,,Undefined,Units,Percentage (%),E12000008,4.05977839969003
2018/19,(a) Physical violence (%),,,,,,,,,,South East,,Undefined,Units,Percentage (%),E12000008,1.9420238097405071
2017/18,(b) Sexual violence (%),,,,,,,,,,South East,,Undefined,Units,Percentage (%),E12000008,2.6098113191033865
2014/15,(b) Sexual violence (%),,,Men,,,,,,,South West,,Undefined,Units,Percentage (%),E12000009,1.113879027500323
2015/16,(b) Sexual violence (%),,,Men,,,,,,,South West,,Undefined,Units,Percentage (%),E12000009,0.8303687646386153
2016/17,(b) Sexual violence (%),,,Men,,,,,,,South West,,Undefined,Units,Percentage (%),E12000009,1.174321304933706
2017/18,(b) Sexual violence (%),,,Men,,,,,,,South West,,Undefined,Units,Percentage (%),E12000009,0.4494029091861482
2014/15,(b) Sexual violence (%),,,Women,,,,,,,South West,,Undefined,Units,Percentage (%),E12000009,2.9384917615416977
2015/16,(b) Sexual violence (%),,,Women,,,,,,,South West,,Undefined,Units,Percentage (%),E12000009,4.378179163511174
2016/17,(b) Sexual violence (%),,,Women,,,,,,,South West,,Undefined,Units,Percentage (%),E12000009,3.912180932975781
2017/18,(b) Sexual violence (%),,,Women,,,,,,,South West,,Undefined,Units,Percentage (%),E12000009,3.8516814472479326
2018/19,(a) Physical violence (%),,,,,,,,,,South West,,Undefined,Units,Percentage (%),E12000009,1.3737099066924057
2017/18,(b) Sexual violence (%),,,,,,,,,,South West,,Undefined,Units,Percentage (%),E12000009,2.080582164082976
2014/15,(b) Sexual violence (%),,,Men,,,,,,,Wales,,Undefined,Units,Percentage (%),W92000004,0.6955513705128323
2015/16,(b) Sexual violence (%),,,Men,,,,,,,Wales,,Undefined,Units,Percentage (%),W92000004,0.5044083859956259
2016/17,(b) Sexual violence (%),,,Men,,,,,,,Wales,,Undefined,Units,Percentage (%),W92000004,0.4220215907292268
2017/18,(b) Sexual violence (%),,,Men,,,,,,,Wales,,Undefined,Units,Percentage (%),W92000004,0.4214643015999262
2014/15,(b) Sexual violence (%),,,Women,,,,,,,Wales,,Undefined,Units,Percentage (%),W92000004,1.9611834166080109
2015/16,(b) Sexual violence (%),,,Women,,,,,,,Wales,,Undefined,Units,Percentage (%),W92000004,2.9997534741504785
2016/17,(b) Sexual violence (%),,,Women,,,,,,,Wales,,Undefined,Units,Percentage (%),W92000004,3.3866776831105625
2017/18,(b) Sexual violence (%),,,Women,,,,,,,Wales,,Undefined,Units,Percentage (%),W92000004,5.948426610865006
2018/19,(a) Physical violence (%),,,,,,,,,,Wales,,Undefined,Units,Percentage (%),W92000004,2.150211959842575
2017/18,(b) Sexual violence (%),,,,,,,,,,Wales,,Undefined,Units,Percentage (%),W92000004,3.112342694704126
2014/15,(b) Sexual violence (%),,,Men,,,,,,,West Midlands,,Undefined,Units,Percentage (%),E12000005,0.1414270902954219
2015/16,(b) Sexual violence (%),,,Men,,,,,,,West Midlands,,Undefined,Units,Percentage (%),E12000005,0.951384008405714
2016/17,(b) Sexual violence (%),,,Men,,,,,,,West Midlands,,Undefined,Units,Percentage (%),E12000005,1.3943602393885417
2017/18,(b) Sexual violence (%),,,Men,,,,,,,West Midlands,,Undefined,Units,Percentage (%),E12000005,0.2021511187339586
2014/15,(b) Sexual violence (%),,,Women,,,,,,,West Midlands,,Undefined,Units,Percentage (%),E12000005,2.4466978338874803
2015/16,(b) Sexual violence (%),,,Women,,,,,,,West Midlands,,Undefined,Units,Percentage (%),E12000005,2.24402675278821
2016/17,(b) Sexual violence (%),,,Women,,,,,,,West Midlands,,Undefined,Units,Percentage (%),E12000005,2.765471188927442
2017/18,(b) Sexual violence (%),,,Women,,,,,,,West Midlands,,Undefined,Units,Percentage (%),E12000005,4.543083061354078
2018/19,(a) Physical violence (%),,,,,,,,,,West Midlands,,Undefined,Units,Percentage (%),E12000005,1.7014219081955146
2017/18,(b) Sexual violence (%),,,,,,,,,,West Midlands,,Undefined,Units,Percentage (%),E12000005,2.3983191858702138
2014/15,(b) Sexual violence (%),,,Men,,,,,,,Yorkshire and The Humber,,Undefined,Units,Percentage (%),E12000003,1.1403432435862069
2015/16,(b) Sexual violence (%),,,Men,,,,,,,Yorkshire and The Humber,,Undefined,Units,Percentage (%),E12000003,0.9670573621260288
2016/17,(b) Sexual violence (%),,,Men,,,,,,,Yorkshire and The Humber,,Undefined,Units,Percentage (%),E12000003,0.670202444507012
2017/18,(b) Sexual violence (%),,,Men,,,,,,,Yorkshire and The Humber,,Undefined,Units,Percentage (%),E12000003,2.5715191327094256
2014/15,(b) Sexual violence (%),,,Women,,,,,,,Yorkshire and The Humber,,Undefined,Units,Percentage (%),E12000003,3.1507544256926527
2015/16,(b) Sexual violence (%),,,Women,,,,,,,Yorkshire and The Humber,,Undefined,Units,Percentage (%),E12000003,4.065917839105063
2016/17,(b) Sexual violence (%),,,Women,,,,,,,Yorkshire and The Humber,,Undefined,Units,Percentage (%),E12000003,2.1277345439076787
2017/18,(b) Sexual violence (%),,,Women,,,,,,,Yorkshire and The Humber,,Undefined,Units,Percentage (%),E12000003,4.974769114251799
2018/19,(a) Physical violence (%),,,,,,,,,,Yorkshire and The Humber,,Undefined,Units,Percentage (%),E12000003,1.5384212346489412
2017/18,(b) Sexual violence (%),,,,,,,,,,Yorkshire and The Humber,,Undefined,Units,Percentage (%),E12000003,3.82227560696937
2014/15,(a) Physical violence (%),,,,,,,,,,,Rural,Undefined,Units,Percentage (%),,1.3178899894079583
2015/16,(a) Physical violence (%),,,,,,,,,,,Rural,Undefined,Units,Percentage (%),,1.340199977319696
2016/17,(a) Physical violence (%),,,,,,,,,,,Rural,Undefined,Units,Percentage (%),,1.2240891974918826
2017/18,(a) Physical violence (%),,,,,,,,,,,Rural,Undefined,Units,Percentage (%),,1.3600245778952975
2018/19,(a) Physical violence (%),,,,,,,,,,,Rural,Undefined,Units,Percentage (%),,1.813286494375064
2014/15,(a) Physical violence (%),,,,,,,,,,,Urban,Undefined,Units,Percentage (%),,1.922525986148744
2015/16,(a) Physical violence (%),,,,,,,,,,,Urban,Undefined,Units,Percentage (%),,1.903662388696389
2016/17,(a) Physical violence (%),,,,,,,,,,,Urban,Undefined,Units,Percentage (%),,1.7623084320057525
2017/18,(a) Physical violence (%),,,,,,,,,,,Urban,Undefined,Units,Percentage (%),,1.8426168666078184
2018/19,(a) Physical violence (%),,,,,,,,,,,Urban,Undefined,Units,Percentage (%),,1.3822222997249118
2004/05,(b) Sexual violence (%),Indecent exposure or unwanted sexual touching,,Men,,,,,,,,,Undefined,Units,Percentage (%),,1.164250799331341
2005/06,(b) Sexual violence (%),Indecent exposure or unwanted sexual touching,,Men,,,,,,,,,Undefined,Units,Percentage (%),,1.0515830206046854
2006/07,(b) Sexual violence (%),Indecent exposure or unwanted sexual touching,,Men,,,,,,,,,Undefined,Units,Percentage (%),,1.2179705540777277
2007/08,(b) Sexual violence (%),Indecent exposure or unwanted sexual touching,,Men,,,,,,,,,Undefined,Units,Percentage (%),,0.7407243398470063
2008/09,(b) Sexual violence (%),Indecent exposure or unwanted sexual touching,,Men,,,,,,,,,Undefined,Units,Percentage (%),,0.6913240502662868
2009/10,(b) Sexual violence (%),Indecent exposure or unwanted sexual touching,,Men,,,,,,,,,Undefined,Units,Percentage (%),,1.02214864516915
2010/11,(b) Sexual violence (%),Indecent exposure or unwanted sexual touching,,Men,,,,,,,,,Undefined,Units,Percentage (%),,0.8525419993938651
2011/12,(b) Sexual violence (%),Indecent exposure or unwanted sexual touching,,Men,,,,,,,,,Undefined,Units,Percentage (%),,0.8019246449108717
2012/13,(b) Sexual violence (%),Indecent exposure or unwanted sexual touching,,Men,,,,,,,,,Undefined,Units,Percentage (%),,0.7889063825956348
2013/14,(b) Sexual violence (%),Indecent exposure or unwanted sexual touching,,Men,,,,,,,,,Undefined,Units,Percentage (%),,0.6741722037520375
2014/15,(b) Sexual violence (%),Indecent exposure or unwanted sexual touching,,Men,,,,,,,,,Undefined,Units,Percentage (%),,0.6232282040002418
2015/16,(b) Sexual violence (%),Indecent exposure or unwanted sexual touching,,Men,,,,,,,,,Undefined,Units,Percentage (%),,0.5897704524117864
2016/17,(b) Sexual violence (%),Indecent exposure or unwanted sexual touching,,Men,,,,,,,,,Undefined,Units,Percentage (%),,0.8018492776244551
2017/18,(b) Sexual violence (%),Indecent exposure or unwanted sexual touching,,Men,,,,,,,,,Undefined,Units,Percentage (%),,1.1853964199235367
2018/19,(b) Sexual violence (%),Indecent exposure or unwanted sexual touching,,Men,,,,,,,,,Undefined,Units,Percentage (%),,1.1064151964944418
2004/05,(b) Sexual violence (%),Sexual assault by rape or penetration including attempts,,Men,,,,,,,,,Undefined,Units,Percentage (%),,0.1589455802083428
2005/06,(b) Sexual violence (%),Sexual assault by rape or penetration including attempts,,Men,,,,,,,,,Undefined,Units,Percentage (%),,0.0993891156905553
2006/07,(b) Sexual violence (%),Sexual assault by rape or penetration including attempts,,Men,,,,,,,,,Undefined,Units,Percentage (%),,0.0694295613549877
2007/08,(b) Sexual violence (%),Sexual assault by rape or penetration including attempts,,Men,,,,,,,,,Undefined,Units,Percentage (%),,0.1430923901706371
2008/09,(b) Sexual violence (%),Sexual assault by rape or penetration including attempts,,Men,,,,,,,,,Undefined,Units,Percentage (%),,0.0678992440379676
2009/10,(b) Sexual violence (%),Sexual assault by rape or penetration including attempts,,Men,,,,,,,,,Undefined,Units,Percentage (%),,0.0637874859471662
2010/11,(b) Sexual violence (%),Sexual assault by rape or penetration including attempts,,Men,,,,,,,,,Undefined,Units,Percentage (%),,0.1585462825596821
2011/12,(b) Sexual violence (%),Sexual assault by rape or penetration including attempts,,Men,,,,,,,,,Undefined,Units,Percentage (%),,0.0494422934876326
2012/13,(b) Sexual violence (%),Sexual assault by rape or penetration including attempts,,Men,,,,,,,,,Undefined,Units,Percentage (%),,0.1522025194362431
2013/14,(b) Sexual violence (%),Sexual assault by rape or penetration including attempts,,Men,,,,,,,,,Undefined,Units,Percentage (%),,0.0479900552458237
2014/15,(b) Sexual violence (%),Sexual assault by rape or penetration including attempts,,Men,,,,,,,,,Undefined,Units,Percentage (%),,0.0911250112822853
2015/16,(b) Sexual violence (%),Sexual assault by rape or penetration including attempts,,Men,,,,,,,,,Undefined,Units,Percentage (%),,0.1456296532013117
2016/17,(b) Sexual violence (%),Sexual assault by rape or penetration including attempts,,Men,,,,,,,,,Undefined,Units,Percentage (%),,0.0463375664544054
2017/18,(b) Sexual violence (%),Sexual assault by rape or penetration including attempts,,Men,,,,,,,,,Undefined,Units,Percentage (%),,0.064866728715387
2018/19,(b) Sexual violence (%),Sexual assault by rape or penetration including attempts,,Men,,,,,,,,,Undefined,Units,Percentage (%),,0.2514191239773397
2014/15,(a) Physical violence (%),,,Men,,,,,,,,,Undefined,Units,Percentage (%),,2.3670417915407413
2015/16,(a) Physical violence (%),,,Men,,,,,,,,,Undefined,Units,Percentage (%),,2.2174384589104394
2016/17,(a) Physical violence (%),,,Men,,,,,,,,,Undefined,Units,Percentage (%),,2.0793872596580143
2017/18,(a) Physical violence (%),,,Men,,,,,,,,,Undefined,Units,Percentage (%),,2.327567479331208
2018/19,(a) Physical violence (%),,,Men,,,,,,,,,Undefined,Units,Percentage (%),,2.112574314642804
2004/05,(b) Sexual violence (%),,,Men,,,,,,,,,Undefined,Units,Percentage (%),,1.0009367068088355
2005/06,(b) Sexual violence (%),,,Men,,,,,,,,,Undefined,Units,Percentage (%),,0.8842268844997929
2006/07,(b) Sexual violence (%),,,Men,,,,,,,,,Undefined,Units,Percentage (%),,0.9828635832148004
2007/08,(b) Sexual violence (%),,,Men,,,,,,,,,Undefined,Units,Percentage (%),,0.6160269092383392
2008/09,(b) Sexual violence (%),,,Men,,,,,,,,,Undefined,Units,Percentage (%),,0.5386527904298588
2009/10,(b) Sexual violence (%),,,Men,,,,,,,,,Undefined,Units,Percentage (%),,0.8136607605785038
2010/11,(b) Sexual violence (%),,,Men,,,,,,,,,Undefined,Units,Percentage (%),,0.8034045496075883
2011/12,(b) Sexual violence (%),,,Men,,,,,,,,,Undefined,Units,Percentage (%),,0.6014162745795115
2012/13,(b) Sexual violence (%),,,Men,,,,,,,,,Undefined,Units,Percentage (%),,0.8108050322408671
2013/14,(b) Sexual violence (%),,,Men,,,,,,,,,Undefined,Units,Percentage (%),,0.7123531947264906
2014/15,(b) Sexual violence (%),,,Men,,,,,,,,,Undefined,Units,Percentage (%),,0.6943884676421456
2015/16,(b) Sexual violence (%),,,Men,,,,,,,,,Undefined,Units,Percentage (%),,0.6795844867985218
2016/17,(b) Sexual violence (%),,,Men,,,,,,,,,Undefined,Units,Percentage (%),,0.8358180258744489
2017/18,(b) Sexual violence (%),,,Men,,,,,,,,,Undefined,Units,Percentage (%),,1.2291580591867912
2018/19,(b) Sexual violence (%),,,Men,,,,,,,,,Undefined,Units,Percentage (%),,1.227706387569872
2014/15,(b) Sexual violence (%),,16 to 19,Men,,,,,,,,,Undefined,Units,Percentage (%),,1.4379062127722069
2014/15,(b) Sexual violence (%),,20 to 24,Men,,,,,,,,,Undefined,Units,Percentage (%),,2.174970109126843
2014/15,(b) Sexual violence (%),,25 to 34,Men,,,,,,,,,Undefined,Units,Percentage (%),,0.6929862729505183
2014/15,(b) Sexual violence (%),,35 to 44,Men,,,,,,,,,Undefined,Units,Percentage (%),,0.545277948977815
2014/15,(b) Sexual violence (%),,45 to 54,Men,,,,,,,,,Undefined,Units,Percentage (%),,0.1293185712975088
2014/15,(b) Sexual violence (%),,55 to 59,Men,,,,,,,,,Undefined,Units,Percentage (%),,0.101041343388446
2014/15,(b) Sexual violence (%),,,Men,,,White,,,,,,Undefined,Units,Percentage (%),,0.6269427692952273
2014/15,(b) Sexual violence (%),,,Men,,,Mixed/Multiple ethnic groups,,,,,,Undefined,Units,Percentage (%),,5.641287169215882
2014/15,(b) Sexual violence (%),,,Men,,,Asian/Asian British,,,,,,Undefined,Units,Percentage (%),,0.6014021259362842
2014/15,(b) Sexual violence (%),,,Men,,,Black/African/Caribbean/Black British,,,,,,Undefined,Units,Percentage (%),,0.6014021259362842
2014/15,(b) Sexual violence (%),,,Men,,,Other ethnic group,,,,,,Undefined,Units,Percentage (%),,0.0
2014/15,(b) Sexual violence (%),,,Men,,,,,,"Less than £10,000",,,Undefined,Units,Percentage (%),,0.5667328087591713
2014/15,(b) Sexual violence (%),,,Men,,,,,,"£10,000 to less than £20,000",,,Undefined,Units,Percentage (%),,1.5212242495114987
2014/15,(b) Sexual violence (%),,,Men,,,,,,"£20,000 to less than £30,000",,,Undefined,Units,Percentage (%),,0.3703626651406731
2014/15,(b) Sexual violence (%),,,Men,,,,,,"£30,000 to less than £40,000",,,Undefined,Units,Percentage (%),,0.5965558545737247
2014/15,(b) Sexual violence (%),,,Men,,,,,,"£40,000 to less than £50,000",,,Undefined,Units,Percentage (%),,0.4736982421639852
2014/15,(b) Sexual violence (%),,,Men,,,,,,"£50,000 or more",,,Undefined,Units,Percentage (%),,0.5861820916644019
2014/15,(b) Sexual violence (%),,,Men,,,,,,No income stated or not enough information provided,,,Undefined,Units,Percentage (%),,0.8987593497869275
2015/16,(b) Sexual violence (%),,16 to 19,Men,,,,,,,,,Undefined,Units,Percentage (%),,2.4793120981177896
2015/16,(b) Sexual violence (%),,20 to 24,Men,,,,,,,,,Undefined,Units,Percentage (%),,1.6367459853058142
2015/16,(b) Sexual violence (%),,25 to 34,Men,,,,,,,,,Undefined,Units,Percentage (%),,0.7892554460601695
2015/16,(b) Sexual violence (%),,35 to 44,Men,,,,,,,,,Undefined,Units,Percentage (%),,0.2378841316823137
2015/16,(b) Sexual violence (%),,45 to 54,Men,,,,,,,,,Undefined,Units,Percentage (%),,0.0469687453983437
2015/16,(b) Sexual violence (%),,55 to 59,Men,,,,,,,,,Undefined,Units,Percentage (%),,0.330263787275513
2015/16,(b) Sexual violence (%),,,Men,,,White,,,,,,Undefined,Units,Percentage (%),,0.6807606523121937
2015/16,(b) Sexual violence (%),,,Men,,,Mixed/Multiple ethnic groups,,,,,,Undefined,Units,Percentage (%),,0.0
2015/16,(b) Sexual violence (%),,,Men,,,Asian/Asian British,,,,,,Undefined,Units,Percentage (%),,0.2546924551485232
2015/16,(b) Sexual violence (%),,,Men,,,Black/African/Caribbean/Black British,,,,,,Undefined,Units,Percentage (%),,0.6823190680716334
2015/16,(b) Sexual violence (%),,,Men,,,Other ethnic group,,,,,,Undefined,Units,Percentage (%),,0.9912360792879852
2015/16,(b) Sexual violence (%),,,Men,,,,,,"Less than £10,000",,,Undefined,Units,Percentage (%),,0.6327360499045759
2015/16,(b) Sexual violence (%),,,Men,,,,,,"£10,000 to less than £20,000",,,Undefined,Units,Percentage (%),,0.6720092839010389
2015/16,(b) Sexual violence (%),,,Men,,,,,,"£20,000 to less than £30,000",,,Undefined,Units,Percentage (%),,0.4530906941991041
2015/16,(b) Sexual violence (%),,,Men,,,,,,"£30,000 to less than £40,000",,,Undefined,Units,Percentage (%),,0.1229929553006592
2015/16,(b) Sexual violence (%),,,Men,,,,,,"£40,000 to less than £50,000",,,Undefined,Units,Percentage (%),,0.6213405495122029
2015/16,(b) Sexual violence (%),,,Men,,,,,,"£50,000 or more",,,Undefined,Units,Percentage (%),,0.9014370862448058
2015/16,(b) Sexual violence (%),,,Men,,,,,,No income stated or not enough information provided,,,Undefined,Units,Percentage (%),,0.9230934801141758
2016/17,(b) Sexual violence (%),,16 to 19,Men,,,,,,,,,Undefined,Units,Percentage (%),,3.037513840087863
2016/17,(b) Sexual violence (%),,20 to 24,Men,,,,,,,,,Undefined,Units,Percentage (%),,1.6698468331481469
2016/17,(b) Sexual violence (%),,25 to 34,Men,,,,,,,,,Undefined,Units,Percentage (%),,1.086339023937119
2016/17,(b) Sexual violence (%),,35 to 44,Men,,,,,,,,,Undefined,Units,Percentage (%),,0.3927814493915459
2016/17,(b) Sexual violence (%),,45 to 54,Men,,,,,,,,,Undefined,Units,Percentage (%),,0.1767922395477045
2016/17,(b) Sexual violence (%),,55 to 59,Men,,,,,,,,,Undefined,Units,Percentage (%),,0.0821776730407048
2016/17,(b) Sexual violence (%),,,Men,,,White,,,,,,Undefined,Units,Percentage (%),,0.869568150261142
2016/17,(b) Sexual violence (%),,,Men,,,Mixed/Multiple ethnic groups,,,,,,Undefined,Units,Percentage (%),,1.4081019499540797
2016/17,(b) Sexual violence (%),,,Men,,,Asian/Asian British,,,,,,Undefined,Units,Percentage (%),,0.5338721342956249
2016/17,(b) Sexual violence (%),,,Men,,,Black/African/Caribbean/Black British,,,,,,Undefined,Units,Percentage (%),,0.0
2016/17,(b) Sexual violence (%),,,Men,,,Other ethnic group,,,,,,Undefined,Units,Percentage (%),,2.149023310280073
2016/17,(b) Sexual violence (%),,,Men,,,,,,"Less than £10,000",,,Undefined,Units,Percentage (%),,1.673311396857077
2016/17,(b) Sexual violence (%),,,Men,,,,,,"£10,000 to less than £20,000",,,Undefined,Units,Percentage (%),,0.5752668265214363
2016/17,(b) Sexual violence (%),,,Men,,,,,,"£20,000 to less than £30,000",,,Undefined,Units,Percentage (%),,1.0538644379888529
2016/17,(b) Sexual violence (%),,,Men,,,,,,"£30,000 to less than £40,000",,,Undefined,Units,Percentage (%),,1.021424973013327
2016/17,(b) Sexual violence (%),,,Men,,,,,,"£40,000 to less than £50,000",,,Undefined,Units,Percentage (%),,0.2496036815796725
2016/17,(b) Sexual violence (%),,,Men,,,,,,"£50,000 or more",,,Undefined,Units,Percentage (%),,0.7500876165172664
2016/17,(b) Sexual violence (%),,,Men,,,,,,No income stated or not enough information provided,,,Undefined,Units,Percentage (%),,1.0281293287860265
2017/18,(b) Sexual violence (%),,,Men,,Non-disabled (GSS harmonised),,,,,,,Undefined,Units,Percentage (%),,1.2481823125366311
2017/18,(b) Sexual violence (%),,16 to 19,Men,,,,,,,,,Undefined,Units,Percentage (%),,2.245941937517596
2017/18,(b) Sexual violence (%),,20 to 24,Men,,,,,,,,,Undefined,Units,Percentage (%),,3.601372130869871
2017/18,(b) Sexual violence (%),,25 to 34,Men,,,,,,,,,Undefined,Units,Percentage (%),,2.108742018303272
2017/18,(b) Sexual violence (%),,35 to 44,Men,,,,,,,,,Undefined,Units,Percentage (%),,0.2235664041816051
2017/18,(b) Sexual violence (%),,45 to 54,Men,,,,,,,,,Undefined,Units,Percentage (%),,0.2360084130019014
2017/18,(b) Sexual violence (%),,55 to 59,Men,,,,,,,,,Undefined,Units,Percentage (%),,0.1018061230322268
2017/18,(b) Sexual violence (%),,,Men,,,White,,,,,,Undefined,Units,Percentage (%),,1.324175324924535
2017/18,(b) Sexual violence (%),,,Men,,,Mixed/Multiple ethnic groups,,,,,,Undefined,Units,Percentage (%),,0.0
2017/18,(b) Sexual violence (%),,,Men,,,Asian/Asian British,,,,,,Undefined,Units,Percentage (%),,0.4695358374976379
2017/18,(b) Sexual violence (%),,,Men,,,Black/African/Caribbean/Black British,,,,,,Undefined,Units,Percentage (%),,1.8531151627050295
2017/18,(b) Sexual violence (%),,,Men,,,Other ethnic group,,,,,,Undefined,Units,Percentage (%),,0.9079543084743068
2017/18,(b) Sexual violence (%),,,Men,Born in UK,,,,,,,,Undefined,Units,Percentage (%),,1.3469476959002828
2017/18,(b) Sexual violence (%),,,Men,Not born in UK,,,,,,,,Undefined,Units,Percentage (%),,0.7115006037396979
2017/18,(b) Sexual violence (%),,,Men,,,,,,"Less than £10,000",,,Undefined,Units,Percentage (%),,0.3994117423214395
2017/18,(b) Sexual violence (%),,,Men,,,,,,"£10,000 to less than £20,000",,,Undefined,Units,Percentage (%),,2.0076881553594896
2017/18,(b) Sexual violence (%),,,Men,,,,,,"£20,000 to less than £30,000",,,Undefined,Units,Percentage (%),,0.3887362400328303
2017/18,(b) Sexual violence (%),,,Men,,,,,,"£30,000 to less than £40,000",,,Undefined,Units,Percentage (%),,0.5761641178816722
2017/18,(b) Sexual violence (%),,,Men,,,,,,"£40,000 to less than £50,000",,,Undefined,Units,Percentage (%),,0.5607435164969016
2017/18,(b) Sexual violence (%),,,Men,,,,,,"£50,000 or more",,,Undefined,Units,Percentage (%),,1.7335201638039837
2017/18,(b) Sexual violence (%),,,Men,,,,,,No income stated or not enough information provided,,,Undefined,Units,Percentage (%),,1.4382884889069818
2017/18,(b) Sexual violence (%),,,Men,,Disabled (GSS harmonised),,,,,,,Undefined,Units,Percentage (%),,1.1019194868351694
2004/05,(b) Sexual violence (%),Indecent exposure or unwanted sexual touching,,Women,,,,,,,,,Undefined,Units,Percentage (%),,3.431964537862358
2005/06,(b) Sexual violence (%),Indecent exposure or unwanted sexual touching,,Women,,,,,,,,,Undefined,Units,Percentage (%),,3.888849778472944
2006/07,(b) Sexual violence (%),Indecent exposure or unwanted sexual touching,,Women,,,,,,,,,Undefined,Units,Percentage (%),,3.9678185619389694
2007/08,(b) Sexual violence (%),Indecent exposure or unwanted sexual touching,,Women,,,,,,,,,Undefined,Units,Percentage (%),,3.542807610868581
2008/09,(b) Sexual violence (%),Indecent exposure or unwanted sexual touching,,Women,,,,,,,,,Undefined,Units,Percentage (%),,2.9796500560357337
2009/10,(b) Sexual violence (%),Indecent exposure or unwanted sexual touching,,Women,,,,,,,,,Undefined,Units,Percentage (%),,2.750517656315929
2010/11,(b) Sexual violence (%),Indecent exposure or unwanted sexual touching,,Women,,,,,,,,,Undefined,Units,Percentage (%),,2.9241257833519048
2011/12,(b) Sexual violence (%),Indecent exposure or unwanted sexual touching,,Women,,,,,,,,,Undefined,Units,Percentage (%),,3.3450652048261045
2012/13,(b) Sexual violence (%),Indecent exposure or unwanted sexual touching,,Women,,,,,,,,,Undefined,Units,Percentage (%),,2.3453355670110603
2013/14,(b) Sexual violence (%),Indecent exposure or unwanted sexual touching,,Women,,,,,,,,,Undefined,Units,Percentage (%),,1.813297347583786
2014/15,(b) Sexual violence (%),Indecent exposure or unwanted sexual touching,,Women,,,,,,,,,Undefined,Units,Percentage (%),,2.3701036303484897
2015/16,(b) Sexual violence (%),Indecent exposure or unwanted sexual touching,,Women,,,,,,,,,Undefined,Units,Percentage (%),,2.8245726902570256
2016/17,(b) Sexual violence (%),Indecent exposure or unwanted sexual touching,,Women,,,,,,,,,Undefined,Units,Percentage (%),,2.673493973298345
2017/18,(b) Sexual violence (%),Indecent exposure or unwanted sexual touching,,Women,,,,,,,,,Undefined,Units,Percentage (%),,3.836737919901081
2018/19,(b) Sexual violence (%),Indecent exposure or unwanted sexual touching,,Women,,,,,,,,,Undefined,Units,Percentage (%),,3.7979494275361247
2004/05,(b) Sexual violence (%),Sexual assault by rape or penetration including attempts,,Women,,,,,,,,,Undefined,Units,Percentage (%),,0.9979313230739773
2005/06,(b) Sexual violence (%),Sexual assault by rape or penetration including attempts,,Women,,,,,,,,,Undefined,Units,Percentage (%),,1.3477414285363811
2006/07,(b) Sexual violence (%),Sexual assault by rape or penetration including attempts,,Women,,,,,,,,,Undefined,Units,Percentage (%),,1.1517852929934107
2007/08,(b) Sexual violence (%),Sexual assault by rape or penetration including attempts,,Women,,,,,,,,,Undefined,Units,Percentage (%),,1.2331254842177914
2008/09,(b) Sexual violence (%),Sexual assault by rape or penetration including attempts,,Women,,,,,,,,,Undefined,Units,Percentage (%),,1.007747798905497
2009/10,(b) Sexual violence (%),Sexual assault by rape or penetration including attempts,,Women,,,,,,,,,Undefined,Units,Percentage (%),,0.8492419520932815
2010/11,(b) Sexual violence (%),Sexual assault by rape or penetration including attempts,,Women,,,,,,,,,Undefined,Units,Percentage (%),,1.2196259008454762
2011/12,(b) Sexual violence (%),Sexual assault by rape or penetration including attempts,,Women,,,,,,,,,Undefined,Units,Percentage (%),,1.2725244952606696
2012/13,(b) Sexual violence (%),Sexual assault by rape or penetration including attempts,,Women,,,,,,,,,Undefined,Units,Percentage (%),,0.99524676159148
2013/14,(b) Sexual violence (%),Sexual assault by rape or penetration including attempts,,Women,,,,,,,,,Undefined,Units,Percentage (%),,0.7052737039066505
2014/15,(b) Sexual violence (%),Sexual assault by rape or penetration including attempts,,Women,,,,,,,,,Undefined,Units,Percentage (%),,0.6775351702560678
2015/16,(b) Sexual violence (%),Sexual assault by rape or penetration including attempts,,Women,,,,,,,,,Undefined,Units,Percentage (%),,0.7159421917137501
2016/17,(b) Sexual violence (%),Sexual assault by rape or penetration including attempts,,Women,,,,,,,,,Undefined,Units,Percentage (%),,0.868450676632067
2017/18,(b) Sexual violence (%),Sexual assault by rape or penetration including attempts,,Women,,,,,,,,,Undefined,Units,Percentage (%),,0.8990640952356702
2018/19,(b) Sexual violence (%),Sexual assault by rape or penetration including attempts,,Women,,,,,,,,,Undefined,Units,Percentage (%),,1.0922968773285648
2014/15,(a) Physical violence (%),,,Women,,,,,,,,,Undefined,Units,Percentage (%),,1.273439522203381
2015/16,(a) Physical violence (%),,,Women,,,,,,,,,Undefined,Units,Percentage (%),,1.3947515471493714
2016/17,(a) Physical violence (%),,,Women,,,,,,,,,Undefined,Units,Percentage (%),,1.270309291011838
2017/18,(a) Physical violence (%),,,Women,,,,,,,,,Undefined,Units,Percentage (%),,1.1952467350826903
2018/19,(a) Physical violence (%),,,Women,,,,,,,,,Undefined,Units,Percentage (%),,1.363942813617682
2004/05,(b) Sexual violence (%),,,Women,,,,,,,,,Undefined,Units,Percentage (%),,4.190962312249793
2005/06,(b) Sexual violence (%),,,Women,,,,,,,,,Undefined,Units,Percentage (%),,5.017764240346177
2006/07,(b) Sexual violence (%),,,Women,,,,,,,,,Undefined,Units,Percentage (%),,4.793795178683848
2007/08,(b) Sexual violence (%),,,Women,,,,,,,,,Undefined,Units,Percentage (%),,4.455497883566788
2008/09,(b) Sexual violence (%),,,Women,,,,,,,,,Undefined,Units,Percentage (%),,3.7315378054756447
2009/10,(b) Sexual violence (%),,,Women,,,,,,,,,Undefined,Units,Percentage (%),,3.354598173991444
2010/11,(b) Sexual violence (%),,,Women,,,,,,,,,Undefined,Units,Percentage (%),,3.819980968213631
2011/12,(b) Sexual violence (%),,,Women,,,,,,,,,Undefined,Units,Percentage (%),,4.189778666523314
2012/13,(b) Sexual violence (%),,,Women,,,,,,,,,Undefined,Units,Percentage (%),,3.018017242970581
2013/14,(b) Sexual violence (%),,,Women,,,,,,,,,Undefined,Units,Percentage (%),,2.229990723518826
2014/15,(b) Sexual violence (%),,,Women,,,,,,,,,Undefined,Units,Percentage (%),,2.70676542756478
2015/16,(b) Sexual violence (%),,,Women,,,,,,,,,Undefined,Units,Percentage (%),,3.229865030839238
2016/17,(b) Sexual violence (%),,,Women,,,,,,,,,Undefined,Units,Percentage (%),,3.079419028781737
2017/18,(b) Sexual violence (%),,,Women,,,,,,,,,Undefined,Units,Percentage (%),,4.222980180484625
2018/19,(b) Sexual violence (%),,,Women,,,,,,,,,Undefined,Units,Percentage (%),,4.451151543154411
2014/15,(b) Sexual violence (%),,16 to 19,Women,,,,,,,,,Undefined,Units,Percentage (%),,8.983293804181884
2014/15,(b) Sexual violence (%),,20 to 24,Women,,,,,,,,,Undefined,Units,Percentage (%),,5.779305665241698
2014/15,(b) Sexual violence (%),,25 to 34,Women,,,,,,,,,Undefined,Units,Percentage (%),,2.205729507657993
2014/15,(b) Sexual violence (%),,35 to 44,Women,,,,,,,,,Undefined,Units,Percentage (%),,1.5635060523258848
2014/15,(b) Sexual violence (%),,45 to 54,Women,,,,,,,,,Undefined,Units,Percentage (%),,1.712227431045608
2014/15,(b) Sexual violence (%),,55 to 59,Women,,,,,,,,,Undefined,Units,Percentage (%),,0.6247394583082226
2014/15,(b) Sexual violence (%),,,Women,,,White,,,,,,Undefined,Units,Percentage (%),,2.827134758436308
2014/15,(b) Sexual violence (%),,,Women,,,Mixed/Multiple ethnic groups,,,,,,Undefined,Units,Percentage (%),,9.275207736429364
2014/15,(b) Sexual violence (%),,,Women,,,Asian/Asian British,,,,,,Undefined,Units,Percentage (%),,0.7753636411680028
2014/15,(b) Sexual violence (%),,,Women,,,Black/African/Caribbean/Black British,,,,,,Undefined,Units,Percentage (%),,1.6903835714567657
2014/15,(b) Sexual violence (%),,,Women,,,Other ethnic group,,,,,,Undefined,Units,Percentage (%),,0.0
2014/15,(b) Sexual violence (%),,,Women,,,,,,"Less than £10,000",,,Undefined,Units,Percentage (%),,4.059774413682447
2014/15,(b) Sexual violence (%),,,Women,,,,,,"£10,000 to less than £20,000",,,Undefined,Units,Percentage (%),,2.2486302345207028
2014/15,(b) Sexual violence (%),,,Women,,,,,,"£20,000 to less than £30,000",,,Undefined,Units,Percentage (%),,2.688434069133513
2014/15,(b) Sexual violence (%),,,Women,,,,,,"£30,000 to less than £40,000",,,Undefined,Units,Percentage (%),,1.4838827687963194
2014/15,(b) Sexual violence (%),,,Women,,,,,,"£40,000 to less than £50,000",,,Undefined,Units,Percentage (%),,2.1072079237225343
2014/15,(b) Sexual violence (%),,,Women,,,,,,"£50,000 or more",,,Undefined,Units,Percentage (%),,1.7340600329253109
2014/15,(b) Sexual violence (%),,,Women,,,,,,No income stated or not enough information provided,,,Undefined,Units,Percentage (%),,5.044237084643429
2015/16,(b) Sexual violence (%),,16 to 19,Women,,,,,,,,,Undefined,Units,Percentage (%),,11.040013265596984
2015/16,(b) Sexual violence (%),,20 to 24,Women,,,,,,,,,Undefined,Units,Percentage (%),,7.602359596240214
2015/16,(b) Sexual violence (%),,25 to 34,Women,,,,,,,,,Undefined,Units,Percentage (%),,2.8332241529587896
2015/16,(b) Sexual violence (%),,35 to 44,Women,,,,,,,,,Undefined,Units,Percentage (%),,1.6409442005931552
2015/16,(b) Sexual violence (%),,45 to 54,Women,,,,,,,,,Undefined,Units,Percentage (%),,1.6120868910870123
2015/16,(b) Sexual violence (%),,55 to 59,Women,,,,,,,,,Undefined,Units,Percentage (%),,0.8275763519215612
2015/16,(b) Sexual violence (%),,,Women,,,White,,,,,,Undefined,Units,Percentage (%),,3.267243090054147
2015/16,(b) Sexual violence (%),,,Women,,,Mixed/Multiple ethnic groups,,,,,,Undefined,Units,Percentage (%),,2.815727790778118
2015/16,(b) Sexual violence (%),,,Women,,,Asian/Asian British,,,,,,Undefined,Units,Percentage (%),,3.0101681833768774
2015/16,(b) Sexual violence (%),,,Women,,,Black/African/Caribbean/Black British,,,,,,Undefined,Units,Percentage (%),,2.227907809138951
2015/16,(b) Sexual violence (%),,,Women,,,Other ethnic group,,,,,,Undefined,Units,Percentage (%),,7.115344617950457
2015/16,(b) Sexual violence (%),,,Women,,,,,,"Less than £10,000",,,Undefined,Units,Percentage (%),,4.078042564780488
2015/16,(b) Sexual violence (%),,,Women,,,,,,"£10,000 to less than £20,000",,,Undefined,Units,Percentage (%),,3.5314758519884344
2015/16,(b) Sexual violence (%),,,Women,,,,,,"£20,000 to less than £30,000",,,Undefined,Units,Percentage (%),,2.5260355179717178
2015/16,(b) Sexual violence (%),,,Women,,,,,,"£30,000 to less than £40,000",,,Undefined,Units,Percentage (%),,2.8896332023051814
2015/16,(b) Sexual violence (%),,,Women,,,,,,"£40,000 to less than £50,000",,,Undefined,Units,Percentage (%),,2.7995465494896887
2015/16,(b) Sexual violence (%),,,Women,,,,,,"£50,000 or more",,,Undefined,Units,Percentage (%),,2.4124243959663145
2015/16,(b) Sexual violence (%),,,Women,,,,,,No income stated or not enough information provided,,,Undefined,Units,Percentage (%),,4.928566621619482
2016/17,(b) Sexual violence (%),,16 to 19,Women,,,,,,,,,Undefined,Units,Percentage (%),,8.763125514630216
2016/17,(b) Sexual violence (%),,20 to 24,Women,,,,,,,,,Undefined,Units,Percentage (%),,7.202932661119776
2016/17,(b) Sexual violence (%),,25 to 34,Women,,,,,,,,,Undefined,Units,Percentage (%),,3.243103249148439
2016/17,(b) Sexual violence (%),,35 to 44,Women,,,,,,,,,Undefined,Units,Percentage (%),,1.7374043012850489
2016/17,(b) Sexual violence (%),,45 to 54,Women,,,,,,,,,Undefined,Units,Percentage (%),,1.3267000468391372
2016/17,(b) Sexual violence (%),,55 to 59,Women,,,,,,,,,Undefined,Units,Percentage (%),,1.1808262038730466
2016/17,(b) Sexual violence (%),,,Women,,,White,,,,,,Undefined,Units,Percentage (%),,3.097935652784089
2016/17,(b) Sexual violence (%),,,Women,,,Mixed/Multiple ethnic groups,,,,,,Undefined,Units,Percentage (%),,8.62659119414787
2016/17,(b) Sexual violence (%),,,Women,,,Asian/Asian British,,,,,,Undefined,Units,Percentage (%),,1.4711986131992654
2016/17,(b) Sexual violence (%),,,Women,,,Black/African/Caribbean/Black British,,,,,,Undefined,Units,Percentage (%),,3.777394925781948
2016/17,(b) Sexual violence (%),,,Women,,,Other ethnic group,,,,,,Undefined,Units,Percentage (%),,3.3187627724955417
2016/17,(b) Sexual violence (%),,,Women,,,,,,"Less than £10,000",,,Undefined,Units,Percentage (%),,2.7808374133122804
2016/17,(b) Sexual violence (%),,,Women,,,,,,"£10,000 to less than £20,000",,,Undefined,Units,Percentage (%),,2.6529838999248208
2016/17,(b) Sexual violence (%),,,Women,,,,,,"£20,000 to less than £30,000",,,Undefined,Units,Percentage (%),,3.276899678516392
2016/17,(b) Sexual violence (%),,,Women,,,,,,"£30,000 to less than £40,000",,,Undefined,Units,Percentage (%),,2.3270991563346084
2016/17,(b) Sexual violence (%),,,Women,,,,,,"£40,000 to less than £50,000",,,Undefined,Units,Percentage (%),,2.559636817653625
2016/17,(b) Sexual violence (%),,,Women,,,,,,"£50,000 or more",,,Undefined,Units,Percentage (%),,2.858468751536928
2016/17,(b) Sexual violence (%),,,Women,,,,,,No income stated or not enough information provided,,,Undefined,Units,Percentage (%),,4.564791238639083
2017/18,(b) Sexual violence (%),,,Women,,Non-disabled (GSS harmonised),,,,,,,Undefined,Units,Percentage (%),,3.738088678588381
2017/18,(b) Sexual violence (%),,16 to 19,Women,,,,,,,,,Undefined,Units,Percentage (%),,15.836387978548029
2017/18,(b) Sexual violence (%),,20 to 24,Women,,,,,,,,,Undefined,Units,Percentage (%),,11.069502984090231
2017/18,(b) Sexual violence (%),,25 to 34,Women,,,,,,,,,Undefined,Units,Percentage (%),,3.120221500191182
2017/18,(b) Sexual violence (%),,35 to 44,Women,,,,,,,,,Undefined,Units,Percentage (%),,1.7208738681523397
2017/18,(b) Sexual violence (%),,45 to 54,Women,,,,,,,,,Undefined,Units,Percentage (%),,2.061959230541346
2017/18,(b) Sexual violence (%),,55 to 59,Women,,,,,,,,,Undefined,Units,Percentage (%),,2.644671706381268
2017/18,(b) Sexual violence (%),,,Women,,,White,,,,,,Undefined,Units,Percentage (%),,4.012167298867681
2017/18,(b) Sexual violence (%),,,Women,,,Mixed/Multiple ethnic groups,,,,,,Undefined,Units,Percentage (%),,6.689759389901372
2017/18,(b) Sexual violence (%),,,Women,,,Asian/Asian British,,,,,,Undefined,Units,Percentage (%),,3.555798257816885
2017/18,(b) Sexual violence (%),,,Women,,,Black/African/Caribbean/Black British,,,,,,Undefined,Units,Percentage (%),,9.036766606552378
2017/18,(b) Sexual violence (%),,,Women,,,Other ethnic group,,,,,,Undefined,Units,Percentage (%),,0.9567551625352866
2017/18,(b) Sexual violence (%),,,Women,,Disabled (GSS harmonised),,,,,,,Undefined,Units,Percentage (%),,7.531295764633005
2017/18,(b) Sexual violence (%),,,Women,Born in UK,,,,,,,,Undefined,Units,Percentage (%),,4.378363290817413
2017/18,(b) Sexual violence (%),,,Women,Not born in UK,,,,,,,,Undefined,Units,Percentage (%),,3.52011698142036
2017/18,(b) Sexual violence (%),,,Women,,,,,,"Less than £10,000",,,Undefined,Units,Percentage (%),,7.495258286417171
2017/18,(b) Sexual violence (%),,,Women,,,,,,"£10,000 to less than £20,000",,,Undefined,Units,Percentage (%),,5.718692360376775
2017/18,(b) Sexual violence (%),,,Women,,,,,,"£20,000 to less than £30,000",,,Undefined,Units,Percentage (%),,4.071179023290663
2017/18,(b) Sexual violence (%),,,Women,,,,,,"£30,000 to less than £40,000",,,Undefined,Units,Percentage (%),,3.9338829224098
2017/18,(b) Sexual violence (%),,,Women,,,,,,"£40,000 to less than £50,000",,,Undefined,Units,Percentage (%),,2.943998583458157
2017/18,(b) Sexual violence (%),,,Women,,,,,,"£50,000 or more",,,Undefined,Units,Percentage (%),,3.727421108158493
2017/18,(b) Sexual violence (%),,,Women,,,,,,No income stated or not enough information provided,,,Undefined,Units,Percentage (%),,3.9330873694768775
2014/15,(a) Physical violence (%),Assault with minor injury,,,,,,,,,,,Undefined,Units,Percentage (%),,0.503974030942816
2015/16,(a) Physical violence (%),Assault with minor injury,,,,,,,,,,,Undefined,Units,Percentage (%),,0.434795124199953
2016/17,(a) Physical violence (%),Assault with minor injury,,,,,,,,,,,Undefined,Units,Percentage (%),,0.4002998343320044
2017/18,(a) Physical violence (%),Assault with minor injury,,,,,,,,,,,Undefined,Units,Percentage (%),,0.5422915854859338
2018/19,(a) Physical violence (%),Assault with minor injury,,,,,,,,,,,Undefined,Units,Percentage (%),,0.4246240964749515
2004/05,(b) Sexual violence (%),Indecent exposure or unwanted sexual touching,,,,,,,,,,,Undefined,Units,Percentage (%),,2.3037422586292795
2005/06,(b) Sexual violence (%),Indecent exposure or unwanted sexual touching,,,,,,,,,,,Undefined,Units,Percentage (%),,2.518203361812256
2006/07,(b) Sexual violence (%),Indecent exposure or unwanted sexual touching,,,,,,,,,,,Undefined,Units,Percentage (%),,2.615723951008618
2007/08,(b) Sexual violence (%),Indecent exposure or unwanted sexual touching,,,,,,,,,,,Undefined,Units,Percentage (%),,2.220040955473805
2008/09,(b) Sexual violence (%),Indecent exposure or unwanted sexual touching,,,,,,,,,,,Undefined,Units,Percentage (%),,1.887869890969026
2009/10,(b) Sexual violence (%),Indecent exposure or unwanted sexual touching,,,,,,,,,,,Undefined,Units,Percentage (%),,1.8663253703843976
2010/11,(b) Sexual violence (%),Indecent exposure or unwanted sexual touching,,,,,,,,,,,Undefined,Units,Percentage (%),,1.9124697866567124
2011/12,(b) Sexual violence (%),Indecent exposure or unwanted sexual touching,,,,,,,,,,,Undefined,Units,Percentage (%),,2.1201791277459545
2012/13,(b) Sexual violence (%),Indecent exposure or unwanted sexual touching,,,,,,,,,,,Undefined,Units,Percentage (%),,1.568753275268881
2013/14,(b) Sexual violence (%),Indecent exposure or unwanted sexual touching,,,,,,,,,,,Undefined,Units,Percentage (%),,1.2473063626980463
2014/15,(b) Sexual violence (%),Indecent exposure or unwanted sexual touching,,,,,,,,,,,Undefined,Units,Percentage (%),,1.5052141786840456
2015/16,(b) Sexual violence (%),Indecent exposure or unwanted sexual touching,,,,,,,,,,,Undefined,Units,Percentage (%),,1.715373385729858
2016/17,(b) Sexual violence (%),Indecent exposure or unwanted sexual touching,,,,,,,,,,,Undefined,Units,Percentage (%),,1.738902155951773
2017/18,(b) Sexual violence (%),Indecent exposure or unwanted sexual touching,,,,,,,,,,,Undefined,Units,Percentage (%),,2.50643217921014
2018/19,(b) Sexual violence (%),Indecent exposure or unwanted sexual touching,,,,,,,,,,,Undefined,Units,Percentage (%),,2.4742472714024086
2004/05,(b) Sexual violence (%),Sexual assault by rape or penetration including attempts,,,,,,,,,,,Undefined,Units,Percentage (%),,0.5807690786841865
2005/06,(b) Sexual violence (%),Sexual assault by rape or penetration including attempts,,,,,,,,,,,Undefined,Units,Percentage (%),,0.6947167972427217
2006/07,(b) Sexual violence (%),Sexual assault by rape or penetration including attempts,,,,,,,,,,,Undefined,Units,Percentage (%),,0.5796652578237933
2007/08,(b) Sexual violence (%),Sexual assault by rape or penetration including attempts,,,,,,,,,,,Undefined,Units,Percentage (%),,0.6768291231869491
2008/09,(b) Sexual violence (%),Sexual assault by rape or penetration including attempts,,,,,,,,,,,Undefined,Units,Percentage (%),,0.5136816027453395
2009/10,(b) Sexual violence (%),Sexual assault by rape or penetration including attempts,,,,,,,,,,,Undefined,Units,Percentage (%),,0.436443050631336
2010/11,(b) Sexual violence (%),Sexual assault by rape or penetration including attempts,,,,,,,,,,,Undefined,Units,Percentage (%),,0.6823323944697013
2011/12,(b) Sexual violence (%),Sexual assault by rape or penetration including attempts,,,,,,,,,,,Undefined,Units,Percentage (%),,0.6178146206628041
2012/13,(b) Sexual violence (%),Sexual assault by rape or penetration including attempts,,,,,,,,,,,Undefined,Units,Percentage (%),,0.5732873735485514
2013/14,(b) Sexual violence (%),Sexual assault by rape or penetration including attempts,,,,,,,,,,,Undefined,Units,Percentage (%),,0.3780953427151641
2014/15,(b) Sexual violence (%),Sexual assault by rape or penetration including attempts,,,,,,,,,,,Undefined,Units,Percentage (%),,0.3867421472956802
2015/16,(b) Sexual violence (%),Sexual assault by rape or penetration including attempts,,,,,,,,,,,Undefined,Units,Percentage (%),,0.4320465820105955
2016/17,(b) Sexual violence (%),Sexual assault by rape or penetration including attempts,,,,,,,,,,,Undefined,Units,Percentage (%),,0.4572409331564854
2017/18,(b) Sexual violence (%),Sexual assault by rape or penetration including attempts,,,,,,,,,,,Undefined,Units,Percentage (%),,0.4799220390813798
2018/19,(b) Sexual violence (%),Sexual assault by rape or penetration including attempts,,,,,,,,,,,Undefined,Units,Percentage (%),,0.6778626741249395
2014/15,(a) Physical violence (%),Violence with injury,,,,,,,,,,,Undefined,Units,Percentage (%),,0.9464811036496404
2015/16,(a) Physical violence (%),Violence with injury,,,,,,,,,,,Undefined,Units,Percentage (%),,0.9094217533205358
2016/17,(a) Physical violence (%),Violence with injury,,,,,,,,,,,Undefined,Units,Percentage (%),,0.7987133819513081
2017/18,(a) Physical violence (%),Violence with injury,,,,,,,,,,,Undefined,Units,Percentage (%),,0.9028645285514686
2018/19,(a) Physical violence (%),Violence with injury,,,,,,,,,,,Undefined,Units,Percentage (%),,0.9104723413949348
2014/15,(a) Physical violence (%),Violence without injury,,,,,,,,,,,Undefined,Units,Percentage (%),,0.9155887446433972
2015/16,(a) Physical violence (%),Violence without injury,,,,,,,,,,,Undefined,Units,Percentage (%),,0.9373279920290638
2016/17,(a) Physical violence (%),Violence without injury,,,,,,,,,,,Undefined,Units,Percentage (%),,0.9254598413043446
2017/18,(a) Physical violence (%),Violence without injury,,,,,,,,,,,Undefined,Units,Percentage (%),,0.910245946963292
2018/19,(a) Physical violence (%),Violence without injury,,,,,,,,,,,Undefined,Units,Percentage (%),,0.900687881507085
2014/15,(a) Physical violence (%),Wounding,,,,,,,,,,,Undefined,Units,Percentage (%),,0.4546042998741819
2015/16,(a) Physical violence (%),Wounding,,,,,,,,,,,Undefined,Units,Percentage (%),,0.48836506826774
2016/17,(a) Physical violence (%),Wounding,,,,,,,,,,,Undefined,Units,Percentage (%),,0.4090630886960472
2017/18,(a) Physical violence (%),Wounding,,,,,,,,,,,Undefined,Units,Percentage (%),,0.3812243635055946
2018/19,(a) Physical violence (%),Wounding,,,,,,,,,,,Undefined,Units,Percentage (%),,0.4975265874180136
2014/15,(a) Physical violence (%),,,,,,,,,,,,Undefined,Units,Percentage (%),,1.8080541271021688
2014/15,(a) Physical violence (%),,16 to 24,,,,,,,,,,Undefined,Units,Percentage (%),,4.175894954679529
2014/15,(a) Physical violence (%),,25 to 34,,,,,,,,,,Undefined,Units,Percentage (%),,2.5159128071761647
2014/15,(a) Physical violence (%),,35 to 44,,,,,,,,,,Undefined,Units,Percentage (%),,2.0193851947759325
2014/15,(a) Physical violence (%),,45 to 54,,,,,,,,,,Undefined,Units,Percentage (%),,1.7231589954258064
2014/15,(a) Physical violence (%),,55 to 64,,,,,,,,,,Undefined,Units,Percentage (%),,0.7909257201260474
2014/15,(a) Physical violence (%),,65 to 74,,,,,,,,,,Undefined,Units,Percentage (%),,0.4042600421685891
2014/15,(a) Physical violence (%),,75 and over,,,,,,,,,,Undefined,Units,Percentage (%),,0.1423070334407488
2014/15,(a) Physical violence (%),,,,,,White,,,,,,Undefined,Units,Percentage (%),,1.7858373046945302
2014/15,(a) Physical violence (%),,,,,,White,English/Welsh/Scottish/Northern Irish/British,,,,,Undefined,Units,Percentage (%),,1.8046327357244505
2014/15,(a) Physical violence (%),,,,,,White,Irish,,,,,Undefined,Units,Percentage (%),,1.3359583464756133
2014/15,(a) Physical violence (%),,,,,,White,Gypsy or Irish Traveller,,,,,Undefined,Units,Percentage (%),,
2014/15,(a) Physical violence (%),,,,,,White,Any other White background,,,,,Undefined,Units,Percentage (%),,1.5939166895599364
2014/15,(a) Physical violence (%),,,,,,Mixed/Multiple ethnic groups,,,,,,Undefined,Units,Percentage (%),,5.792957331720819
2014/15,(a) Physical violence (%),,,,,,Mixed/Multiple ethnic groups,White and Black Caribbean,,,,,Undefined,Units,Percentage (%),,7.282570690386362
2014/15,(a) Physical violence (%),,,,,,Mixed/Multiple ethnic groups,White and Black African,,,,,Undefined,Units,Percentage (%),,
2014/15,(a) Physical violence (%),,,,,,Mixed/Multiple ethnic groups,White and Asian,,,,,Undefined,Units,Percentage (%),,9.458545571742636
2014/15,(a) Physical violence (%),,,,,,Mixed/Multiple ethnic groups,Any other Mixed/Multiple ethnic background,,,,,Undefined,Units,Percentage (%),,3.645864440965201
2014/15,(a) Physical violence (%),,,,,,Asian/Asian British,,,,,,Undefined,Units,Percentage (%),,1.234222986442462
2014/15,(a) Physical violence (%),,,,,,Asian/Asian British,Indian,,,,,Undefined,Units,Percentage (%),,0.8782902516433493
2014/15,(a) Physical violence (%),,,,,,Asian/Asian British,Pakistani,,,,,Undefined,Units,Percentage (%),,0.944436962117952
2014/15,(a) Physical violence (%),,,,,,Asian/Asian British,Bangladeshi,,,,,Undefined,Units,Percentage (%),,2.2860497040258934
2014/15,(a) Physical violence (%),,,,,,Asian/Asian British,Chinese,,,,,Undefined,Units,Percentage (%),,1.8845124741563823
2014/15,(a) Physical violence (%),,,,,,Asian/Asian British,Any other Asian background,,,,,Undefined,Units,Percentage (%),,1.6400551794241816
2014/15,(a) Physical violence (%),,,,,,Black/African/Caribbean/Black British,,,,,,Undefined,Units,Percentage (%),,2.449862349834921
2014/15,(a) Physical violence (%),,,,,,Black/African/Caribbean/Black British,African,,,,,Undefined,Units,Percentage (%),,2.7055327656662027
2014/15,(a) Physical violence (%),,,,,,Black/African/Caribbean/Black British,Caribbean,,,,,Undefined,Units,Percentage (%),,0.7027000439685391
2014/15,(a) Physical violence (%),,,,,,Black/African/Caribbean/Black British,Any other Black/African/Caribbean background,,,,,Undefined,Units,Percentage (%),,8.390918258454288
2014/15,(a) Physical violence (%),,,,,,Other ethnic group,,,,,,Undefined,Units,Percentage (%),,1.1543917211091934
2014/15,(a) Physical violence (%),,,,,,Other ethnic group,Arab,,,,,Undefined,Units,Percentage (%),,1.019139299764383
2014/15,(a) Physical violence (%),,,,,,Other ethnic group,Any other ethnic group,,,,,Undefined,Units,Percentage (%),,1.019139299764383
2014/15,(a) Physical violence (%),,,,,,,,,"Less than £10,000",,,Undefined,Units,Percentage (%),,3.2637877774686177
2014/15,(a) Physical violence (%),,,,,,,,,"£10,000 to less than £20,000",,,Undefined,Units,Percentage (%),,1.568418591969888
2014/15,(a) Physical violence (%),,,,,,,,,"£20,000 to less than £30,000",,,Undefined,Units,Percentage (%),,1.767100766222714
2014/15,(a) Physical violence (%),,,,,,,,,"£30,000 to less than £40,000",,,Undefined,Units,Percentage (%),,1.676576372202487
2014/15,(a) Physical violence (%),,,,,,,,,"£40,000 to less than £50,000",,,Undefined,Units,Percentage (%),,1.65964434234532
2014/15,(a) Physical violence (%),,,,,,,,,"£50,000 or more",,,Undefined,Units,Percentage (%),,1.7702847698011888
2014/15,(a) Physical violence (%),,,,,,,,,No income stated or not enough information provided,,,Undefined,Units,Percentage (%),,1.5946304522159391
2015/16,(a) Physical violence (%),,,,,,,,,,,,Undefined,Units,Percentage (%),,1.7969733332441653
2015/16,(a) Physical violence (%),,16 to 24,,,,,,,,,,Undefined,Units,Percentage (%),,3.744081680500931
2015/16,(a) Physical violence (%),,25 to 34,,,,,,,,,,Undefined,Units,Percentage (%),,2.4238077986345368
2015/16,(a) Physical violence (%),,35 to 44,,,,,,,,,,Undefined,Units,Percentage (%),,1.870449082064096
2015/16,(a) Physical violence (%),,45 to 54,,,,,,,,,,Undefined,Units,Percentage (%),,2.035212195780001
2015/16,(a) Physical violence (%),,55 to 64,,,,,,,,,,Undefined,Units,Percentage (%),,1.1255162490818555
2015/16,(a) Physical violence (%),,65 to 74,,,,,,,,,,Undefined,Units,Percentage (%),,0.4548772857758748
2015/16,(a) Physical violence (%),,75 and over,,,,,,,,,,Undefined,Units,Percentage (%),,0.0658112426903471
2015/16,(a) Physical violence (%),,,,,,White,,,,,,Undefined,Units,Percentage (%),,1.8466528844472123
2015/16,(a) Physical violence (%),,,,,,White,English/Welsh/Scottish/Northern Irish/British,,,,,Undefined,Units,Percentage (%),,1.850759746052323
2015/16,(a) Physical violence (%),,,,,,White,Irish,,,,,Undefined,Units,Percentage (%),,1.8215606046684696
2015/16,(a) Physical violence (%),,,,,,White,Gypsy or Irish Traveller,,,,,Undefined,Units,Percentage (%),,
2015/16,(a) Physical violence (%),,,,,,White,Any other White background,,,,,Undefined,Units,Percentage (%),,1.7466246940784622
2015/16,(a) Physical violence (%),,,,,,Mixed/Multiple ethnic groups,,,,,,Undefined,Units,Percentage (%),,1.3935263668240994
2015/16,(a) Physical violence (%),,,,,,Mixed/Multiple ethnic groups,White and Black Caribbean,,,,,Undefined,Units,Percentage (%),,2.028139073372186
2015/16,(a) Physical violence (%),,,,,,Mixed/Multiple ethnic groups,White and Black African,,,,,Undefined,Units,Percentage (%),,
2015/16,(a) Physical violence (%),,,,,,Mixed/Multiple ethnic groups,White and Asian,,,,,Undefined,Units,Percentage (%),,2.379890328403052
2015/16,(a) Physical violence (%),,,,,,Mixed/Multiple ethnic groups,Any other Mixed/Multiple ethnic background,,,,,Undefined,Units,Percentage (%),,0.0
2015/16,(a) Physical violence (%),,,,,,Asian/Asian British,,,,,,Undefined,Units,Percentage (%),,1.1001187540827748
2015/16,(a) Physical violence (%),,,,,,Asian/Asian British,Indian,,,,,Undefined,Units,Percentage (%),,0.7836073355827883
2015/16,(a) Physical violence (%),,,,,,Asian/Asian British,Pakistani,,,,,Undefined,Units,Percentage (%),,2.353246079050248
2015/16,(a) Physical violence (%),,,,,,Asian/Asian British,Bangladeshi,,,,,Undefined,Units,Percentage (%),,0.2250237967441998
2015/16,(a) Physical violence (%),,,,,,Asian/Asian British,Chinese,,,,,Undefined,Units,Percentage (%),,0.4298786340688291
2015/16,(a) Physical violence (%),,,,,,Asian/Asian British,Any other Asian background,,,,,Undefined,Units,Percentage (%),,0.7401343033773803
2015/16,(a) Physical violence (%),,,,,,Black/African/Caribbean/Black British,,,,,,Undefined,Units,Percentage (%),,2.23541988284578
2015/16,(a) Physical violence (%),,,,,,Black/African/Caribbean/Black British,African,,,,,Undefined,Units,Percentage (%),,0.7056015246379719
2015/16,(a) Physical violence (%),,,,,,Black/African/Caribbean/Black British,Caribbean,,,,,Undefined,Units,Percentage (%),,5.099722433398035
2015/16,(a) Physical violence (%),,,,,,Black/African/Caribbean/Black British,Any other Black/African/Caribbean background,,,,,Undefined,Units,Percentage (%),,3.419834818057776
2015/16,(a) Physical violence (%),,,,,,Other ethnic group,,,,,,Undefined,Units,Percentage (%),,2.0189884555440245
2015/16,(a) Physical violence (%),,,,,,Other ethnic group,Arab,,,,,Undefined,Units,Percentage (%),,3.661318496015748
2015/16,(a) Physical violence (%),,,,,,Other ethnic group,Any other ethnic group,,,,,Undefined,Units,Percentage (%),,1.021963621570494
2015/16,(a) Physical violence (%),,,,,,,,,"Less than £10,000",,,Undefined,Units,Percentage (%),,1.967847622353761
2015/16,(a) Physical violence (%),,,,,,,,,"£10,000 to less than £20,000",,,Undefined,Units,Percentage (%),,1.8545759184735544
2015/16,(a) Physical violence (%),,,,,,,,,"£20,000 to less than £30,000",,,Undefined,Units,Percentage (%),,1.9560188567783736
2015/16,(a) Physical violence (%),,,,,,,,,"£30,000 to less than £40,000",,,Undefined,Units,Percentage (%),,1.7664578617503874
2015/16,(a) Physical violence (%),,,,,,,,,"£40,000 to less than £50,000",,,Undefined,Units,Percentage (%),,1.791229990637596
2015/16,(a) Physical violence (%),,,,,,,,,"£50,000 or more",,,Undefined,Units,Percentage (%),,1.70099121163302
2015/16,(a) Physical violence (%),,,,,,,,,No income stated or not enough information provided,,,Undefined,Units,Percentage (%),,1.7093991433039166
2016/17,(a) Physical violence (%),,,,,,,,,,,,Undefined,Units,Percentage (%),,1.6663071735395631
2016/17,(a) Physical violence (%),,16 to 24,,,,,,,,,,Undefined,Units,Percentage (%),,4.078078622762168
2016/17,(a) Physical violence (%),,25 to 34,,,,,,,,,,Undefined,Units,Percentage (%),,2.0415480081841704
2016/17,(a) Physical violence (%),,35 to 44,,,,,,,,,,Undefined,Units,Percentage (%),,1.5809224649307638
2016/17,(a) Physical violence (%),,45 to 54,,,,,,,,,,Undefined,Units,Percentage (%),,1.898452446791652
2016/17,(a) Physical violence (%),,55 to 64,,,,,,,,,,Undefined,Units,Percentage (%),,0.8165588017222697
2016/17,(a) Physical violence (%),,65 to 74,,,,,,,,,,Undefined,Units,Percentage (%),,0.4740063873211351
2016/17,(a) Physical violence (%),,75 and over,,,,,,,,,,Undefined,Units,Percentage (%),,0.1721554804545651
2016/17,(a) Physical violence (%),,,,,,White,,,,,,Undefined,Units,Percentage (%),,1.7410259650096158
2016/17,(a) Physical violence (%),,,,,,White,English/Welsh/Scottish/Northern Irish/British,,,,,Undefined,Units,Percentage (%),,1.767074163529622
2016/17,(a) Physical violence (%),,,,,,White,Irish,,,,,Undefined,Units,Percentage (%),,1.0994169058688412
2016/17,(a) Physical violence (%),,,,,,White,Gypsy or Irish Traveller,,,,,Undefined,Units,Percentage (%),,
2016/17,(a) Physical violence (%),,,,,,White,Any other White background,,,,,Undefined,Units,Percentage (%),,1.4957276004141251
2016/17,(a) Physical violence (%),,,,,,Mixed/Multiple ethnic groups,,,,,,Undefined,Units,Percentage (%),,1.9186214559887769
2016/17,(a) Physical violence (%),,,,,,Mixed/Multiple ethnic groups,White and Black Caribbean,,,,,Undefined,Units,Percentage (%),,3.1264618194715728
2016/17,(a) Physical violence (%),,,,,,Mixed/Multiple ethnic groups,White and Black African,,,,,Undefined,Units,Percentage (%),,3.1781135066874797
2016/17,(a) Physical violence (%),,,,,,Mixed/Multiple ethnic groups,White and Asian,,,,,Undefined,Units,Percentage (%),,0.4848120750605977
2016/17,(a) Physical violence (%),,,,,,Mixed/Multiple ethnic groups,Any other Mixed/Multiple ethnic background,,,,,Undefined,Units,Percentage (%),,1.2538492392330909
2016/17,(a) Physical violence (%),,,,,,Asian/Asian British,,,,,,Undefined,Units,Percentage (%),,0.7839314564559086
2016/17,(a) Physical violence (%),,,,,,Asian/Asian British,Indian,,,,,Undefined,Units,Percentage (%),,0.4499597583548557
2016/17,(a) Physical violence (%),,,,,,Asian/Asian British,Pakistani,,,,,Undefined,Units,Percentage (%),,0.9102810598553652
2016/17,(a) Physical violence (%),,,,,,Asian/Asian British,Bangladeshi,,,,,Undefined,Units,Percentage (%),,1.8299233252511544
2016/17,(a) Physical violence (%),,,,,,Asian/Asian British,Chinese,,,,,Undefined,Units,Percentage (%),,0.6814787577408387
2016/17,(a) Physical violence (%),,,,,,Asian/Asian British,Any other Asian background,,,,,Undefined,Units,Percentage (%),,0.749307258119959
2016/17,(a) Physical violence (%),,,,,,Black/African/Caribbean/Black British,,,,,,Undefined,Units,Percentage (%),,1.7854446291012478
2016/17,(a) Physical violence (%),,,,,,Black/African/Caribbean/Black British,African,,,,,Undefined,Units,Percentage (%),,1.309340265496472
2016/17,(a) Physical violence (%),,,,,,Black/African/Caribbean/Black British,Caribbean,,,,,Undefined,Units,Percentage (%),,1.6280247235360872
2016/17,(a) Physical violence (%),,,,,,Black/African/Caribbean/Black British,Any other Black/African/Caribbean background,,,,,Undefined,Units,Percentage (%),,7.041004436451693
2016/17,(a) Physical violence (%),,,,,,Other ethnic group,,,,,,Undefined,Units,Percentage (%),,1.1510772916328835
2016/17,(a) Physical violence (%),,,,,,Other ethnic group,Arab,,,,,Undefined,Units,Percentage (%),,1.1599672312482432
2016/17,(a) Physical violence (%),,,,,,Other ethnic group,Any other ethnic group,,,,,Undefined,Units,Percentage (%),,1.1446862891023066
2016/17,(a) Physical violence (%),,,,,,,,,"Less than £10,000",,,Undefined,Units,Percentage (%),,2.581059793673996
2016/17,(a) Physical violence (%),,,,,,,,,"£10,000 to less than £20,000",,,Undefined,Units,Percentage (%),,1.6396543710859648
2016/17,(a) Physical violence (%),,,,,,,,,"£20,000 to less than £30,000",,,Undefined,Units,Percentage (%),,1.7448742149830938
2016/17,(a) Physical violence (%),,,,,,,,,"£30,000 to less than £40,000",,,Undefined,Units,Percentage (%),,1.7662204420872418
2016/17,(a) Physical violence (%),,,,,,,,,"£40,000 to less than £50,000",,,Undefined,Units,Percentage (%),,1.9500739262340472
2016/17,(a) Physical violence (%),,,,,,,,,"£50,000 or more",,,Undefined,Units,Percentage (%),,1.3893413048155845
2016/17,(a) Physical violence (%),,,,,,,,,No income stated or not enough information provided,,,Undefined,Units,Percentage (%),,1.4516300984759585
2017/18,(a) Physical violence (%),,,,,,,,,,,,Undefined,Units,Percentage (%),,1.7499497701555906
2017/18,(a) Physical violence (%),,16 to 24,,,,,,,,,,Undefined,Units,Percentage (%),,4.006611129846034
2017/18,(a) Physical violence (%),,25 to 34,,,,,,,,,,Undefined,Units,Percentage (%),,2.3851668760777702
2017/18,(a) Physical violence (%),,35 to 44,,,,,,,,,,Undefined,Units,Percentage (%),,1.9518006343345744
2017/18,(a) Physical violence (%),,45 to 54,,,,,,,,,,Undefined,Units,Percentage (%),,1.6343801206237456
2017/18,(a) Physical violence (%),,55 to 64,,,,,,,,,,Undefined,Units,Percentage (%),,1.0266134637678328
2017/18,(a) Physical violence (%),,65 to 74,,,,,,,,,,Undefined,Units,Percentage (%),,0.3958726168487911
2017/18,(a) Physical violence (%),,75 and over,,,,,,,,,,Undefined,Units,Percentage (%),,0.2936316295170394
2017/18,(a) Physical violence (%),,,,,,White,,,,,,Undefined,Units,Percentage (%),,1.797535715183561
2017/18,(a) Physical violence (%),,,,,,White,English/Welsh/Scottish/Northern Irish/British,,,,,Undefined,Units,Percentage (%),,1.8600818131845969
2017/18,(a) Physical violence (%),,,,,,White,Irish,,,,,Undefined,Units,Percentage (%),,2.272178777028793
2017/18,(a) Physical violence (%),,,,,,White,Gypsy or Irish Traveller,,,,,Undefined,Units,Percentage (%),,
2017/18,(a) Physical violence (%),,,,,,White,Any other White background,,,,,Undefined,Units,Percentage (%),,1.005185142693686
2017/18,(a) Physical violence (%),,,,,,Mixed/Multiple ethnic groups,,,,,,Undefined,Units,Percentage (%),,3.726234374999141
2017/18,(a) Physical violence (%),,,,,,Mixed/Multiple ethnic groups,White and Black Caribbean,,,,,Undefined,Units,Percentage (%),,5.337650539975536
2017/18,(a) Physical violence (%),,,,,,Mixed/Multiple ethnic groups,White and Black African,,,,,Undefined,Units,Percentage (%),,3.31342953181112
2017/18,(a) Physical violence (%),,,,,,Mixed/Multiple ethnic groups,White and Asian,,,,,Undefined,Units,Percentage (%),,4.575755118252694
2017/18,(a) Physical violence (%),,,,,,Mixed/Multiple ethnic groups,Any other Mixed/Multiple ethnic background,,,,,Undefined,Units,Percentage (%),,1.57788868204351
2017/18,(a) Physical violence (%),,,,,,Asian/Asian British,,,,,,Undefined,Units,Percentage (%),,1.1391411978880412
2017/18,(a) Physical violence (%),,,,,,Asian/Asian British,Indian,,,,,Undefined,Units,Percentage (%),,1.283010347879843
2017/18,(a) Physical violence (%),,,,,,Asian/Asian British,Pakistani,,,,,Undefined,Units,Percentage (%),,1.050213607174003
2017/18,(a) Physical violence (%),,,,,,Asian/Asian British,Bangladeshi,,,,,Undefined,Units,Percentage (%),,2.024234920086744
2017/18,(a) Physical violence (%),,,,,,Asian/Asian British,Chinese,,,,,Undefined,Units,Percentage (%),,0.0
2017/18,(a) Physical violence (%),,,,,,Asian/Asian British,Any other Asian background,,,,,Undefined,Units,Percentage (%),,0.9301895056678612
2017/18,(a) Physical violence (%),,,,,,Black/African/Caribbean/Black British,,,,,,Undefined,Units,Percentage (%),,1.4689040211085267
2017/18,(a) Physical violence (%),,,,,,Black/African/Caribbean/Black British,African,,,,,Undefined,Units,Percentage (%),,0.8184810333125934
2017/18,(a) Physical violence (%),,,,,,Black/African/Caribbean/Black British,Caribbean,,,,,Undefined,Units,Percentage (%),,2.875349977299545
2017/18,(a) Physical violence (%),,,,,,Black/African/Caribbean/Black British,Any other Black/African/Caribbean background,,,,,Undefined,Units,Percentage (%),,1.0136649971583012
2017/18,(a) Physical violence (%),,,,,,Other ethnic group,,,,,,Undefined,Units,Percentage (%),,1.2474233516085491
2017/18,(a) Physical violence (%),,,,,,Other ethnic group,Arab,,,,,Undefined,Units,Percentage (%),,1.7892217911134212
2017/18,(a) Physical violence (%),,,,,,Other ethnic group,Any other ethnic group,,,,,Undefined,Units,Percentage (%),,0.9631994989737568
2017/18,(a) Physical violence (%),,,,,,,,,"Less than £10,000",,,Undefined,Units,Percentage (%),,2.383295984615867
2017/18,(a) Physical violence (%),,,,,,,,,"£10,000 to less than £20,000",,,Undefined,Units,Percentage (%),,1.7447716352108784
2017/18,(a) Physical violence (%),,,,,,,,,"£20,000 to less than £30,000",,,Undefined,Units,Percentage (%),,1.3706947784739274
2017/18,(a) Physical violence (%),,,,,,,,,"£30,000 to less than £40,000",,,Undefined,Units,Percentage (%),,1.2196140908502455
2017/18,(a) Physical violence (%),,,,,,,,,"£40,000 to less than £50,000",,,Undefined,Units,Percentage (%),,2.033641609765823
2017/18,(a) Physical violence (%),,,,,,,,,"£50,000 or more",,,Undefined,Units,Percentage (%),,1.9112337698212452
2017/18,(a) Physical violence (%),,,,,,,,,No income stated or not enough information provided,,,Undefined,Units,Percentage (%),,1.813178527332195
2018/19,(a) Physical violence (%),,,,,,,,,,,,Undefined,Units,Percentage (%),,1.730990470867787
2018/19,(a) Physical violence (%),,16 to 24,,,,,,,,,,Undefined,Units,Percentage (%),,3.5738744257013195
2018/19,(a) Physical violence (%),,25 to 34,,,,,,,,,,Undefined,Units,Percentage (%),,2.233050964378265
2018/19,(a) Physical violence (%),,35 to 44,,,,,,,,,,Undefined,Units,Percentage (%),,1.7063200495032724
2018/19,(a) Physical violence (%),,45 to 54,,,,,,,,,,Undefined,Units,Percentage (%),,1.8461771711428816
2018/19,(a) Physical violence (%),,55 to 64,,,,,,,,,,Undefined,Units,Percentage (%),,1.5029070360965948
2018/19,(a) Physical violence (%),,65 to 74,,,,,,,,,,Undefined,Units,Percentage (%),,0.4886083744537006
2018/19,(a) Physical violence (%),,75 and over,,,,,,,,,,Undefined,Units,Percentage (%),,0.2252256971641143
2018/19,(a) Physical violence (%),,,,,,White,,,,,,Undefined,Units,Percentage (%),,1.7722676332853573
2018/19,(a) Physical violence (%),,,,,,White,English/Welsh/Scottish/Northern Irish/British,,,,,Undefined,Units,Percentage (%),,1.830994772947318
2018/19,(a) Physical violence (%),,,,,,White,Irish,,,,,Undefined,Units,Percentage (%),,1.1673342956893629
2018/19,(a) Physical violence (%),,,,,,White,Gypsy or Irish Traveller,,,,,Undefined,Units,Percentage (%),,
2018/19,(a) Physical violence (%),,,,,,White,Any other White background,,,,,Undefined,Units,Percentage (%),,1.17892860369012
2018/19,(a) Physical violence (%),,,,,,Mixed/Multiple ethnic groups,,,,,,Undefined,Units,Percentage (%),,2.743261637295989
2018/19,(a) Physical violence (%),,,,,,Mixed/Multiple ethnic groups,White and Black Caribbean,,,,,Undefined,Units,Percentage (%),,4.831667333649264
2018/19,(a) Physical violence (%),,,,,,Mixed/Multiple ethnic groups,White and Black African,,,,,Undefined,Units,Percentage (%),,
2018/19,(a) Physical violence (%),,,,,,Mixed/Multiple ethnic groups,White and Asian,,,,,Undefined,Units,Percentage (%),,3.413743344077374
2018/19,(a) Physical violence (%),,,,,,Mixed/Multiple ethnic groups,Any other Mixed/Multiple ethnic background,,,,,Undefined,Units,Percentage (%),,1.1615800375190568
2018/19,(a) Physical violence (%),,,,,,Asian/Asian British,,,,,,Undefined,Units,Percentage (%),,1.1871914126831833
2018/19,(a) Physical violence (%),,,,,,Asian/Asian British,Indian,,,,,Undefined,Units,Percentage (%),,0.7649960077317256
2018/19,(a) Physical violence (%),,,,,,Asian/Asian British,Pakistani,,,,,Undefined,Units,Percentage (%),,1.783028344647975
2018/19,(a) Physical violence (%),,,,,,Asian/Asian British,Bangladeshi,,,,,Undefined,Units,Percentage (%),,0.309339880864432
2018/19,(a) Physical violence (%),,,,,,Asian/Asian British,Chinese,,,,,Undefined,Units,Percentage (%),,1.3585509408375187
2018/19,(a) Physical violence (%),,,,,,Asian/Asian British,Any other Asian background,,,,,Undefined,Units,Percentage (%),,1.667861092107806
2018/19,(a) Physical violence (%),,,,,,Black/African/Caribbean/Black British,,,,,,Undefined,Units,Percentage (%),,1.4438859795886625
2018/19,(a) Physical violence (%),,,,,,Black/African/Caribbean/Black British,African,,,,,Undefined,Units,Percentage (%),,1.0409496984486486
2018/19,(a) Physical violence (%),,,,,,Black/African/Caribbean/Black British,Caribbean,,,,,Undefined,Units,Percentage (%),,1.8258138533143664
2018/19,(a) Physical violence (%),,,,,,Black/African/Caribbean/Black British,Any other Black/African/Caribbean background,,,,,Undefined,Units,Percentage (%),,3.795683424969591
2018/19,(a) Physical violence (%),,,,,,Other ethnic group,,,,,,Undefined,Units,Percentage (%),,2.2534891620824857
2018/19,(a) Physical violence (%),,,,,,Other ethnic group,Arab,,,,,Undefined,Units,Percentage (%),,3.8517318268974834
2018/19,(a) Physical violence (%),,,,,,Other ethnic group,Any other ethnic group,,,,,Undefined,Units,Percentage (%),,1.3138405843533534
2018/19,(a) Physical violence (%),,,,,Non-disabled (GSS harmonised),,,,,,,Undefined,Units,Percentage (%),,1.5758603370752229
2017/18,(b) Sexual violence (%),,,,,Non-disabled (GSS harmonised),,,,,,,Undefined,Units,Percentage (%),,2.46347737981962
2018/19,(a) Physical violence (%),,,,Born in UK,,,,,,,,Undefined,Units,Percentage (%),,1.8565249198430969
2018/19,(a) Physical violence (%),,,,Not born in UK,,,,,,,,Undefined,Units,Percentage (%),,1.15820577537312
2004/05,(b) Sexual violence (%),,,,,,,,,,,,Undefined,Units,Percentage (%),,2.6050799941591
2005/06,(b) Sexual violence (%),,,,,,,,,,,,Undefined,Units,Percentage (%),,2.977146032817532
2006/07,(b) Sexual violence (%),,,,,,,,,,,,Undefined,Units,Percentage (%),,2.9029316670167846
2007/08,(b) Sexual violence (%),,,,,,,,,,,,Undefined,Units,Percentage (%),,2.564376169051692
2008/09,(b) Sexual violence (%),,,,,,,,,,,,Undefined,Units,Percentage (%),,2.155759741841332
2009/10,(b) Sexual violence (%),,,,,,,,,,,,Undefined,Units,Percentage (%),,2.0818715682243445
2010/11,(b) Sexual violence (%),,,,,,,,,,,,Undefined,Units,Percentage (%),,2.3234354469975718
2011/12,(b) Sexual violence (%),,,,,,,,,,,,Undefined,Units,Percentage (%),,2.408723543752493
2012/13,(b) Sexual violence (%),,,,,,,,,,,,Undefined,Units,Percentage (%),,1.9138697969641625
2013/14,(b) Sexual violence (%),,,,,,,,,,,,Undefined,Units,Percentage (%),,1.4746422648221806
2014/15,(b) Sexual violence (%),,,,,,,,,,,,Undefined,Units,Percentage (%),,1.7090108873577323
2015/16,(b) Sexual violence (%),,,,,,,,,,,,Undefined,Units,Percentage (%),,1.961200960790143
2016/17,(b) Sexual violence (%),,,,,,,,,,,,Undefined,Units,Percentage (%),,1.956909146432753
2017/18,(b) Sexual violence (%),,,,,,,,,,,,Undefined,Units,Percentage (%),,2.7187110249381288
2018/19,(b) Sexual violence (%),,,,,,,,,,,,Undefined,Units,Percentage (%),,2.86324979856038
2017/18,(b) Sexual violence (%),,16 to 19,,,,,,,,,,Undefined,Units,Percentage (%),,8.412747106475887
2017/18,(b) Sexual violence (%),,20 to 24,,,,,,,,,,Undefined,Units,Percentage (%),,7.121860605182099
2017/18,(b) Sexual violence (%),,25 to 34,,,,,,,,,,Undefined,Units,Percentage (%),,2.610007230275733
2017/18,(b) Sexual violence (%),,35 to 44,,,,,,,,,,Undefined,Units,Percentage (%),,0.9786085843416392
2017/18,(b) Sexual violence (%),,45 to 54,,,,,,,,,,Undefined,Units,Percentage (%),,1.165548404857782
2017/18,(b) Sexual violence (%),,55 to 59,,,,,,,,,,Undefined,Units,Percentage (%),,1.4254159631744223
2017/18,(b) Sexual violence (%),,,,,,White,,,,,,Undefined,Units,Percentage (%),,2.667706825990258
2017/18,(b) Sexual violence (%),,,,,,Mixed/Multiple ethnic groups,,,,,,Undefined,Units,Percentage (%),,3.651575187280658
2017/18,(b) Sexual violence (%),,,,,,Asian/Asian British,,,,,,Undefined,Units,Percentage (%),,1.825851643621033
2017/18,(b) Sexual violence (%),,,,,,Black/African/Caribbean/Black British,,,,,,Undefined,Units,Percentage (%),,5.967801626531364
2017/18,(b) Sexual violence (%),,,,,,Other ethnic group,,,,,,Undefined,Units,Percentage (%),,0.9319853062370406
2017/18,(b) Sexual violence (%),,,,Born in UK,,,,,,,,Undefined,Units,Percentage (%),,2.860344572288331
2017/18,(b) Sexual violence (%),,,,Not born in UK,,,,,,,,Undefined,Units,Percentage (%),,2.088063650391456
2017/18,(b) Sexual violence (%),,,,,,,,,"Less than £10,000",,,Undefined,Units,Percentage (%),,4.814012343180524
2017/18,(b) Sexual violence (%),,,,,,,,,"£10,000 to less than £20,000",,,Undefined,Units,Percentage (%),,4.086382243965629
2017/18,(b) Sexual violence (%),,,,,,,,,"£20,000 to less than £30,000",,,Undefined,Units,Percentage (%),,2.327814319321694
2017/18,(b) Sexual violence (%),,,,,,,,,"£30,000 to less than £40,000",,,Undefined,Units,Percentage (%),,2.138282047300393
2017/18,(b) Sexual violence (%),,,,,,,,,"£40,000 to less than £50,000",,,Undefined,Units,Percentage (%),,1.7129407888768116
2017/18,(b) Sexual violence (%),,,,,,,,,"£50,000 or more",,,Undefined,Units,Percentage (%),,2.6706131972710208
2017/18,(b) Sexual violence (%),,,,,,,,,No income stated or not enough information provided,,,Undefined,Units,Percentage (%),,2.638411681030024
2018/19,(a) Physical violence (%),,,,,Disabled (GSS harmonised),,,,,,,Undefined,Units,Percentage (%),,2.516214629174664
2017/18,(b) Sexual violence (%),,,,,Disabled (GSS harmonised),,,,,,,Undefined,Units,Percentage (%),,4.808221984783019
