Year,Age,Sex,Country,Region,Police Force Area,Unit measure,Unit multiplier,Observation status,GeoCode,Value
2019/20,,,England,South West,Avon and Somerset,"Rate per 100,000 population",Units,Undefined,E23000036,0.407206626532
2019/20,,,England,East,Bedfordshire,"Rate per 100,000 population",Units,Undefined,E23000026,0.5925996159954489
2019/20,,,England,East,Cambridgeshire,"Rate per 100,000 population",Units,Undefined,E23000023,0.9348022192204684
2019/20,,,England,North West,Cheshire,"Rate per 100,000 population",Units,Undefined,E23000006,0.8437655569274558
2019/20,,,England,London,City of London,"Rate per 100,000 population",Units,Undefined,E23000034,
2019/20,,,England,North East,Cleveland,"Rate per 100,000 population",Units,Undefined,E23000013,1.932737230317268
2019/20,,,England,North West,Cumbria,"Rate per 100,000 population",Units,Undefined,E23000002,0.7999808004607889
2019/20,,,England,East Midlands,Derbyshire,"Rate per 100,000 population",Units,Undefined,E23000018,1.0377397650557172
2019/20,,,England,South West,Devon and Cornwall,"Rate per 100,000 population",Units,Undefined,E23000035,0.9026589511892814
2019/20,,,England,South West,Dorset,"Rate per 100,000 population",Units,Undefined,E23000039,0.3876775401601625
2019/20,,,England,North East,Durham,"Rate per 100,000 population",Units,Undefined,E23000008,0.7850562963870139
2019/20,,,Wales,,Dyfed-Powys,"Rate per 100,000 population",Units,Undefined,W15000004,1.9241166861323136
2019/20,,,England,East,Essex,"Rate per 100,000 population",Units,Undefined,E23000028,3.357421933171058
2019/20,,,England,South West,Gloucestershire,"Rate per 100,000 population",Units,Undefined,E23000037,0.7848431098623385
2019/20,,,England,North West,Greater Manchester,"Rate per 100,000 population",Units,Undefined,E23000005,1.1990044031673466
2019/20,,,Wales,,Gwent,"Rate per 100,000 population",Units,Undefined,W15000002,1.0098222039706208
2019/20,,,England,South East,Hampshire,"Rate per 100,000 population",Units,Undefined,E23000030,1.0543555427470883
2019/20,,,England,East,Hertfordshire,"Rate per 100,000 population",Units,Undefined,E23000027,0.6725407496643602
2019/20,,,England,Yorkshire and The Humber,Humberside,"Rate per 100,000 population",Units,Undefined,E23000012,1.0720342707915689
2019/20,,,England,South East,Kent,"Rate per 100,000 population",Units,Undefined,E23000032,0.5376023258827027
2019/20,,,England,North West,Lancashire,"Rate per 100,000 population",Units,Undefined,E23000003,1.3917045132977366
2019/20,,,England,East Midlands,Leicestershire,"Rate per 100,000 population",Units,Undefined,E23000021,0.9088380868594736
2019/20,,,England,East Midlands,Lincolnshire,"Rate per 100,000 population",Units,Undefined,E23000020,1.5764085210135257
2019/20,,,England,North West,Merseyside,"Rate per 100,000 population",Units,Undefined,E23000004,1.538558370806554
2019/20,,,England,London,Metropolitan Police,"Rate per 100,000 population",Units,Undefined,E23000001,1.6308716405719756
2019/20,,,England,East,Norfolk,"Rate per 100,000 population",Units,Undefined,E23000024,0.8812902088657795
2019/20,,,Wales,,North Wales,"Rate per 100,000 population",Units,Undefined,W15000001,0.5717887983715455
2019/20,,,England,Yorkshire and The Humber,North Yorkshire,"Rate per 100,000 population",Units,Undefined,E23000009,0.482700030892802
2019/20,,,England,East Midlands,Northamptonshire,"Rate per 100,000 population",Units,Undefined,E23000022,0.7965186823456943
2019/20,,,England,North East,Northumbria,"Rate per 100,000 population",Units,Undefined,E23000007,0.8197264436236553
2019/20,,,England,East Midlands,Nottinghamshire,"Rate per 100,000 population",Units,Undefined,E23000019,1.0334813508290244
2019/20,,,Wales,,South Wales,"Rate per 100,000 population",Units,Undefined,W15000003,1.4185064321800875
2019/20,,,England,Yorkshire and The Humber,South Yorkshire,"Rate per 100,000 population",Units,Undefined,E23000011,1.0645697009268853
2019/20,,,England,West Midlands,Staffordshire,"Rate per 100,000 population",Units,Undefined,E23000015,0.9683652673788554
2019/20,,,England,East,Suffolk,"Rate per 100,000 population",Units,Undefined,E23000025,0.7880738162474551
2019/20,,,England,South East,Surrey,"Rate per 100,000 population",Units,Undefined,E23000031,0.2507866340755503
2019/20,,,England,South East,Sussex,"Rate per 100,000 population",Units,Undefined,E23000033,1.3433841833450733
2019/20,,,England,South East,Thames Valley,"Rate per 100,000 population",Units,Undefined,E23000029,0.7851382421829156
2019/20,,,England,West Midlands,Warwickshire,"Rate per 100,000 population",Units,Undefined,E23000017,1.2112130644901744
2019/20,,,England,West Midlands,West Mercia,"Rate per 100,000 population",Units,Undefined,E23000016,0.6968225665213921
2019/20,,,England,West Midlands,West Midlands,"Rate per 100,000 population",Units,Undefined,E23000014,1.707305080393582
2019/20,,,England,Yorkshire and The Humber,West Yorkshire,"Rate per 100,000 population",Units,Undefined,E23000010,0.9860795577561804
2019/20,,,England,South West,Wiltshire,"Rate per 100,000 population",Units,Undefined,E23000038,0.4153876189566293
2019/20,,,England,East,,"Rate per 100,000 population",Units,Undefined,E12000006,1.5394305902818313
2019/20,,,England,East Midlands,,"Rate per 100,000 population",Units,Undefined,E12000004,1.0546062720536784
2019/20,,,England,London,,"Rate per 100,000 population",Units,Undefined,E12000007,1.6514191213579932
2019/20,,,England,North East,,"Rate per 100,000 population",Units,Undefined,E12000001,1.0487123123694495
2019/20,,,England,North West,,"Rate per 100,000 population",Units,Undefined,E12000002,1.2259582770981732
2019/20,,,England,South East,,"Rate per 100,000 population",Units,Undefined,E12000008,0.8278745356141277
2019/20,,,England,South West,,"Rate per 100,000 population",Units,Undefined,E12000009,0.6044771130741999
2019/20,,,England,West Midlands,,"Rate per 100,000 population",Units,Undefined,E12000005,1.297598919588806
2019/20,,,England,Yorkshire and The Humber,,"Rate per 100,000 population",Units,Undefined,E12000003,0.944944790692003
2019/20,,,England,,,"Rate per 100,000 population",Units,Undefined,E92000001,1.1583499773597654
2019/20,,,Wales,,,"Rate per 100,000 population",Units,Undefined,W92000004,1.2369646916358037
2009/10,,Female,,,,"Rate per 100,000 population",Units,Undefined,,0.6865029256407065
2009/10,Under 1,Female,,,,"Rate per 100,000 population",Units,Undefined,,3.2286469034341065
2009/10,1 to 4,Female,,,,"Rate per 100,000 population",Units,Undefined,,0.761788679820218
2009/10,5 to 15,Female,,,,"Rate per 100,000 population",Units,Undefined,,0.0869212493480906
2009/10,16 to 24,Female,,,,"Rate per 100,000 population",Units,Undefined,,0.6158014656074882
2009/10,25 to 34,Female,,,,"Rate per 100,000 population",Units,Undefined,,0.8749863283386198
2009/10,35 to 44,Female,,,,"Rate per 100,000 population",Units,Undefined,,1.1564391516165542
2009/10,45 to 54,Female,,,,"Rate per 100,000 population",Units,Undefined,,0.5633500549936958
2009/10,55 to 64,Female,,,,"Rate per 100,000 population",Units,Undefined,,0.4847456600115126
2009/10,65 to 74,Female,,,,"Rate per 100,000 population",Units,Undefined,,0.41023957991467
2009/10,75 and over,Female,,,,"Rate per 100,000 population",Units,Undefined,,0.8937244997085682
2010/11,,Female,,,,"Rate per 100,000 population",Units,Undefined,,0.7062246641901722
2010/11,Under 1,Female,,,,"Rate per 100,000 population",Units,Undefined,,2.027809965237544
2010/11,1 to 4,Female,,,,"Rate per 100,000 population",Units,Undefined,,0.521687285735579
2010/11,5 to 15,Female,,,,"Rate per 100,000 population",Units,Undefined,,0.2322475759159263
2010/11,16 to 24,Female,,,,"Rate per 100,000 population",Units,Undefined,,0.67538527660097
2010/11,25 to 34,Female,,,,"Rate per 100,000 population",Units,Undefined,,1.0496003444842157
2010/11,35 to 44,Female,,,,"Rate per 100,000 population",Units,Undefined,,1.1502012852249144
2010/11,45 to 54,Female,,,,"Rate per 100,000 population",Units,Undefined,,0.4973952197701511
2010/11,55 to 64,Female,,,,"Rate per 100,000 population",Units,Undefined,,0.5436259853220984
2010/11,65 to 74,Female,,,,"Rate per 100,000 population",Units,Undefined,,0.6026032460228186
2010/11,75 and over,Female,,,,"Rate per 100,000 population",Units,Undefined,,0.732064421669107
2011/12,,Female,,,,"Rate per 100,000 population",Units,Undefined,,0.5957909124362593
2011/12,Under 1,Female,,,,"Rate per 100,000 population",Units,Undefined,,2.579535683576956
2011/12,1 to 4,Female,,,,"Rate per 100,000 population",Units,Undefined,,0.5136106831022087
2011/12,5 to 15,Female,,,,"Rate per 100,000 population",Units,Undefined,,0.2027516292541636
2011/12,16 to 24,Female,,,,"Rate per 100,000 population",Units,Undefined,,1.0079413561392792
2011/12,25 to 34,Female,,,,"Rate per 100,000 population",Units,Undefined,,0.7682933290944736
2011/12,35 to 44,Female,,,,"Rate per 100,000 population",Units,Undefined,,0.6622179206357293
2011/12,45 to 54,Female,,,,"Rate per 100,000 population",Units,Undefined,,0.6402376562179882
2011/12,55 to 64,Female,,,,"Rate per 100,000 population",Units,Undefined,,0.2704245665695141
2011/12,65 to 74,Female,,,,"Rate per 100,000 population",Units,Undefined,,0.3147004445143778
2011/12,75 and over,Female,,,,"Rate per 100,000 population",Units,Undefined,,0.6490035886080782
2012/13,,Female,,,,"Rate per 100,000 population",Units,Undefined,,0.5813852286375741
2012/13,Under 1,Female,,,,"Rate per 100,000 population",Units,Undefined,,3.360403248389807
2012/13,1 to 4,Female,,,,"Rate per 100,000 population",Units,Undefined,,0.5046499891860716
2012/13,5 to 15,Female,,,,"Rate per 100,000 population",Units,Undefined,,0.2592613930978856
2012/13,16 to 24,Female,,,,"Rate per 100,000 population",Units,Undefined,,0.5834484876401044
2012/13,25 to 34,Female,,,,"Rate per 100,000 population",Units,Undefined,,0.7321409894362515
2012/13,35 to 44,Female,,,,"Rate per 100,000 population",Units,Undefined,,0.6231500233681259
2012/13,45 to 54,Female,,,,"Rate per 100,000 population",Units,Undefined,,0.5534451963472617
2012/13,55 to 64,Female,,,,"Rate per 100,000 population",Units,Undefined,,0.5189413596263622
2012/13,65 to 74,Female,,,,"Rate per 100,000 population",Units,Undefined,,0.3361721201255042
2012/13,75 and over,Female,,,,"Rate per 100,000 population",Units,Undefined,,0.755172934602024
2013/14,,Female,,,,"Rate per 100,000 population",Units,Undefined,,0.6332391813940627
2013/14,Under 1,Female,,,,"Rate per 100,000 population",Units,Undefined,,2.3123459038237533
2013/14,1 to 4,Female,,,,"Rate per 100,000 population",Units,Undefined,,0.8532259406282728
2013/14,5 to 15,Female,,,,"Rate per 100,000 population",Units,Undefined,,0.1428792279035131
2013/14,16 to 24,Female,,,,"Rate per 100,000 population",Units,Undefined,,0.7424267827987139
2013/14,25 to 34,Female,,,,"Rate per 100,000 population",Units,Undefined,,0.7218336637440996
2013/14,35 to 44,Female,,,,"Rate per 100,000 population",Units,Undefined,,0.6070164770663896
2013/14,45 to 54,Female,,,,"Rate per 100,000 population",Units,Undefined,,0.5955100034514766
2013/14,55 to 64,Female,,,,"Rate per 100,000 population",Units,Undefined,,0.5507514391441077
2013/14,65 to 74,Female,,,,"Rate per 100,000 population",Units,Undefined,,0.612725221572253
2013/14,75 and over,Female,,,,"Rate per 100,000 population",Units,Undefined,,0.897669089999181
2014/15,,Female,,,,"Rate per 100,000 population",Units,Undefined,,0.631995247120961
2014/15,Under 1,Female,,,,"Rate per 100,000 population",Units,Undefined,,2.645743733261996
2014/15,1 to 4,Female,,,,"Rate per 100,000 population",Units,Undefined,,0.4226411691945305
2014/15,5 to 15,Female,,,,"Rate per 100,000 population",Units,Undefined,,0.1978443445487523
2014/15,16 to 24,Female,,,,"Rate per 100,000 population",Units,Undefined,,0.5909845616169835
2014/15,25 to 34,Female,,,,"Rate per 100,000 population",Units,Undefined,,0.5632591196772012
2014/15,35 to 44,Female,,,,"Rate per 100,000 population",Units,Undefined,,0.8788282290279626
2014/15,45 to 54,Female,,,,"Rate per 100,000 population",Units,Undefined,,0.8085066661374624
2014/15,55 to 64,Female,,,,"Rate per 100,000 population",Units,Undefined,,0.5466938839229174
2014/15,65 to 74,Female,,,,"Rate per 100,000 population",Units,Undefined,,0.3158103060833487
2014/15,75 and over,Female,,,,"Rate per 100,000 population",Units,Undefined,,1.0307566747936925
2015/16,,Female,,,,"Rate per 100,000 population",Units,Undefined,,0.5864189596613989
2015/16,Under 1,Female,,,,"Rate per 100,000 population",Units,Undefined,,2.064056519764816
2015/16,1 to 4,Female,,,,"Rate per 100,000 population",Units,Undefined,,0.3518653791208714
2015/16,5 to 15,Female,,,,"Rate per 100,000 population",Units,Undefined,,0.1951666151333866
2015/16,16 to 24,Female,,,,"Rate per 100,000 population",Units,Undefined,,0.4998289647761156
2015/16,25 to 34,Female,,,,"Rate per 100,000 population",Units,Undefined,,0.6874211852516077
2015/16,35 to 44,Female,,,,"Rate per 100,000 population",Units,Undefined,,0.7990652002577252
2015/16,45 to 54,Female,,,,"Rate per 100,000 population",Units,Undefined,,0.9230806602455882
2015/16,55 to 64,Female,,,,"Rate per 100,000 population",Units,Undefined,,0.4798838681039188
2015/16,65 to 74,Female,,,,"Rate per 100,000 population",Units,Undefined,,0.3084639421074873
2015/16,75 and over,Female,,,,"Rate per 100,000 population",Units,Undefined,,0.622238131997205
2016/17,,Female,,,,"Rate per 100,000 population",Units,Undefined,,0.5889070423433301
2016/17,Under 1,Female,,,,"Rate per 100,000 population",Units,Undefined,,2.045282555785082
2016/17,1 to 4,Female,,,,"Rate per 100,000 population",Units,Undefined,,0.2829398583037189
2016/17,5 to 15,Female,,,,"Rate per 100,000 population",Units,Undefined,,0.2738867598758088
2016/17,16 to 24,Female,,,,"Rate per 100,000 population",Units,Undefined,,0.6639201449495753
2016/17,25 to 34,Female,,,,"Rate per 100,000 population",Units,Undefined,,0.6832374523441878
2016/17,35 to 44,Female,,,,"Rate per 100,000 population",Units,Undefined,,1.0688739626578192
2016/17,45 to 54,Female,,,,"Rate per 100,000 population",Units,Undefined,,0.6510652150323724
2016/17,55 to 64,Female,,,,"Rate per 100,000 population",Units,Undefined,,0.2058941615769139
2016/17,65 to 74,Female,,,,"Rate per 100,000 population",Units,Undefined,,0.2343770141774656
2016/17,75 and over,Female,,,,"Rate per 100,000 population",Units,Undefined,,0.873178467855572
2017/18,,Female,,,,"Rate per 100,000 population",Units,Undefined,,0.7367946713394476
2017/18,Under 1,Female,,,,"Rate per 100,000 population",Units,Undefined,,2.99060948621329
2017/18,1 to 4,Female,,,,"Rate per 100,000 population",Units,Undefined,,0.5720786980060912
2017/18,5 to 15,Female,,,,"Rate per 100,000 population",Units,Undefined,,0.5366161362082006
2017/18,16 to 24,Female,,,,"Rate per 100,000 population",Units,Undefined,,0.9304396872952632
2017/18,25 to 34,Female,,,,"Rate per 100,000 population",Units,Undefined,,1.0330617556758557
2017/18,35 to 44,Female,,,,"Rate per 100,000 population",Units,Undefined,,0.7485802373747933
2017/18,45 to 54,Female,,,,"Rate per 100,000 population",Units,Undefined,,0.8439715952919888
2017/18,55 to 64,Female,,,,"Rate per 100,000 population",Units,Undefined,,0.4595499799377712
2017/18,65 to 74,Female,,,,"Rate per 100,000 population",Units,Undefined,,0.4616645314682087
2017/18,75 and over,Female,,,,"Rate per 100,000 population",Units,Undefined,,0.6483547278386952
2018/19,,Female,,,,"Rate per 100,000 population",Units,Undefined,,0.7524943179990152
2018/19,Under 1,Female,,,,"Rate per 100,000 population",Units,Undefined,,4.292437644678143
2018/19,1 to 4,Female,,,,"Rate per 100,000 population",Units,Undefined,,0.865333860225506
2018/19,5 to 15,Female,,,,"Rate per 100,000 population",Units,Undefined,,0.1315047855906524
2018/19,16 to 24,Female,,,,"Rate per 100,000 population",Units,Undefined,,0.5185952033833151
2018/19,25 to 34,Female,,,,"Rate per 100,000 population",Units,Undefined,,0.9814975135396324
2018/19,35 to 44,Female,,,,"Rate per 100,000 population",Units,Undefined,,0.9588848808092776
2018/19,45 to 54,Female,,,,"Rate per 100,000 population",Units,Undefined,,0.8731561246808737
2018/19,55 to 64,Female,,,,"Rate per 100,000 population",Units,Undefined,,0.4765758752245864
2018/19,65 to 74,Female,,,,"Rate per 100,000 population",Units,Undefined,,0.7185926037223097
2018/19,75 and over,Female,,,,"Rate per 100,000 population",Units,Undefined,,0.9926452080407098
2019/20,,Female,,,,"Rate per 100,000 population",Units,Undefined,,0.6254713700294946
2019/20,Under 1,Female,,,,"Rate per 100,000 population",Units,Undefined,,1.5841684541367391
2019/20,1 to 4,Female,,,,"Rate per 100,000 population",Units,Undefined,,0.4374312868353596
2019/20,5 to 15,Female,,,,"Rate per 100,000 population",Units,Undefined,,0.0259126164383419
2019/20,16 to 24,Female,,,,"Rate per 100,000 population",Units,Undefined,,0.5890281722357644
2019/20,25 to 34,Female,,,,"Rate per 100,000 population",Units,Undefined,,0.9058670745752554
2019/20,35 to 44,Female,,,,"Rate per 100,000 population",Units,Undefined,,0.8999396775727886
2019/20,45 to 54,Female,,,,"Rate per 100,000 population",Units,Undefined,,0.5893429121201316
2019/20,55 to 64,Female,,,,"Rate per 100,000 population",Units,Undefined,,0.6017173011775607
2019/20,65 to 74,Female,,,,"Rate per 100,000 population",Units,Undefined,,0.552065634758572
2019/20,75 and over,Female,,,,"Rate per 100,000 population",Units,Undefined,,0.863540856017688
2009/10,,Male,,,,"Rate per 100,000 population",Units,Undefined,,1.471141295931686
2009/10,Under 1,Male,,,,"Rate per 100,000 population",Units,Undefined,,2.520302436292355
2009/10,1 to 4,Male,,,,"Rate per 100,000 population",Units,Undefined,,0.4366812227074235
2009/10,5 to 15,Male,,,,"Rate per 100,000 population",Units,Undefined,,0.1930981214311329
2009/10,16 to 24,Male,,,,"Rate per 100,000 population",Units,Undefined,,2.7358117761498013
2009/10,25 to 34,Male,,,,"Rate per 100,000 population",Units,Undefined,,2.3776338443879643
2009/10,35 to 44,Male,,,,"Rate per 100,000 population",Units,Undefined,,1.87125748502994
2009/10,45 to 54,Male,,,,"Rate per 100,000 population",Units,Undefined,,1.661944202266783
2009/10,55 to 64,Male,,,,"Rate per 100,000 population",Units,Undefined,,1.2181028828434894
2009/10,65 to 74,Male,,,,"Rate per 100,000 population",Units,Undefined,,0.5354513408593994
2009/10,75 and over,Male,,,,"Rate per 100,000 population",Units,Undefined,,0.766690257136117
2010/11,,Male,,,,"Rate per 100,000 population",Units,Undefined,,1.58186806562743
2010/11,Under 1,Male,,,,"Rate per 100,000 population",Units,Undefined,,2.760143527463428
2010/11,1 to 4,Male,,,,"Rate per 100,000 population",Units,Undefined,,0.6397952655150353
2010/11,5 to 15,Male,,,,"Rate per 100,000 population",Units,Undefined,,0.4149262814306659
2010/11,16 to 24,Male,,,,"Rate per 100,000 population",Units,Undefined,,2.548725637181409
2010/11,25 to 34,Male,,,,"Rate per 100,000 population",Units,Undefined,,2.268431001890359
2010/11,35 to 44,Male,,,,"Rate per 100,000 population",Units,Undefined,,2.2078416444613627
2010/11,45 to 54,Male,,,,"Rate per 100,000 population",Units,Undefined,,1.8351551902976144
2010/11,55 to 64,Male,,,,"Rate per 100,000 population",Units,Undefined,,1.2757086405924267
2010/11,65 to 74,Male,,,,"Rate per 100,000 population",Units,Undefined,,0.7396771526780663
2010/11,75 and over,Male,,,,"Rate per 100,000 population",Units,Undefined,,0.9205983889528192
2011/12,,Male,,,,"Rate per 100,000 population",Units,Undefined,,1.2808683853459972
2011/12,Under 1,Male,,,,"Rate per 100,000 population",Units,Undefined,,1.364256480218281
2011/12,1 to 4,Male,,,,"Rate per 100,000 population",Units,Undefined,,0.7699307062364387
2011/12,5 to 15,Male,,,,"Rate per 100,000 population",Units,Undefined,,0.1930395455297556
2011/12,16 to 24,Male,,,,"Rate per 100,000 population",Units,Undefined,,1.925811803744963
2011/12,25 to 34,Male,,,,"Rate per 100,000 population",Units,Undefined,,2.0939910408990907
2011/12,35 to 44,Male,,,,"Rate per 100,000 population",Units,Undefined,,2.2473651580905147
2011/12,45 to 54,Male,,,,"Rate per 100,000 population",Units,Undefined,,1.0175063268021602
2011/12,55 to 64,Male,,,,"Rate per 100,000 population",Units,Undefined,,1.0218932895673984
2011/12,65 to 74,Male,,,,"Rate per 100,000 population",Units,Undefined,,0.552509668919206
2011/12,75 and over,Male,,,,"Rate per 100,000 population",Units,Undefined,,0.841798080700376
2012/13,,Male,,,,"Rate per 100,000 population",Units,Undefined,,1.346813439402374
2012/13,Under 1,Male,,,,"Rate per 100,000 population",Units,Undefined,,2.6673779674579885
2012/13,1 to 4,Male,,,,"Rate per 100,000 population",Units,Undefined,,0.9627286480539128
2012/13,5 to 15,Male,,,,"Rate per 100,000 population",Units,Undefined,,0.3843830651803854
2012/13,16 to 24,Male,,,,"Rate per 100,000 population",Units,Undefined,,2.011536754917912
2012/13,25 to 34,Male,,,,"Rate per 100,000 population",Units,Undefined,,1.8128316956544583
2012/13,35 to 44,Male,,,,"Rate per 100,000 population",Units,Undefined,,2.001896533558108
2012/13,45 to 54,Male,,,,"Rate per 100,000 population",Units,Undefined,,1.6933063088488085
2012/13,55 to 64,Male,,,,"Rate per 100,000 population",Units,Undefined,,0.8190266183650969
2012/13,65 to 74,Male,,,,"Rate per 100,000 population",Units,Undefined,,0.8449004224502114
2012/13,75 and over,Male,,,,"Rate per 100,000 population",Units,Undefined,,0.6006333952167741
2013/14,,Male,,,,"Rate per 100,000 population",Units,Undefined,,1.1978952979614816
2013/14,Under 1,Male,,,,"Rate per 100,000 population",Units,Undefined,,2.192033055858482
2013/14,1 to 4,Male,,,,"Rate per 100,000 population",Units,Undefined,,0.4066272102730298
2013/14,5 to 15,Male,,,,"Rate per 100,000 population",Units,Undefined,,0.1633970463805239
2013/14,16 to 24,Male,,,,"Rate per 100,000 population",Units,Undefined,,2.1374162733969158
2013/14,25 to 34,Male,,,,"Rate per 100,000 population",Units,Undefined,,1.7104281434883355
2013/14,35 to 44,Male,,,,"Rate per 100,000 population",Units,Undefined,,1.7904519207540637
2013/14,45 to 54,Male,,,,"Rate per 100,000 population",Units,Undefined,,1.4453574990345266
2013/14,55 to 64,Male,,,,"Rate per 100,000 population",Units,Undefined,,0.9159964888906998
2013/14,65 to 74,Male,,,,"Rate per 100,000 population",Units,Undefined,,0.4653731361805896
2013/14,75 and over,Male,,,,"Rate per 100,000 population",Units,Undefined,,0.6918014082948053
2014/15,,Male,,,,"Rate per 100,000 population",Units,Undefined,,1.127427153627076
2014/15,Under 1,Male,,,,"Rate per 100,000 population",Units,Undefined,,4.194114818087259
2014/15,1 to 4,Male,,,,"Rate per 100,000 population",Units,Undefined,,0.4694284708367562
2014/15,5 to 15,Male,,,,"Rate per 100,000 population",Units,Undefined,,0.2424810662700754
2014/15,16 to 24,Male,,,,"Rate per 100,000 population",Units,Undefined,,1.990793619476736
2014/15,25 to 34,Male,,,,"Rate per 100,000 population",Units,Undefined,,1.361094874989856
2014/15,35 to 44,Male,,,,"Rate per 100,000 population",Units,Undefined,,1.4813972862417786
2014/15,45 to 54,Male,,,,"Rate per 100,000 population",Units,Undefined,,1.27898948796032
2014/15,55 to 64,Male,,,,"Rate per 100,000 population",Units,Undefined,,0.8468675310988576
2014/15,65 to 74,Male,,,,"Rate per 100,000 population",Units,Undefined,,0.7920018374442629
2014/15,75 and over,Male,,,,"Rate per 100,000 population",Units,Undefined,,0.723632760509086
2015/16,,Male,,,,"Rate per 100,000 population",Units,Undefined,,1.288747931305673
2015/16,Under 1,Male,,,,"Rate per 100,000 population",Units,Undefined,,1.399067102056349
2015/16,1 to 4,Male,,,,"Rate per 100,000 population",Units,Undefined,,0.2009262701051849
2015/16,5 to 15,Male,,,,"Rate per 100,000 population",Units,Undefined,,0.1860157603181613
2015/16,16 to 24,Male,,,,"Rate per 100,000 population",Units,Undefined,,2.084965936124388
2015/16,25 to 34,Male,,,,"Rate per 100,000 population",Units,Undefined,,1.880419069177314
2015/16,35 to 44,Male,,,,"Rate per 100,000 population",Units,Undefined,,1.8849928181773628
2015/16,45 to 54,Male,,,,"Rate per 100,000 population",Units,Undefined,,1.5681526614039796
2015/16,55 to 64,Male,,,,"Rate per 100,000 population",Units,Undefined,,0.9904054472299596
2015/16,65 to 74,Male,,,,"Rate per 100,000 population",Units,Undefined,,0.8474048594615884
2015/16,75 and over,Male,,,,"Rate per 100,000 population",Units,Undefined,,1.0646819642875252
2016/17,,Male,,,,"Rate per 100,000 population",Units,Undefined,,1.7409423658602172
2016/17,Under 1,Male,,,,"Rate per 100,000 population",Units,Undefined,,3.886761966368404
2016/17,1 to 4,Male,,,,"Rate per 100,000 population",Units,Undefined,,0.5383105527036312
2016/17,5 to 15,Male,,,,"Rate per 100,000 population",Units,Undefined,,0.5218215328611893
2016/17,16 to 24,Male,,,,"Rate per 100,000 population",Units,Undefined,,3.898667045737063
2016/17,25 to 34,Male,,,,"Rate per 100,000 population",Units,Undefined,,2.654562529347316
2016/17,35 to 44,Male,,,,"Rate per 100,000 population",Units,Undefined,,2.185503956976331
2016/17,45 to 54,Male,,,,"Rate per 100,000 population",Units,Undefined,,1.607420048781489
2016/17,55 to 64,Male,,,,"Rate per 100,000 population",Units,Undefined,,1.4562841695842914
2016/17,65 to 74,Male,,,,"Rate per 100,000 population",Units,Undefined,,0.6116562247354497
2016/17,75 and over,Male,,,,"Rate per 100,000 population",Units,Undefined,,0.6490527075732968
2017/18,,Male,,,,"Rate per 100,000 population",Units,Undefined,,1.6505145384315418
2017/18,Under 1,Male,,,,"Rate per 100,000 population",Units,Undefined,,2.2754293450745484
2017/18,1 to 4,Male,,,,"Rate per 100,000 population",Units,Undefined,,0.4757816923282921
2017/18,5 to 15,Male,,,,"Rate per 100,000 population",Units,Undefined,,0.3576411826887362
2017/18,16 to 24,Male,,,,"Rate per 100,000 population",Units,Undefined,,3.5828081078340226
2017/18,25 to 34,Male,,,,"Rate per 100,000 population",Units,Undefined,,2.394128400098758
2017/18,35 to 44,Male,,,,"Rate per 100,000 population",Units,Undefined,,2.352629401377505
2017/18,45 to 54,Male,,,,"Rate per 100,000 population",Units,Undefined,,1.6572979858882313
2017/18,55 to 64,Male,,,,"Rate per 100,000 population",Units,Undefined,,1.2148788884273007
2017/18,65 to 74,Male,,,,"Rate per 100,000 population",Units,Undefined,,0.8512757431105191
2017/18,75 and over,Male,,,,"Rate per 100,000 population",Units,Undefined,,0.8310036715697512
2018/19,,Male,,,,"Rate per 100,000 population",Units,Undefined,,1.4444510505831354
2018/19,Under 1,Male,,,,"Rate per 100,000 population",Units,Undefined,,4.36500776971383
2018/19,1 to 4,Male,,,,"Rate per 100,000 population",Units,Undefined,,0.4112729927307498
2018/19,5 to 15,Male,,,,"Rate per 100,000 population",Units,Undefined,,0.3255213223978201
2018/19,16 to 24,Male,,,,"Rate per 100,000 population",Units,Undefined,,2.877378964890467
2018/19,25 to 34,Male,,,,"Rate per 100,000 population",Units,Undefined,,2.335530222506461
2018/19,35 to 44,Male,,,,"Rate per 100,000 population",Units,Undefined,,1.8885766741894967
2018/19,45 to 54,Male,,,,"Rate per 100,000 population",Units,Undefined,,1.7166083600319837
2018/19,55 to 64,Male,,,,"Rate per 100,000 population",Units,Undefined,,0.8399766312708238
2018/19,65 to 74,Male,,,,"Rate per 100,000 population",Units,Undefined,,0.4920242863187727
2018/19,75 and over,Male,,,,"Rate per 100,000 population",Units,Undefined,,0.8556873736672669
2019/20,,Male,,,,"Rate per 100,000 population",Units,Undefined,,1.7221129754439963
2019/20,Under 1,Male,,,,"Rate per 100,000 population",Units,Undefined,,3.89495603193864
2019/20,1 to 4,Male,,,,"Rate per 100,000 population",Units,Undefined,,0.4154701702804493
2019/20,5 to 15,Male,,,,"Rate per 100,000 population",Units,Undefined,,0.3451496975872311
2019/20,16 to 24,Male,,,,"Rate per 100,000 population",Units,Undefined,,3.797800178280473
2019/20,25 to 34,Male,,,,"Rate per 100,000 population",Units,Undefined,,2.526951673783421
2019/20,35 to 44,Male,,,,"Rate per 100,000 population",Units,Undefined,,2.6581576980246933
2019/20,45 to 54,Male,,,,"Rate per 100,000 population",Units,Undefined,,1.7126336704283325
2019/20,55 to 64,Male,,,,"Rate per 100,000 population",Units,Undefined,,1.0461975384951212
2019/20,65 to 74,Male,,,,"Rate per 100,000 population",Units,Undefined,,1.014642338575652
2019/20,75 and over,Male,,,,"Rate per 100,000 population",Units,Undefined,,0.6411603903934022
2009/10,,,,,,"Rate per 100,000 population",Units,Undefined,,1.0717783736125268
2009/10,Under 1,,,,,"Rate per 100,000 population",Units,Undefined,,2.866150759529951
2009/10,1 to 4,,,,,"Rate per 100,000 population",Units,Undefined,,0.5955261100978896
2009/10,5 to 15,,,,,"Rate per 100,000 population",Units,Undefined,,0.1413127958736663
2009/10,16 to 24,,,,,"Rate per 100,000 population",Units,Undefined,,1.6826003824091778
2009/10,25 to 34,,,,,"Rate per 100,000 population",Units,Undefined,,1.6265052007162093
2009/10,35 to 44,,,,,"Rate per 100,000 population",Units,Undefined,,1.5113599762146626
2009/10,45 to 54,,,,,"Rate per 100,000 population",Units,Undefined,,1.1083926954217975
2009/10,55 to 64,,,,,"Rate per 100,000 population",Units,Undefined,,0.845841535433071
2009/10,65 to 74,,,,,"Rate per 100,000 population",Units,Undefined,,0.4702160856648213
2009/10,75 and over,,,,,"Rate per 100,000 population",Units,Undefined,,0.8432690731067437
2010/11,,,,,,"Rate per 100,000 population",Units,Undefined,,1.1366023669340286
2010/11,Under 1,,,,,"Rate per 100,000 population",Units,Undefined,,2.402826855123675
2010/11,1 to 4,,,,,"Rate per 100,000 population",Units,Undefined,,0.5821357103874841
2010/11,5 to 15,,,,,"Rate per 100,000 population",Units,Undefined,,0.3257928807173109
2010/11,16 to 24,,,,,"Rate per 100,000 population",Units,Undefined,,1.623081123718221
2010/11,25 to 34,,,,,"Rate per 100,000 population",Units,Undefined,,1.6579724210441185
2010/11,35 to 44,,,,,"Rate per 100,000 population",Units,Undefined,,1.6751051663769867
2010/11,45 to 54,,,,,"Rate per 100,000 population",Units,Undefined,,1.1609805008047709
2010/11,55 to 64,,,,,"Rate per 100,000 population",Units,Undefined,,0.9042145593869731
2010/11,65 to 74,,,,,"Rate per 100,000 population",Units,Undefined,,0.6684073107049608
2010/11,75 and over,,,,,"Rate per 100,000 population",Units,Undefined,,0.8076798818479716
2011/12,,,,,,"Rate per 100,000 population",Units,Undefined,,0.9346459917039042
2011/12,Under 1,,,,,"Rate per 100,000 population",Units,Undefined,,2.096729102599944
2011/12,1 to 4,,,,,"Rate per 100,000 population",Units,Undefined,,0.6447915174093709
2011/12,5 to 15,,,,,"Rate per 100,000 population",Units,Undefined,,0.1977764278751748
2011/12,16 to 24,,,,,"Rate per 100,000 population",Units,Undefined,,1.4738615171749985
2011/12,25 to 34,,,,,"Rate per 100,000 population",Units,Undefined,,1.4309753156758045
2011/12,35 to 44,,,,,"Rate per 100,000 population",Units,Undefined,,1.4492010157231898
2011/12,45 to 54,,,,,"Rate per 100,000 population",Units,Undefined,,0.8271191697791334
2011/12,55 to 64,,,,,"Rate per 100,000 population",Units,Undefined,,0.640497758257846
2011/12,65 to 74,,,,,"Rate per 100,000 population",Units,Undefined,,0.4290091930541369
2011/12,75 and over,,,,,"Rate per 100,000 population",Units,Undefined,,0.7270579147070183
2012/13,,,,,,"Rate per 100,000 population",Units,Undefined,,0.9581388771036627
2012/13,Under 1,,,,,"Rate per 100,000 population",Units,Undefined,,3.005464480874317
2012/13,1 to 4,,,,,"Rate per 100,000 population",Units,Undefined,,0.7390983000739098
2012/13,5 to 15,,,,,"Rate per 100,000 population",Units,Undefined,,0.3233243364822312
2012/13,16 to 24,,,,,"Rate per 100,000 population",Units,Undefined,,1.310833207774597
2012/13,25 to 34,,,,,"Rate per 100,000 population",Units,Undefined,,1.271197546719786
2012/13,35 to 44,,,,,"Rate per 100,000 population",Units,Undefined,,1.3075655744135568
2012/13,45 to 54,,,,,"Rate per 100,000 population",Units,Undefined,,1.1177725840869832
2012/13,55 to 64,,,,,"Rate per 100,000 population",Units,Undefined,,0.6666253255612056
2012/13,65 to 74,,,,,"Rate per 100,000 population",Units,Undefined,,0.5810912894415713
2012/13,75 and over,,,,,"Rate per 100,000 population",Units,Undefined,,0.6919951783561767
2013/14,,,,,,"Rate per 100,000 population",Units,Undefined,,0.9113540651106112
2013/14,Under 1,,,,,"Rate per 100,000 population",Units,Undefined,,2.250582689924564
2013/14,1 to 4,,,,,"Rate per 100,000 population",Units,Undefined,,0.6245706077072013
2013/14,5 to 15,,,,,"Rate per 100,000 population",Units,Undefined,,0.1533850119974968
2013/14,16 to 24,,,,,"Rate per 100,000 population",Units,Undefined,,1.4542821413395606
2013/14,25 to 34,,,,,"Rate per 100,000 population",Units,Undefined,,1.2148323796252964
2013/14,35 to 44,,,,,"Rate per 100,000 population",Units,Undefined,,1.1950451833305538
2013/14,45 to 54,,,,,"Rate per 100,000 population",Units,Undefined,,1.0158242849725727
2013/14,55 to 64,,,,,"Rate per 100,000 population",Units,Undefined,,0.7304700668131441
2013/14,65 to 74,,,,,"Rate per 100,000 population",Units,Undefined,,0.5417456089650304
2013/14,75 and over,,,,,"Rate per 100,000 population",Units,Undefined,,0.8126968730719041
2014/15,,,,,,"Rate per 100,000 population",Units,Undefined,,0.8779164200575055
2014/15,Under 1,,,,,"Rate per 100,000 population",Units,Undefined,,3.582621705241949
2014/15,1 to 4,,,,,"Rate per 100,000 population",Units,Undefined,,0.4466096998817171
2014/15,5 to 15,,,,,"Rate per 100,000 population",Units,Undefined,,0.2206968087931126
2014/15,16 to 24,,,,,"Rate per 100,000 population",Units,Undefined,,1.3068983260456022
2014/15,25 to 34,,,,,"Rate per 100,000 population",Units,Undefined,,0.9615675551208984
2014/15,35 to 44,,,,,"Rate per 100,000 population",Units,Undefined,,1.178406609468417
2014/15,45 to 54,,,,,"Rate per 100,000 population",Units,Undefined,,1.0410054526378458
2014/15,55 to 64,,,,,"Rate per 100,000 population",Units,Undefined,,0.694365256801732
2014/15,65 to 74,,,,,"Rate per 100,000 population",Units,Undefined,,0.5453235686483301
2014/15,75 and over,,,,,"Rate per 100,000 population",Units,Undefined,,0.9030055896045996
2015/16,,,,,,"Rate per 100,000 population",Units,Undefined,,0.9346050619004826
2015/16,Under 1,,,,,"Rate per 100,000 population",Units,Undefined,,1.7228532172130264
2015/16,1 to 4,,,,,"Rate per 100,000 population",Units,Undefined,,0.2745288998288656
2015/16,5 to 15,,,,,"Rate per 100,000 population",Units,Undefined,,0.1904813477262854
2015/16,16 to 24,,,,,"Rate per 100,000 population",Units,Undefined,,1.311282641789297
2015/16,25 to 34,,,,,"Rate per 100,000 population",Units,Undefined,,1.284494397569584
2015/16,35 to 44,,,,,"Rate per 100,000 population",Units,Undefined,,1.339059329567809
2015/16,45 to 54,,,,,"Rate per 100,000 population",Units,Undefined,,1.241683792067878
2015/16,55 to 64,,,,,"Rate per 100,000 population",Units,Undefined,,0.7311344464855283
2015/16,65 to 74,,,,,"Rate per 100,000 population",Units,Undefined,,0.5681967494884453
2015/16,75 and over,,,,,"Rate per 100,000 population",Units,Undefined,,0.8077384746879208
2016/17,,,,,,"Rate per 100,000 population",Units,Undefined,,1.1579066602876744
2016/17,Under 1,,,,,"Rate per 100,000 population",Units,Undefined,,2.98954513358996
2016/17,1 to 4,,,,,"Rate per 100,000 population",Units,Undefined,,0.4138132233325827
2016/17,5 to 15,,,,,"Rate per 100,000 population",Units,Undefined,,0.400862013674205
2016/17,16 to 24,,,,,"Rate per 100,000 population",Units,Undefined,,2.323969327298606
2016/17,25 to 34,,,,,"Rate per 100,000 population",Units,Undefined,,1.6740300915090298
2016/17,35 to 44,,,,,"Rate per 100,000 population",Units,Undefined,,1.6244892424577049
2016/17,45 to 54,,,,,"Rate per 100,000 population",Units,Undefined,,1.123211819313798
2016/17,55 to 64,,,,,"Rate per 100,000 population",Units,Undefined,,0.8214024625645828
2016/17,65 to 74,,,,,"Rate per 100,000 population",Units,Undefined,,0.4162345342855854
2016/17,75 and over,,,,,"Rate per 100,000 population",Units,Undefined,,0.7787017904669222
2017/18,,,,,,"Rate per 100,000 population",Units,Undefined,,1.1881944202696435
2017/18,Under 1,,,,,"Rate per 100,000 population",Units,Undefined,,2.624052061192894
2017/18,1 to 4,,,,,"Rate per 100,000 population",Units,Undefined,,0.5227078216604546
2017/18,5 to 15,,,,,"Rate per 100,000 population",Units,Undefined,,0.4449331730003558
2017/18,16 to 24,,,,,"Rate per 100,000 population",Units,Undefined,,2.2931801135420558
2017/18,25 to 34,,,,,"Rate per 100,000 population",Units,Undefined,,1.717094300437609
2017/18,35 to 44,,,,,"Rate per 100,000 population",Units,Undefined,,1.5460305732251167
2017/18,45 to 54,,,,,"Rate per 100,000 population",Units,Undefined,,1.2454540925621482
2017/18,55 to 64,,,,,"Rate per 100,000 population",Units,Undefined,,0.8313292707098341
2017/18,65 to 74,,,,,"Rate per 100,000 population",Units,Undefined,,0.6493725096350647
2017/18,75 and over,,,,,"Rate per 100,000 population",Units,Undefined,,0.725843362587586
2018/19,,,,,,"Rate per 100,000 population",Units,Undefined,,1.09615348408748
2018/19,Under 1,,,,,"Rate per 100,000 population",Units,Undefined,,4.478969001055543
2018/19,1 to 4,,,,,"Rate per 100,000 population",Units,Undefined,,0.6325481887509738
2018/19,5 to 15,,,,,"Rate per 100,000 population",Units,Undefined,,0.2308954239990395
2018/19,16 to 24,,,,,"Rate per 100,000 population",Units,Undefined,,1.7317053204284556
2018/19,25 to 34,,,,,"Rate per 100,000 population",Units,Undefined,,1.662852940536629
2018/19,35 to 44,,,,,"Rate per 100,000 population",Units,Undefined,,1.420748503925019
2018/19,45 to 54,,,,,"Rate per 100,000 population",Units,Undefined,,1.2895258082010894
2018/19,55 to 64,,,,,"Rate per 100,000 population",Units,Undefined,,0.6553089282992312
2018/19,65 to 74,,,,,"Rate per 100,000 population",Units,Undefined,,0.6094538480915969
2018/19,75 and over,,,,,"Rate per 100,000 population",Units,Undefined,,0.9341395092680852
2019/20,,,,,,"Rate per 100,000 population",Units,Undefined,,1.1692494461627083
2019/20,Under 1,,,,,"Rate per 100,000 population",Units,Undefined,,2.771840563730774
2019/20,1 to 4,,,,,"Rate per 100,000 population",Units,Undefined,,0.4261679932921157
2019/20,5 to 15,,,,,"Rate per 100,000 population",Units,Undefined,,0.1895055610406887
2019/20,16 to 24,,,,,"Rate per 100,000 population",Units,Undefined,,2.255902600928606
2019/20,25 to 34,,,,,"Rate per 100,000 population",Units,Undefined,,1.722722345718667
2019/20,35 to 44,,,,,"Rate per 100,000 population",Units,Undefined,,1.7727625038071075
2019/20,45 to 54,,,,,"Rate per 100,000 population",Units,Undefined,,1.143876685119967
2019/20,55 to 64,,,,,"Rate per 100,000 population",Units,Undefined,,0.8202625424051403
2019/20,65 to 74,,,,,"Rate per 100,000 population",Units,Undefined,,0.774737624998021
2019/20,75 and over,,,,,"Rate per 100,000 population",Units,Undefined,,0.7679284715978701
