Year,Sex,Age,Ethnicity,Ethnic group,Disability status,Country of birth,Region,Household income,Observation status,Unit multiplier,Unit measure,GeoCode,Value
2019/20,,,,,,,East,,Undefined,Units,Percentage (%),E12000006,77.708476189
2017/18,,,,,,,East,,Undefined,Units,Percentage (%),E12000006,73.21421362
2018/19,,,,,,,East,,Undefined,Units,Percentage (%),E12000006,78.28681079754766
2017/18,,,,,,,East Midlands,,Undefined,Units,Percentage (%),E12000004,73.37057158
2018/19,,,,,,,East Midlands,,Undefined,Units,Percentage (%),E12000004,79.30637433402521
2019/20,,,,,,,East Midlands,,Undefined,Units,Percentage (%),E12000004,75.89910596609465
2017/18,,,,,,,London,,Undefined,Units,Percentage (%),E12000007,72.2907938
2018/19,,,,,,,London,,Undefined,Units,Percentage (%),E12000007,74.51738341580496
2019/20,,,,,,,London,,Undefined,Units,Percentage (%),E12000007,75.95050746283611
2017/18,,,,,,,North East,,Undefined,Units,Percentage (%),E12000001,72.13568101
2018/19,,,,,,,North East,,Undefined,Units,Percentage (%),E12000001,74.55468688376641
2019/20,,,,,,,North East,,Undefined,Units,Percentage (%),E12000001,76.98902630026375
2017/18,,,,,,,North West,,Undefined,Units,Percentage (%),E12000002,76.47150371
2018/19,,,,,,,North West,,Undefined,Units,Percentage (%),E12000002,77.24722342281228
2019/20,,,,,,,North West,,Undefined,Units,Percentage (%),E12000002,77.45575886844394
2017/18,,,,,,,South East,,Undefined,Units,Percentage (%),E12000008,77.7169555
2018/19,,,,,,,South East,,Undefined,Units,Percentage (%),E12000008,81.4457544935554
2019/20,,,,,,,South East,,Undefined,Units,Percentage (%),E12000008,81.60204285317506
2017/18,,,,,,,South West,,Undefined,Units,Percentage (%),E12000009,80.77707118
2018/19,,,,,,,South West,,Undefined,Units,Percentage (%),E12000009,85.0036375152492
2019/20,,,,,,,South West,,Undefined,Units,Percentage (%),E12000009,82.7700556171558
2017/18,,,,,,,Wales,,Undefined,Units,Percentage (%),W92000004,81.43447067
2018/19,,,,,,,Wales,,Undefined,Units,Percentage (%),W92000004,82.50008598214113
2019/20,,,,,,,Wales,,Undefined,Units,Percentage (%),W92000004,85.35156907374639
2017/18,,,,,,,West Midlands,,Undefined,Units,Percentage (%),E12000005,68.48863783
2018/19,,,,,,,West Midlands,,Undefined,Units,Percentage (%),E12000005,73.39975941331028
2019/20,,,,,,,West Midlands,,Undefined,Units,Percentage (%),E12000005,70.70317133346681
2017/18,,,,,,,Yorkshire and The Humber,,Undefined,Units,Percentage (%),E12000003,77.00300553
2018/19,,,,,,,Yorkshire and The Humber,,Undefined,Units,Percentage (%),E12000003,79.4401074628456
2019/20,,,,,,,Yorkshire and The Humber,,Undefined,Units,Percentage (%),E12000003,75.58187511158661
2001/02,Female,,,,,,,,Undefined,Units,Percentage (%),,53.096617922848345
2002/03,Female,,,,,,,,Undefined,Units,Percentage (%),,50.44783516964759
2003/04,Female,,,,,,,,Undefined,Units,Percentage (%),,53.25797600438492
2004/05,Female,,,,,,,,Undefined,Units,Percentage (%),,56.55094237556175
2005/06,Female,,,,,,,,Undefined,Units,Percentage (%),,54.56886977947831
2006/07,Female,,,,,,,,Undefined,Units,Percentage (%),,55.9485120177003
2007/08,Female,,,,,,,,Undefined,Units,Percentage (%),,56.334441511193866
2008/09,Female,,,,,,,,Undefined,Units,Percentage (%),,57.39225210700855
2009/10,Female,,,,,,,,Undefined,Units,Percentage (%),,60.94367969347289
2010/11,Female,,,,,,,,Undefined,Units,Percentage (%),,63.54408855640662
2011/12,Female,,,,,,,,Undefined,Units,Percentage (%),,64.48216164655682
2012/13,Female,,,,,,,,Undefined,Units,Percentage (%),,56.6509335295144
2013/14,Female,,,,,,,,Undefined,Units,Percentage (%),,57.95424582600218
2014/15,Female,,,,,,,,Undefined,Units,Percentage (%),,61.81505205936627
2015/16,Female,,,,,,,,Undefined,Units,Percentage (%),,61.70598040835485
2017/18,Female,,,,,,,,Undefined,Units,Percentage (%),,63.74953488284568
2017/18,Female,16 to 24,,,,,,,Undefined,Units,Percentage (%),,65.13337433
2017/18,Female,25 to 34,,,,,,,Undefined,Units,Percentage (%),,66.419576
2017/18,Female,35 to 44,,,,,,,Undefined,Units,Percentage (%),,67.46390399
2017/18,Female,45 to 54,,,,,,,Undefined,Units,Percentage (%),,65.67401763
2017/18,Female,55 to 64,,,,,,,Undefined,Units,Percentage (%),,64.4565555
2017/18,Female,65 to 74,,,,,,,Undefined,Units,Percentage (%),,58.25077059
2017/18,Female,75 and over,,,,,,,Undefined,Units,Percentage (%),,54.10797382
2018/19,Female,,,,,,,,Undefined,Units,Percentage (%),,68.81072249215667
2018/19,Female,16 to 24,,,,,,,Undefined,Units,Percentage (%),,69.05765998777194
2018/19,Female,25 to 34,,,,,,,Undefined,Units,Percentage (%),,73.82404259236019
2018/19,Female,35 to 44,,,,,,,Undefined,Units,Percentage (%),,70.62110623992287
2018/19,Female,45 to 54,,,,,,,Undefined,Units,Percentage (%),,69.40956631805936
2018/19,Female,55 to 64,,,,,,,Undefined,Units,Percentage (%),,69.89969095074123
2018/19,Female,65 to 74,,,,,,,Undefined,Units,Percentage (%),,65.34300363119706
2018/19,Female,75 and over,,,,,,,Undefined,Units,Percentage (%),,59.93864362189636
2019/20,Female,,,,,,,,Undefined,Units,Percentage (%),,68.99553805118843
2019/20,Female,16 to 24,,,,,,,Undefined,Units,Percentage (%),,74.01473807641497
2019/20,Female,25 to 34,,,,,,,Undefined,Units,Percentage (%),,68.98324688775531
2019/20,Female,35 to 44,,,,,,,Undefined,Units,Percentage (%),,71.13065473423107
2019/20,Female,45 to 54,,,,,,,Undefined,Units,Percentage (%),,70.3985369297277
2019/20,Female,55 to 64,,,,,,,Undefined,Units,Percentage (%),,70.32949299579319
2019/20,Female,65 to 74,,,,,,,Undefined,Units,Percentage (%),,67.57493224732468
2019/20,Female,75 and over,,,,,,,Undefined,Units,Percentage (%),,58.42508272380803
2001/02,Male,,,,,,,,Undefined,Units,Percentage (%),,84.03549880314391
2002/03,Male,,,,,,,,Undefined,Units,Percentage (%),,81.96650072375839
2003/04,Male,,,,,,,,Undefined,Units,Percentage (%),,83.60368269869024
2004/05,Male,,,,,,,,Undefined,Units,Percentage (%),,84.80284274385487
2005/06,Male,,,,,,,,Undefined,Units,Percentage (%),,82.81551117478963
2006/07,Male,,,,,,,,Undefined,Units,Percentage (%),,82.89045800167682
2007/08,Male,,,,,,,,Undefined,Units,Percentage (%),,83.03751375719125
2008/09,Male,,,,,,,,Undefined,Units,Percentage (%),,83.39308686861618
2009/10,Male,,,,,,,,Undefined,Units,Percentage (%),,84.73876559170024
2010/11,Male,,,,,,,,Undefined,Units,Percentage (%),,86.08563182994014
2011/12,Male,,,,,,,,Undefined,Units,Percentage (%),,87.08260300311319
2012/13,Male,,,,,,,,Undefined,Units,Percentage (%),,84.7228885052252
2013/14,Male,,,,,,,,Undefined,Units,Percentage (%),,85.08356364056478
2014/15,Male,,,,,,,,Undefined,Units,Percentage (%),,85.75433770838818
2015/16,Male,,,,,,,,Undefined,Units,Percentage (%),,87.8726364451006
2017/18,Male,,,,,,,,Undefined,Units,Percentage (%),,87.16786062260739
2017/18,Male,16 to 24,,,,,,,Undefined,Units,Percentage (%),,89.16639631
2017/18,Male,25 to 34,,,,,,,Undefined,Units,Percentage (%),,87.39048872
2017/18,Male,35 to 44,,,,,,,Undefined,Units,Percentage (%),,88.42503011
2017/18,Male,45 to 54,,,,,,,Undefined,Units,Percentage (%),,90.92815488
2017/18,Male,55 to 64,,,,,,,Undefined,Units,Percentage (%),,86.01610228
2017/18,Male,65 to 74,,,,,,,Undefined,Units,Percentage (%),,84.26633697
2017/18,Male,75 and over,,,,,,,Undefined,Units,Percentage (%),,80.00095654
2018/19,Male,,,,,,,,Undefined,Units,Percentage (%),,88.35775144994396
2018/19,Male,16 to 24,,,,,,,Undefined,Units,Percentage (%),,91.21439964316546
2018/19,Male,25 to 34,,,,,,,Undefined,Units,Percentage (%),,90.67450594442457
2018/19,Male,35 to 44,,,,,,,Undefined,Units,Percentage (%),,88.3222119933392
2018/19,Male,45 to 54,,,,,,,Undefined,Units,Percentage (%),,87.95703176013215
2018/19,Male,55 to 64,,,,,,,Undefined,Units,Percentage (%),,88.53319337056503
2018/19,Male,65 to 74,,,,,,,Undefined,Units,Percentage (%),,84.18782723645066
2018/19,Male,75 and over,,,,,,,Undefined,Units,Percentage (%),,85.3682325564091
2019/20,Male,,,,,,,,Undefined,Units,Percentage (%),,86.83011684809004
2019/20,Male,16 to 24,,,,,,,Undefined,Units,Percentage (%),,85.79478498104551
2019/20,Male,25 to 34,,,,,,,Undefined,Units,Percentage (%),,89.46697571128536
2019/20,Male,35 to 44,,,,,,,Undefined,Units,Percentage (%),,88.40737324741946
2019/20,Male,45 to 54,,,,,,,Undefined,Units,Percentage (%),,89.71567539555367
2019/20,Male,55 to 64,,,,,,,Undefined,Units,Percentage (%),,86.02061580014241
2019/20,Male,65 to 74,,,,,,,Undefined,Units,Percentage (%),,83.38857874986357
2019/20,Male,75 and over,,,,,,,Undefined,Units,Percentage (%),,79.59228841316175
2018/19,,,,,Non-disabled (GSS harmonised),,,,Undefined,Units,Percentage (%),,81.32498048789061
2019/20,,,,,Non-disabled (GSS harmonised),,,,Undefined,Units,Percentage (%),,80.61527371096132
2018/19,,,,,Disabled (GSS harmonised),,,,Undefined,Units,Percentage (%),,63.64163116961257
2019/20,,,,,Disabled (GSS harmonised),,,,Undefined,Units,Percentage (%),,63.4823693253464
2001/02,,,,,,,,,Undefined,Units,Percentage (%),,68.08609377647656
2002/03,,,,,,,,,Undefined,Units,Percentage (%),,65.71513079673647
2003/04,,,,,,,,,Undefined,Units,Percentage (%),,67.98317450562118
2004/05,,,,,,,,,Undefined,Units,Percentage (%),,70.26242897022688
2005/06,,,,,,,,,Undefined,Units,Percentage (%),,68.27897624231028
2006/07,,,,,,,,,Undefined,Units,Percentage (%),,69.03893532593428
2007/08,,,,,,,,,Undefined,Units,Percentage (%),,69.32177030234246
2008/09,,,,,,,,,Undefined,Units,Percentage (%),,70.04666565093463
2009/10,,,,,,,,,Undefined,Units,Percentage (%),,72.53356924800842
2010/11,,,,,,,,,Undefined,Units,Percentage (%),,74.53675390817087
2011/12,,,,,,,,,Undefined,Units,Percentage (%),,75.51578593894111
2012/13,,,,,,,,,Undefined,Units,Percentage (%),,70.4816186669451
2013/14,,,,,,,,,Undefined,Units,Percentage (%),,71.24689954764844
2014/15,,,,,,,,,Undefined,Units,Percentage (%),,73.6875703571393
2015/16,,,,,,,,,Undefined,Units,Percentage (%),,74.70836037038079
2016/17,,,,,,,,,Undefined,Units,Percentage (%),,
2017/18,,,,,,,,,Undefined,Units,Percentage (%),,75.2219777184439
2017/18,,16 to 24,,,,,,,Undefined,Units,Percentage (%),,76.97541886
2017/18,,25 to 34,,,,,,,Undefined,Units,Percentage (%),,77.01368031
2017/18,,35 to 44,,,,,,,Undefined,Units,Percentage (%),,77.95679948
2017/18,,45 to 54,,,,,,,Undefined,Units,Percentage (%),,78.12526752
2017/18,,55 to 64,,,,,,,Undefined,Units,Percentage (%),,74.81302419
2017/18,,65 to 74,,,,,,,Undefined,Units,Percentage (%),,70.45375257
2017/18,,75 and over,,,,,,,Undefined,Units,Percentage (%),,66.46329694
2017/18,,,White,,,,,,Undefined,Units,Percentage (%),,76.03719811
2017/18,,,White,English/Welsh/Scottish/Northern Irish/British,,,,,Undefined,Units,Percentage (%),,76.19900083
2017/18,,,White,Irish,,,,,Undefined,Units,Percentage (%),,73.07632794
2017/18,,,White,Any other White background,,,,,Undefined,Units,Percentage (%),,74.64943342
2017/18,,,Mixed/Multiple ethnic background,,,,,,Undefined,Units,Percentage (%),,79.20927779
2017/18,,,Asian/Asian British,,,,,,Undefined,Units,Percentage (%),,65.10010961
2017/18,,,Asian/Asian British,Indian,,,,,Undefined,Units,Percentage (%),,61.39216943
2017/18,,,Asian/Asian British,Pakistani,,,,,Undefined,Units,Percentage (%),,62.53960311
2017/18,,,Asian/Asian British,Any other Asian background,,,,,Undefined,Units,Percentage (%),,70.12885334
2017/18,,,Black/African/Caribbean/Black British,,,,,,Undefined,Units,Percentage (%),,76.49473249
2017/18,,,Black/African/Caribbean/Black British,African,,,,,Undefined,Units,Percentage (%),,74.92607511
2017/18,,,Black/African/Caribbean/Black British,Caribbean,,,,,Undefined,Units,Percentage (%),,85.23406325
2017/18,,,Other ethnic group,,,,,,Undefined,Units,Percentage (%),,77.59134016
2017/18,,,Other ethnic group,Any other ethnic group,,,,,Undefined,Units,Percentage (%),,76.27382714
2017/18,,,,,,Born in the UK,,,Undefined,Units,Percentage (%),,76.15675162
2017/18,,,,,,Not born in the UK,,,Undefined,Units,Percentage (%),,70.84039142
2018/19,,,,,,,,,Undefined,Units,Percentage (%),,78.41676293133546
2018/19,,16 to 24,,,,,,,Undefined,Units,Percentage (%),,80.26767232704465
2018/19,,25 to 34,,,,,,,Undefined,Units,Percentage (%),,82.40233909730615
2018/19,,35 to 44,,,,,,,Undefined,Units,Percentage (%),,79.4084263958582
2018/19,,45 to 54,,,,,,,Undefined,Units,Percentage (%),,78.86493418980255
2018/19,,55 to 64,,,,,,,Undefined,Units,Percentage (%),,78.97175330972198
2018/19,,65 to 74,,,,,,,Undefined,Units,Percentage (%),,73.96338701112634
2018/19,,75 and over,,,,,,,Undefined,Units,Percentage (%),,71.37582048947397
2018/19,,,White,,,,,,Undefined,Units,Percentage (%),,78.81217145729046
2018/19,,,White,English/Welsh/Scottish/Northern Irish/British,,,,,Undefined,Units,Percentage (%),,78.7523797930001
2018/19,,,White,Irish,,,,,Undefined,Units,Percentage (%),,74.9862028800316
2018/19,,,White,Any other White background,,,,,Undefined,Units,Percentage (%),,79.84218147531351
2018/19,,,Mixed/Multiple ethnic background,,,,,,Undefined,Units,Percentage (%),,84.75593746705765
2018/19,,,Asian/Asian British,,,,,,Undefined,Units,Percentage (%),,75.27839954474747
2018/19,,,Asian/Asian British,Indian,,,,,Undefined,Units,Percentage (%),,73.46391719535835
2018/19,,,Asian/Asian British,Pakistani,,,,,Undefined,Units,Percentage (%),,74.43152249321248
2018/19,,,Asian/Asian British,Bangladeshi,,,,,Undefined,Units,Percentage (%),,69.517298812181
2018/19,,,Asian/Asian British,Any other Asian background,,,,,Undefined,Units,Percentage (%),,77.96376902459552
2018/19,,,Black/African/Caribbean/Black British,,,,,,Undefined,Units,Percentage (%),,77.05079735468706
2018/19,,,Black/African/Caribbean/Black British,African,,,,,Undefined,Units,Percentage (%),,74.05557140374054
2018/19,,,Black/African/Caribbean/Black British,Caribbean,,,,,Undefined,Units,Percentage (%),,81.39877737252117
2018/19,,,Other ethnic group,,,,,,Undefined,Units,Percentage (%),,65.92666573022196
2018/19,,,,,,Born in the UK,,,Undefined,Units,Percentage (%),,78.54333145981356
2018/19,,,,,,Not born in the UK,,,Undefined,Units,Percentage (%),,77.72011442294882
2019/20,,,,,,,,,Undefined,Units,Percentage (%),,77.84645681302179
2019/20,,16 to 24,,,,,,,Undefined,Units,Percentage (%),,80.12869771552586
2019/20,,25 to 34,,,,,,,Undefined,Units,Percentage (%),,79.508350295058
2019/20,,35 to 44,,,,,,,Undefined,Units,Percentage (%),,80.13446165880262
2019/20,,45 to 54,,,,,,,Undefined,Units,Percentage (%),,79.86600818259623
2019/20,,55 to 64,,,,,,,Undefined,Units,Percentage (%),,78.17376536292647
2019/20,,65 to 74,,,,,,,Undefined,Units,Percentage (%),,74.98005118970329
2019/20,,75 and over,,,,,,,Undefined,Units,Percentage (%),,67.58099568980793
2019/20,,,White,,,,,,Undefined,Units,Percentage (%),,78.41391707570313
2019/20,,,White,English/Welsh/Scottish/Northern Irish/British,,,,,Undefined,Units,Percentage (%),,78.32918086678458
2019/20,,,White,Irish,,,,,Undefined,Units,Percentage (%),,77.65466398264351
2019/20,,,White,Any other White background,,,,,Undefined,Units,Percentage (%),,79.5579980630285
2019/20,,,Mixed/Multiple ethnic background,,,,,,Undefined,Units,Percentage (%),,77.95501634727785
2019/20,,,Asian/Asian British,,,,,,Undefined,Units,Percentage (%),,72.29803961720162
2019/20,,,Asian/Asian British,Indian,,,,,Undefined,Units,Percentage (%),,76.24178897412816
2019/20,,,Asian/Asian British,Pakistani,,,,,Undefined,Units,Percentage (%),,66.37979335376163
2019/20,,,Asian/Asian British,Any other Asian background,,,,,Undefined,Units,Percentage (%),,74.1820633355827
2019/20,,,Black/African/Caribbean/Black British,,,,,,Undefined,Units,Percentage (%),,77.63093544500984
2019/20,,,Black/African/Caribbean/Black British,African,,,,,Undefined,Units,Percentage (%),,73.43684872862536
2019/20,,,Black/African/Caribbean/Black British,Caribbean,,,,,Undefined,Units,Percentage (%),,84.01022168172877
2019/20,,,Other ethnic group,,,,,,Undefined,Units,Percentage (%),,80.24983930056128
2019/20,,,,,,Born in the UK,,,Undefined,Units,Percentage (%),,78.35186259741008
2019/20,,,,,,Not born in the UK,,,Undefined,Units,Percentage (%),,75.5539694244559
2019/20,,,,,,,,"Less than £10,400",Undefined,Units,Percentage (%),,66.49974624848282
2019/20,,,,,,,,"£10,400 to less than £20,800",Undefined,Units,Percentage (%),,71.94108956812019
2019/20,,,,,,,,"£20,800 to less than £31,200",Undefined,Units,Percentage (%),,73.76682240006
2019/20,,,,,,,,"£31,200 to less than £41,600",Undefined,Units,Percentage (%),,80.77645895295193
2019/20,,,,,,,,"£41,600 to less than £52,000",Undefined,Units,Percentage (%),,81.09606586782111
2019/20,,,,,,,,"£52,000 or more",Undefined,Units,Percentage (%),,85.8228497980259
