Year,Units,Observation status,Country group,Product sector,Value
2005,Percentage (%),Undefined,Developing countries,,2.5452240926
2005,Percentage (%),Undefined,Developing countries,AGRI,8.454787732919257
2005,Percentage (%),Undefined,Developing countries,FISH,1.868945799869811
2005,Percentage (%),Undefined,Developing countries,NAMA,2.560637731065785
2005,Percentage (%),Undefined,Developing countries,PAPS,6.979717360895116
2005,Percentage (%),Undefined,Least developed countries,,2.628319320867405
2005,Percentage (%),Undefined,Least developed countries,AGRI,0.9426876723584552
2005,Percentage (%),Undefined,Least developed countries,FISH,0.0013197850896667
2005,Percentage (%),Undefined,Least developed countries,NAMA,3.110820458878673
2005,Percentage (%),Undefined,Least developed countries,PAPS,0.2853957061982108
2005,Percentage (%),Undefined,Small island developing states,,0.2119703166130554
2005,Percentage (%),Undefined,Small island developing states,AGRI,0.6771699995932319
2005,Percentage (%),Undefined,Small island developing states,FISH,0.0001331607236424
2005,Percentage (%),Undefined,Small island developing states,NAMA,0.3004463688908912
2005,Percentage (%),Undefined,Small island developing states,PAPS,5.689406749529699
2006,Percentage (%),Undefined,Developing countries,,2.310761493351005
2006,Percentage (%),Undefined,Developing countries,AGRI,8.103904978975459
2006,Percentage (%),Undefined,Developing countries,FISH,1.629221735434912
2006,Percentage (%),Undefined,Developing countries,NAMA,2.277685713912647
2006,Percentage (%),Undefined,Developing countries,PAPS,7.973952855401041
2006,Percentage (%),Undefined,Least developed countries,,2.3433036737286552
2006,Percentage (%),Undefined,Least developed countries,AGRI,0.9016729060130404
2006,Percentage (%),Undefined,Least developed countries,FISH,0.1699518319284312
2006,Percentage (%),Undefined,Least developed countries,NAMA,2.629689203714141
2006,Percentage (%),Undefined,Least developed countries,PAPS,0.9705747919316772
2006,Percentage (%),Undefined,Small island developing states,,0.2713038270779684
2006,Percentage (%),Undefined,Small island developing states,AGRI,1.4975050294041787
2006,Percentage (%),Undefined,Small island developing states,FISH,0.0002701564239636
2006,Percentage (%),Undefined,Small island developing states,NAMA,0.396559146430035
2006,Percentage (%),Undefined,Small island developing states,PAPS,4.190976952812174
2007,Percentage (%),Undefined,Developing countries,,2.509541702316
2007,Percentage (%),Undefined,Developing countries,AGRI,8.027338571805068
2007,Percentage (%),Undefined,Developing countries,FISH,2.005843823341696
2007,Percentage (%),Undefined,Developing countries,NAMA,2.2709207185656464
2007,Percentage (%),Undefined,Developing countries,PAPS,6.905720100491034
2007,Percentage (%),Undefined,Least developed countries,,0.2975238967966364
2007,Percentage (%),Undefined,Least developed countries,AGRI,1.5151710892127432
2007,Percentage (%),Undefined,Least developed countries,FISH,0.0010679910136591
2007,Percentage (%),Undefined,Least developed countries,NAMA,0.4547566741013471
2007,Percentage (%),Undefined,Least developed countries,PAPS,3.895650574960008
2007,Percentage (%),Undefined,Small island developing states,,0.2975238967966364
2007,Percentage (%),Undefined,Small island developing states,AGRI,1.5151710892127432
2007,Percentage (%),Undefined,Small island developing states,FISH,0.0010679910136591
2007,Percentage (%),Undefined,Small island developing states,NAMA,0.4547566741013471
2007,Percentage (%),Undefined,Small island developing states,PAPS,3.895650574960008
2008,Percentage (%),Undefined,Developing countries,,2.573797615023974
2008,Percentage (%),Undefined,Developing countries,AGRI,7.132462475898133
2008,Percentage (%),Undefined,Developing countries,FISH,1.6073382015209792
2008,Percentage (%),Undefined,Developing countries,NAMA,2.367281978030032
2008,Percentage (%),Undefined,Developing countries,PAPS,7.66145377334276
2008,Percentage (%),Undefined,Least developed countries,,1.5965596561685196
2008,Percentage (%),Undefined,Least developed countries,AGRI,0.8331627484493984
2008,Percentage (%),Undefined,Least developed countries,FISH,0.6015343218385053
2008,Percentage (%),Undefined,Least developed countries,NAMA,1.7105939124631475
2008,Percentage (%),Undefined,Least developed countries,PAPS,3.0682211329791915
2008,Percentage (%),Undefined,Small island developing states,,0.2129799340130083
2008,Percentage (%),Undefined,Small island developing states,AGRI,0.8513077728477816
2008,Percentage (%),Undefined,Small island developing states,FISH,9.427442002351345e-05
2008,Percentage (%),Undefined,Small island developing states,NAMA,0.371634648882801
2008,Percentage (%),Undefined,Small island developing states,PAPS,2.276370490515545
2009,Percentage (%),Undefined,Developing countries,,2.818252780333442
2009,Percentage (%),Undefined,Developing countries,AGRI,7.451596796271883
2009,Percentage (%),Undefined,Developing countries,FISH,1.810455219676436
2009,Percentage (%),Undefined,Developing countries,NAMA,2.6169798717605595
2009,Percentage (%),Undefined,Developing countries,PAPS,6.751615967821409
2009,Percentage (%),Undefined,Least developed countries,,2.001776431110888
2009,Percentage (%),Undefined,Least developed countries,AGRI,0.2169337537317724
2009,Percentage (%),Undefined,Least developed countries,FISH,1.0369464564605186
2009,Percentage (%),Undefined,Least developed countries,NAMA,2.250293540172568
2009,Percentage (%),Undefined,Least developed countries,PAPS,0.642604323076779
2009,Percentage (%),Undefined,Small island developing states,,0.2129558210270977
2009,Percentage (%),Undefined,Small island developing states,AGRI,1.0835460181516574
2009,Percentage (%),Undefined,Small island developing states,FISH,0.0017369310166703
2009,Percentage (%),Undefined,Small island developing states,NAMA,0.2826636833633829
2009,Percentage (%),Undefined,Small island developing states,PAPS,2.337147513834288
2010,Percentage (%),Undefined,Developing countries,,2.5571533488845555
2010,Percentage (%),Undefined,Developing countries,AGRI,7.501048148318046
2010,Percentage (%),Undefined,Developing countries,FISH,2.398175714386124
2010,Percentage (%),Undefined,Developing countries,NAMA,2.32806712442267
2010,Percentage (%),Undefined,Developing countries,PAPS,5.969241868006549
2010,Percentage (%),Undefined,Least developed countries,,1.8292735471261528
2010,Percentage (%),Undefined,Least developed countries,AGRI,0.3230598858076667
2010,Percentage (%),Undefined,Least developed countries,FISH,0.9091030725345064
2010,Percentage (%),Undefined,Least developed countries,NAMA,2.0965567989911387
2010,Percentage (%),Undefined,Least developed countries,PAPS,0.2618841762003193
2010,Percentage (%),Undefined,Small island developing states,,0.2408767469801495
2010,Percentage (%),Undefined,Small island developing states,AGRI,0.5695083245987431
2010,Percentage (%),Undefined,Small island developing states,FISH,0.0011555906169609
2010,Percentage (%),Undefined,Small island developing states,NAMA,0.3061167470260664
2010,Percentage (%),Undefined,Small island developing states,PAPS,2.64203882869824
2011,Percentage (%),Undefined,Developing countries,,2.422920498586114
2011,Percentage (%),Undefined,Developing countries,AGRI,7.652566102925483
2011,Percentage (%),Undefined,Developing countries,FISH,2.4051503717170517
2011,Percentage (%),Undefined,Developing countries,NAMA,2.1681006097014364
2011,Percentage (%),Undefined,Developing countries,PAPS,5.95446754931672
2011,Percentage (%),Undefined,Least developed countries,,0.4235074949567744
2011,Percentage (%),Undefined,Least developed countries,AGRI,0.2881044155862646
2011,Percentage (%),Undefined,Least developed countries,FISH,1.325578228323258
2011,Percentage (%),Undefined,Least developed countries,NAMA,0.4631486010237666
2011,Percentage (%),Undefined,Least developed countries,PAPS,0.1051701585212711
2011,Percentage (%),Undefined,Small island developing states,,0.1468708815085302
2011,Percentage (%),Undefined,Small island developing states,AGRI,0.0317890109748206
2011,Percentage (%),Undefined,Small island developing states,FISH,0.007923733356257
2011,Percentage (%),Undefined,Small island developing states,NAMA,0.2315467815806606
2011,Percentage (%),Undefined,Small island developing states,PAPS,2.5868514675867638
2012,Percentage (%),Undefined,Developing countries,,2.5582561340497887
2012,Percentage (%),Undefined,Developing countries,AGRI,9.4488823399326
2012,Percentage (%),Undefined,Developing countries,FISH,5.790100617820123
2012,Percentage (%),Undefined,Developing countries,NAMA,1.996173214655532
2012,Percentage (%),Undefined,Developing countries,PAPS,5.929754087048406
2012,Percentage (%),Undefined,Least developed countries,,0.2562716170375054
2012,Percentage (%),Undefined,Least developed countries,AGRI,0.1766543087426898
2012,Percentage (%),Undefined,Least developed countries,FISH,1.216591771163268
2012,Percentage (%),Undefined,Least developed countries,NAMA,0.241013398785629
2012,Percentage (%),Undefined,Least developed countries,PAPS,0.0464859850603318
2012,Percentage (%),Undefined,Small island developing states,,11.663105979700193
2012,Percentage (%),Undefined,Small island developing states,AGRI,19.948304738047927
2012,Percentage (%),Undefined,Small island developing states,FISH,0.0505956185226405
2012,Percentage (%),Undefined,Small island developing states,NAMA,0.3744695767953785
2012,Percentage (%),Undefined,Small island developing states,PAPS,2.5448251390199284
2013,Percentage (%),Undefined,Developing countries,,2.6684624268180217
2013,Percentage (%),Undefined,Developing countries,AGRI,10.181895335164732
2013,Percentage (%),Undefined,Developing countries,FISH,5.360320337375947
2013,Percentage (%),Undefined,Developing countries,NAMA,2.034512502804251
2013,Percentage (%),Undefined,Developing countries,PAPS,6.136022796907481
2013,Percentage (%),Undefined,Least developed countries,,0.225986575573164
2013,Percentage (%),Undefined,Least developed countries,AGRI,0.1601286344145746
2013,Percentage (%),Undefined,Least developed countries,FISH,0.9743397254605112
2013,Percentage (%),Undefined,Least developed countries,NAMA,0.2113839254808691
2013,Percentage (%),Undefined,Least developed countries,PAPS,0.1155734192551034
2013,Percentage (%),Undefined,Small island developing states,,15.75641130553708
2013,Percentage (%),Undefined,Small island developing states,AGRI,27.80434349473005
2013,Percentage (%),Undefined,Small island developing states,FISH,0.0181130458462759
2013,Percentage (%),Undefined,Small island developing states,NAMA,0.2491051352647394
2013,Percentage (%),Undefined,Small island developing states,PAPS,3.6134428397100864
2014,Percentage (%),Undefined,Developing countries,,2.6988320794857623
2014,Percentage (%),Undefined,Developing countries,AGRI,10.060026928460006
2014,Percentage (%),Undefined,Developing countries,FISH,5.34716246617822
2014,Percentage (%),Undefined,Developing countries,NAMA,2.0875269128451897
2014,Percentage (%),Undefined,Developing countries,PAPS,6.854777572751231
2014,Percentage (%),Undefined,Least developed countries,,0.1401337618808541
2014,Percentage (%),Undefined,Least developed countries,AGRI,0.1467368860995764
2014,Percentage (%),Undefined,Least developed countries,FISH,0.0347562921201162
2014,Percentage (%),Undefined,Least developed countries,NAMA,0.1437382746361393
2014,Percentage (%),Undefined,Least developed countries,PAPS,0.0432744251751503
2014,Percentage (%),Undefined,Small island developing states,,16.526474921960272
2014,Percentage (%),Undefined,Small island developing states,AGRI,25.972129904799512
2014,Percentage (%),Undefined,Small island developing states,FISH,1.45806681012176
2014,Percentage (%),Undefined,Small island developing states,NAMA,0.296812844415976
2014,Percentage (%),Undefined,Small island developing states,PAPS,1.9823172213189648
2015,Percentage (%),Undefined,Developing countries,,2.6492323392929658
2015,Percentage (%),Undefined,Developing countries,AGRI,7.770512323321473
2015,Percentage (%),Undefined,Developing countries,FISH,6.900081763644191
2015,Percentage (%),Undefined,Developing countries,NAMA,2.196035088917693
2015,Percentage (%),Undefined,Developing countries,PAPS,6.522912878537388
2015,Percentage (%),Undefined,Least developed countries,,0.1920594802668987
2015,Percentage (%),Undefined,Least developed countries,AGRI,0.1155394229884495
2015,Percentage (%),Undefined,Least developed countries,FISH,0.0188363432282382
2015,Percentage (%),Undefined,Least developed countries,NAMA,0.1960574583215258
2015,Percentage (%),Undefined,Least developed countries,PAPS,2.5640067806380658
2015,Percentage (%),Undefined,Small island developing states,,1.464886410377419
2015,Percentage (%),Undefined,Small island developing states,AGRI,1.6097882217964885
2015,Percentage (%),Undefined,Small island developing states,FISH,2.063641871976155
2015,Percentage (%),Undefined,Small island developing states,NAMA,0.3899051129008737
2015,Percentage (%),Undefined,Small island developing states,PAPS,2.528800628871533
2016,Percentage (%),Undefined,Developing countries,,2.565109725897108
2016,Percentage (%),Undefined,Developing countries,AGRI,7.8196353759961745
2016,Percentage (%),Undefined,Developing countries,FISH,6.163754322181652
2016,Percentage (%),Undefined,Developing countries,NAMA,2.1184065314299745
2016,Percentage (%),Undefined,Developing countries,PAPS,6.062232471195054
2016,Percentage (%),Undefined,Least developed countries,,0.1331430025690354
2016,Percentage (%),Undefined,Least developed countries,AGRI,0.0503624361582425
2016,Percentage (%),Undefined,Least developed countries,FISH,0.0335536365379321
2016,Percentage (%),Undefined,Least developed countries,NAMA,0.1400679785920586
2016,Percentage (%),Undefined,Least developed countries,PAPS,0.62362288173951
2016,Percentage (%),Undefined,Small island developing states,,0.4945312616968624
2016,Percentage (%),Undefined,Small island developing states,AGRI,0.0196462966013173
2016,Percentage (%),Undefined,Small island developing states,FISH,1.872328826434455
2016,Percentage (%),Undefined,Small island developing states,NAMA,0.63281379835366
2016,Percentage (%),Undefined,Small island developing states,PAPS,2.914881320344873
2017,Percentage (%),Undefined,Developing countries,,2.576327595766553
2017,Percentage (%),Undefined,Developing countries,AGRI,7.185635719215402
2017,Percentage (%),Undefined,Developing countries,FISH,6.530798142715947
2017,Percentage (%),Undefined,Developing countries,NAMA,2.121421045528258
2017,Percentage (%),Undefined,Developing countries,PAPS,6.0106573355031205
2017,Percentage (%),Undefined,Least developed countries,,0.2508121885661024
2017,Percentage (%),Undefined,Least developed countries,AGRI,0.0786025536431884
2017,Percentage (%),Undefined,Least developed countries,FISH,1.6422586145670637
2017,Percentage (%),Undefined,Least developed countries,NAMA,0.2250174195456854
2017,Percentage (%),Undefined,Least developed countries,PAPS,1.2372498571409267
2017,Percentage (%),Undefined,Small island developing states,,0.7822100473421454
2017,Percentage (%),Undefined,Small island developing states,AGRI,0.0306394137364234
2017,Percentage (%),Undefined,Small island developing states,FISH,3.232096695494154
2017,Percentage (%),Undefined,Small island developing states,NAMA,0.8405790977819799
2017,Percentage (%),Undefined,Small island developing states,PAPS,3.474916782820069
2018,Percentage (%),Undefined,Developing countries,,2.375338097386385
2018,Percentage (%),Undefined,Developing countries,AGRI,7.076343852713231
2018,Percentage (%),Undefined,Developing countries,FISH,5.598760256499082
2018,Percentage (%),Undefined,Developing countries,NAMA,1.9283734310699523
2018,Percentage (%),Undefined,Developing countries,PAPS,6.910586780567174
2018,Percentage (%),Undefined,Least developed countries,,0.2093167698256081
2018,Percentage (%),Undefined,Least developed countries,AGRI,0.2728021266564178
2018,Percentage (%),Undefined,Least developed countries,FISH,0.0248182104739596
2018,Percentage (%),Undefined,Least developed countries,NAMA,0.2095238472561724
2018,Percentage (%),Undefined,Least developed countries,PAPS,0.2341421427989794
2018,Percentage (%),Undefined,Small island developing states,,0.933055188053606
2018,Percentage (%),Undefined,Small island developing states,AGRI,0.0641904288083679
2018,Percentage (%),Undefined,Small island developing states,FISH,3.7894724769299
2018,Percentage (%),Undefined,Small island developing states,NAMA,0.6013405800538205
2018,Percentage (%),Undefined,Small island developing states,PAPS,2.484323135473224
2019,Percentage (%),Undefined,Developing countries,,2.34647221920214
2019,Percentage (%),Undefined,Developing countries,AGRI,6.991429002071811
2019,Percentage (%),Undefined,Developing countries,FISH,5.024910697218403
2019,Percentage (%),Undefined,Developing countries,NAMA,1.91569279609076
2019,Percentage (%),Undefined,Developing countries,PAPS,7.027169624326603
2019,Percentage (%),Undefined,Least developed countries,,0.2058321260454061
2019,Percentage (%),Undefined,Least developed countries,AGRI,0.6222890658892506
2019,Percentage (%),Undefined,Least developed countries,FISH,0.0480492882834013
2019,Percentage (%),Undefined,Least developed countries,NAMA,0.1860103753158839
2019,Percentage (%),Undefined,Least developed countries,PAPS,0.4007136344533242
2019,Percentage (%),Undefined,Small island developing states,,0.7950028337285223
2019,Percentage (%),Undefined,Small island developing states,AGRI,0.1627406767710766
2019,Percentage (%),Undefined,Small island developing states,FISH,2.640448577220766
2019,Percentage (%),Undefined,Small island developing states,NAMA,0.6876520257063541
2019,Percentage (%),Undefined,Small island developing states,PAPS,2.38911436946726
