Year,Measure,Sex,Age,Observation status,Unit multiplier,Unit measure,Value
2009,Median,,1.5 to 3,Undefined,Units,Calories per day,1108.3
2009,Median,Female,4 to 10,Undefined,Units,Calories per day,1489.8
2009,Median,Male,4 to 10,Undefined,Units,Calories per day,1576.0
2009,Median,,4 to 10,Undefined,Units,Calories per day,1540.8
2009,Median,Male,11 to 18,Undefined,Units,Calories per day,1914.7
2009,Median,Female,11 to 18,Undefined,Units,Calories per day,1601.4
2009,Median,,11 to 18,Undefined,Units,Calories per day,1780.4
2009,Median,Male,19 to 64,Undefined,Units,Calories per day,2103.4
2009,Median,Female,19 to 64,Undefined,Units,Calories per day,1602.1
2009,Median,,19 to 64,Undefined,Units,Calories per day,1831.1
2009,Median,Male,65 and over,Undefined,Units,Calories per day,1895.2
2009,Median,Female,65 and over,Undefined,Units,Calories per day,1478.9
2009,Median,,65 and over,Undefined,Units,Calories per day,1633.7
2009,Median,Male,65 to 74,Undefined,Units,Calories per day,2094.6
2009,Median,Female,65 to 74,Undefined,Units,Calories per day,1484.1
2009,Median,,65 to 74,Undefined,Units,Calories per day,1722.9
2009,Median,Male,75 and over,Undefined,Units,Calories per day,1721.8
2009,Median,Female,75 and over,Undefined,Units,Calories per day,1477.1
2009,Median,,75 and over,Undefined,Units,Calories per day,1575.4
2011,Median,,1.5 to 3,Undefined,Units,Calories per day,1118.0
2011,Median,Male,4 to 10,Undefined,Units,Calories per day,1537.3
2011,Median,Female,4 to 10,Undefined,Units,Calories per day,1404.1
2011,Median,,4 to 10,Undefined,Units,Calories per day,1482.9
2011,Median,Male,11 to 18,Undefined,Units,Calories per day,1923.0
2011,Median,Female,11 to 18,Undefined,Units,Calories per day,1492.9
2011,Median,,11 to 18,Undefined,Units,Calories per day,1719.0
2011,Median,Male,19 to 64,Undefined,Units,Calories per day,2053.4
2011,Median,Female,19 to 64,Undefined,Units,Calories per day,1541.3
2011,Median,,19 to 64,Undefined,Units,Calories per day,1775.4
2011,Median,Male,65 and over,Undefined,Units,Calories per day,1813.4
2011,Median,Female,65 and over,Undefined,Units,Calories per day,1463.4
2011,Median,,65 and over,Undefined,Units,Calories per day,1626.8
2011,Median,Male,65 to 74,Undefined,Units,Calories per day,1835.6
2011,Median,Female,65 to 74,Undefined,Units,Calories per day,1514.3
2011,Median,,65 to 74,Undefined,Units,Calories per day,1643.8
2011,Median,Male,75 and over,Undefined,Units,Calories per day,1811.7
2011,Median,Female,75 and over,Undefined,Units,Calories per day,1407.3
2011,Median,,75 and over,Undefined,Units,Calories per day,1598.3
2013,Median,,1.5 to 3,Undefined,Units,Calories per day,1075.9
2013,Median,Male,4 to 10,Undefined,Units,Calories per day,1466.2
2013,Median,Female,4 to 10,Undefined,Units,Calories per day,1400.1
2013,Median,,4 to 10,Undefined,Units,Calories per day,1442.1
2013,Median,Male,11 to 18,Undefined,Units,Calories per day,1921.6
2013,Median,Female,11 to 18,Undefined,Units,Calories per day,1599.1
2013,Median,,11 to 18,Undefined,Units,Calories per day,1722.9
2013,Median,Male,19 to 64,Undefined,Units,Calories per day,2076.2
2013,Median,Female,19 to 64,Undefined,Units,Calories per day,1553.9
2013,Median,,19 to 64,Undefined,Units,Calories per day,1814.7
2013,Median,Male,65 and over,Undefined,Units,Calories per day,1795.3
2013,Median,Female,65 and over,Undefined,Units,Calories per day,1453.1
2013,Median,,65 and over,Undefined,Units,Calories per day,1608.3
2013,Median,Male,65 to 74,Undefined,Units,Calories per day,1835.0
2013,Median,Female,65 to 74,Undefined,Units,Calories per day,1490.6
2013,Median,,65 to 74,Undefined,Units,Calories per day,1687.8
2013,Median,Male,75 and over,Undefined,Units,Calories per day,1625.9
2013,Median,Female,75 and over,Undefined,Units,Calories per day,1437.9
2013,Median,,75 and over,Undefined,Units,Calories per day,1522.7
2015,Median,,1.5 to 3,Undefined,Units,Calories per day,1030.2
2015,Median,Male,4 to 10,Undefined,Units,Calories per day,1473.5
2015,Median,Female,4 to 10,Undefined,Units,Calories per day,1323.8
2015,Median,,4 to 10,Undefined,Units,Calories per day,1400.2
2015,Median,Male,11 to 18,Undefined,Units,Calories per day,1786.6
2015,Median,Female,11 to 18,Undefined,Units,Calories per day,1514.2
2015,Median,,11 to 18,Undefined,Units,Calories per day,1622.9
2015,Median,Male,19 to 64,Undefined,Units,Calories per day,2072.4
2015,Median,Female,19 to 64,Undefined,Units,Calories per day,1596.1
2015,Median,,19 to 64,Undefined,Units,Calories per day,1805.8
2015,Median,Male,65 and over,Undefined,Units,Calories per day,1882.4
2015,Median,Female,65 and over,Undefined,Units,Calories per day,1389.2
2015,Median,,65 and over,Undefined,Units,Calories per day,1592.2
2015,Median,Male,65 to 74,Undefined,Units,Calories per day,1976.7
2015,Median,Female,65 to 74,Undefined,Units,Calories per day,1398.5
2015,Median,,65 to 74,Undefined,Units,Calories per day,1637.2
2015,Median,Male,75 and over,Undefined,Units,Calories per day,1746.7
2015,Median,Female,75 and over,Undefined,Units,Calories per day,1378.9
2015,Median,,75 and over,Undefined,Units,Calories per day,1518.2
2009,Percentile (2.5th),,1.5 to 3,Undefined,Units,Calories per day,645.5
2009,Percentile (2.5th),Male,4 to 10,Undefined,Units,Calories per day,1016.1
2009,Percentile (2.5th),Female,4 to 10,Undefined,Units,Calories per day,898.9
2009,Percentile (2.5th),,4 to 10,Undefined,Units,Calories per day,951.5
2009,Percentile (2.5th),Male,11 to 18,Undefined,Units,Calories per day,1071.9
2009,Percentile (2.5th),Female,11 to 18,Undefined,Units,Calories per day,858.1
2009,Percentile (2.5th),,11 to 18,Undefined,Units,Calories per day,953.5
2009,Percentile (2.5th),Male,19 to 64,Undefined,Units,Calories per day,1095.7
2009,Percentile (2.5th),Female,19 to 64,Undefined,Units,Calories per day,779.3
2009,Percentile (2.5th),,19 to 64,Undefined,Units,Calories per day,862.9
2009,Percentile (2.5th),Male,65 and over,Undefined,Units,Calories per day,860.4
2009,Percentile (2.5th),Female,65 and over,Undefined,Units,Calories per day,962.8
2009,Percentile (2.5th),,65 and over,Undefined,Units,Calories per day,947.4
2009,Percentile (2.5th),Male,65 to 74,Undefined,Units,Calories per day,1002.3
2009,Percentile (2.5th),Female,65 to 74,Undefined,Units,Calories per day,1035.2
2009,Percentile (2.5th),,65 to 74,Undefined,Units,Calories per day,1031.7
2009,Percentile (2.5th),Male,75 and over,Undefined,Units,Calories per day,752.6
2009,Percentile (2.5th),Female,75 and over,Undefined,Units,Calories per day,955.3
2009,Percentile (2.5th),,75 and over,Undefined,Units,Calories per day,866.6
2011,Percentile (2.5th),,1.5 to 3,Undefined,Units,Calories per day,721.2
2011,Percentile (2.5th),Male,4 to 10,Undefined,Units,Calories per day,970.8
2011,Percentile (2.5th),Female,4 to 10,Undefined,Units,Calories per day,799.8
2011,Percentile (2.5th),,4 to 10,Undefined,Units,Calories per day,903.5
2011,Percentile (2.5th),Male,11 to 18,Undefined,Units,Calories per day,1097.1
2011,Percentile (2.5th),Female,11 to 18,Undefined,Units,Calories per day,746.8
2011,Percentile (2.5th),,11 to 18,Undefined,Units,Calories per day,793.0
2011,Percentile (2.5th),Male,19 to 64,Undefined,Units,Calories per day,1045.1
2011,Percentile (2.5th),Female,19 to 64,Undefined,Units,Calories per day,737.9
2011,Percentile (2.5th),,19 to 64,Undefined,Units,Calories per day,847.9
2011,Percentile (2.5th),Male,65 and over,Undefined,Units,Calories per day,929.7
2011,Percentile (2.5th),Female,65 and over,Undefined,Units,Calories per day,893.2
2011,Percentile (2.5th),,65 and over,Undefined,Units,Calories per day,912.8
2011,Percentile (2.5th),Male,65 to 74,Undefined,Units,Calories per day,1051.3
2011,Percentile (2.5th),Female,65 to 74,Undefined,Units,Calories per day,904.9
2011,Percentile (2.5th),,65 to 74,Undefined,Units,Calories per day,913.7
2011,Percentile (2.5th),Male,75 and over,Undefined,Units,Calories per day,853.0
2011,Percentile (2.5th),Female,75 and over,Undefined,Units,Calories per day,854.7
2011,Percentile (2.5th),,75 and over,Undefined,Units,Calories per day,879.9
2013,Percentile (2.5th),,1.5 to 3,Undefined,Units,Calories per day,687.8
2013,Percentile (2.5th),Male,4 to 10,Undefined,Units,Calories per day,1014.0
2013,Percentile (2.5th),Female,4 to 10,Undefined,Units,Calories per day,834.0
2013,Percentile (2.5th),,4 to 10,Undefined,Units,Calories per day,865.2
2013,Percentile (2.5th),Male,11 to 18,Undefined,Units,Calories per day,904.7
2013,Percentile (2.5th),Female,11 to 18,Undefined,Units,Calories per day,891.0
2013,Percentile (2.5th),,11 to 18,Undefined,Units,Calories per day,896.7
2013,Percentile (2.5th),Male,19 to 64,Undefined,Units,Calories per day,1079.8
2013,Percentile (2.5th),Female,19 to 64,Undefined,Units,Calories per day,745.1
2013,Percentile (2.5th),,19 to 64,Undefined,Units,Calories per day,829.3
2013,Percentile (2.5th),Male,65 and over,Undefined,Units,Calories per day,957.7
2013,Percentile (2.5th),Female,65 and over,Undefined,Units,Calories per day,761.8
2013,Percentile (2.5th),,65 and over,Undefined,Units,Calories per day,802.6
2013,Percentile (2.5th),Male,65 to 74,Undefined,Units,Calories per day,697.2
2013,Percentile (2.5th),Female,65 to 74,Undefined,Units,Calories per day,831.0
2013,Percentile (2.5th),,65 to 74,Undefined,Units,Calories per day,832.3
2013,Percentile (2.5th),Male,75 and over,Undefined,Units,Calories per day,1086.4
2013,Percentile (2.5th),Female,75 and over,Undefined,Units,Calories per day,653.3
2013,Percentile (2.5th),,75 and over,Undefined,Units,Calories per day,757.0
2015,Percentile (2.5th),,1.5 to 3,Undefined,Units,Calories per day,667.5
2015,Percentile (2.5th),Male,4 to 10,Undefined,Units,Calories per day,893.3
2015,Percentile (2.5th),Female,4 to 10,Undefined,Units,Calories per day,840.4
2015,Percentile (2.5th),,4 to 10,Undefined,Units,Calories per day,852.0
2015,Percentile (2.5th),Male,11 to 18,Undefined,Units,Calories per day,964.1
2015,Percentile (2.5th),Female,11 to 18,Undefined,Units,Calories per day,683.3
2015,Percentile (2.5th),,11 to 18,Undefined,Units,Calories per day,833.6
2015,Percentile (2.5th),Male,19 to 64,Undefined,Units,Calories per day,1007.6
2015,Percentile (2.5th),Female,19 to 64,Undefined,Units,Calories per day,714.9
2015,Percentile (2.5th),,19 to 64,Undefined,Units,Calories per day,815.8
2015,Percentile (2.5th),Male,65 and over,Undefined,Units,Calories per day,1073.5
2015,Percentile (2.5th),Female,65 and over,Undefined,Units,Calories per day,682.3
2015,Percentile (2.5th),,65 and over,Undefined,Units,Calories per day,718.1
2015,Percentile (2.5th),Male,65 to 74,Undefined,Units,Calories per day,986.2
2015,Percentile (2.5th),Female,65 to 74,Undefined,Units,Calories per day,681.2
2015,Percentile (2.5th),,65 to 74,Undefined,Units,Calories per day,799.1
2015,Percentile (2.5th),Male,75 and over,Undefined,Units,Calories per day,1130.2
2015,Percentile (2.5th),Female,75 and over,Undefined,Units,Calories per day,679.1
2015,Percentile (2.5th),,75 and over,Undefined,Units,Calories per day,709.1
2018,Median,,1.5 to 3,Undefined,Units,Calories per day,1040.48073936943
2018,Median,Male,4 to 10,Undefined,Units,Calories per day,1521.03849115479
2018,Median,Female,4 to 10,Undefined,Units,Calories per day,1295.53469731272
2018,Median,,4 to 10,Undefined,Units,Calories per day,1420.12398366984
2018,Median,Male,11 to 18,Undefined,Units,Calories per day,1724.71474176088
2018,Median,Female,11 to 18,Undefined,Units,Calories per day,1549.86491874641
2018,Median,,11 to 18,Undefined,Units,Calories per day,1608.51114595434
2018,Median,Male,19 to 64,Undefined,Units,Calories per day,1991.94384227019
2018,Median,Female,19 to 64,Undefined,Units,Calories per day,1582.37317762176
2018,Median,,19 to 64,Undefined,Units,Calories per day,1763.25700305708
2018,Median,Male,65 and over,Undefined,Units,Calories per day,1803.50717615518
2018,Median,Female,65 and over,Undefined,Units,Calories per day,1481.48988416276
2018,Median,,65 and over,Undefined,Units,Calories per day,1606.63959434452
2018,Median,Male,65 to 74,Undefined,Units,Calories per day,1855.00981493918
2018,Median,Female,65 to 74,Undefined,Units,Calories per day,1497.66885055873
2018,Median,,65 to 74,Undefined,Units,Calories per day,1630.37712196785
2018,Median,Male,75 and over,Undefined,Units,Calories per day,1691.78633348786
2018,Median,Female,75 and over,Undefined,Units,Calories per day,1468.90150883846
2018,Median,,75 and over,Undefined,Units,Calories per day,1557.096306895
2018,Percentile (2.5th),,1.5 to 3,Undefined,Units,Calories per day,617.78283518474
2018,Percentile (2.5th),Male,4 to 10,Undefined,Units,Calories per day,925.640271191764
2018,Percentile (2.5th),Female,4 to 10,Undefined,Units,Calories per day,741.922547437294
2018,Percentile (2.5th),,4 to 10,Undefined,Units,Calories per day,852.838003169569
2018,Percentile (2.5th),Male,11 to 18,Undefined,Units,Calories per day,900.763425217949
2018,Percentile (2.5th),Female,11 to 18,Undefined,Units,Calories per day,807.936189912003
2018,Percentile (2.5th),,11 to 18,Undefined,Units,Calories per day,883.743196929576
2018,Percentile (2.5th),Male,19 to 64,Undefined,Units,Calories per day,1083.21566989753
2018,Percentile (2.5th),Female,19 to 64,Undefined,Units,Calories per day,786.592743316034
2018,Percentile (2.5th),,19 to 64,Undefined,Units,Calories per day,876.494617151243
2018,Percentile (2.5th),Male,65 and over,Undefined,Units,Calories per day,914.562817802562
2018,Percentile (2.5th),Female,65 and over,Undefined,Units,Calories per day,819.480704827723
2018,Percentile (2.5th),,65 and over,Undefined,Units,Calories per day,828.333463507056
2018,Percentile (2.5th),Male,65 to 74,Undefined,Units,Calories per day,991.925686198726
2018,Percentile (2.5th),Female,65 to 74,Undefined,Units,Calories per day,770.384548917494
2018,Percentile (2.5th),,65 to 74,Undefined,Units,Calories per day,879.942130975189
2018,Percentile (2.5th),Male,75 and over,Undefined,Units,Calories per day,597.4919
2018,Percentile (2.5th),Female,75 and over,Undefined,Units,Calories per day,820.499497347409
2018,Percentile (2.5th),,75 and over,Undefined,Units,Calories per day,805.325652473375
2009,Mean,,1.5 to 3,Undefined,Units,Calories per day,1120.1157721451
2009,Mean,Male,4 to 10,Undefined,Units,Calories per day,1595.59971557044
2009,Mean,Female,4 to 10,Undefined,Units,Calories per day,1505.7505550711
2009,Mean,,4 to 10,Undefined,Units,Calories per day,1547.85667870633
2009,Mean,Male,11 to 18,Undefined,Units,Calories per day,1996.20714280302
2009,Mean,Female,11 to 18,Undefined,Units,Calories per day,1622.53970968116
2009,Mean,,11 to 18,Undefined,Units,Calories per day,1815.57385861102
2009,Mean,Male,19 to 64,Undefined,Units,Calories per day,2155.63174110851
2009,Mean,Female,19 to 64,Undefined,Units,Calories per day,1640.00616808261
2009,Mean,,19 to 64,Undefined,Units,Calories per day,1896.05145912756
2009,Mean,Male,65 and over,Undefined,Units,Calories per day,1940.03592288709
2009,Mean,Female,65 and over,Undefined,Units,Calories per day,1534.74096811967
2009,Mean,,65 and over,Undefined,Units,Calories per day,1709.94178807067
2009,Mean,Male,65 to 74,Undefined,Units,Calories per day,2068.12284704549
2009,Mean,Female,65 to 74,Undefined,Units,Calories per day,1556.78412878149
2009,Mean,,65 to 74,Undefined,Units,Calories per day,1787.96251213713
2009,Mean,Male,75 and over,Undefined,Units,Calories per day,1744.62646684178
2009,Mean,Female,75 and over,Undefined,Units,Calories per day,1506.98044748934
2009,Mean,,75 and over,Undefined,Units,Calories per day,1603.26868778488
2011,Mean,,1.5 to 3,Undefined,Units,Calories per day,1132.38976619516
2011,Mean,Male,4 to 10,Undefined,Units,Calories per day,1553.05283515017
2011,Mean,Female,4 to 10,Undefined,Units,Calories per day,1467.32566548316
2011,Mean,,4 to 10,Undefined,Units,Calories per day,1515.05599225838
2011,Mean,Male,11 to 18,Undefined,Units,Calories per day,1946.65677678593
2011,Mean,Female,11 to 18,Undefined,Units,Calories per day,1515.06349831126
2011,Mean,,11 to 18,Undefined,Units,Calories per day,1734.90398766471
2011,Mean,Male,19 to 64,Undefined,Units,Calories per day,2066.3396860785
2011,Mean,Female,19 to 64,Undefined,Units,Calories per day,1585.01764468401
2011,Mean,,19 to 64,Undefined,Units,Calories per day,1825.46004513955
2011,Mean,Male,65 and over,Undefined,Units,Calories per day,1929.59953847564
2011,Mean,Female,65 and over,Undefined,Units,Calories per day,1481.52475122414
2011,Mean,,65 and over,Undefined,Units,Calories per day,1681.57671531796
2011,Mean,Male,65 to 74,Undefined,Units,Calories per day,2024.57810316297
2011,Mean,Female,65 to 74,Undefined,Units,Calories per day,1508.23288374556
2011,Mean,,65 to 74,Undefined,Units,Calories per day,1720.9806941431
2011,Mean,Male,75 and over,Undefined,Units,Calories per day,1811.12669404366
2011,Mean,Female,75 and over,Undefined,Units,Calories per day,1434.27835194188
2011,Mean,,75 and over,Undefined,Units,Calories per day,1622.11659749074
2013,Mean,,1.5 to 3,Undefined,Units,Calories per day,1108.43449810044
2013,Mean,Male,4 to 10,Undefined,Units,Calories per day,1520.15892282037
2013,Mean,Female,4 to 10,Undefined,Units,Calories per day,1400.05918308829
2013,Mean,,4 to 10,Undefined,Units,Calories per day,1461.54835128489
2013,Mean,Male,11 to 18,Undefined,Units,Calories per day,1933.04369957453
2013,Mean,Female,11 to 18,Undefined,Units,Calories per day,1616.962389847
2013,Mean,,11 to 18,Undefined,Units,Calories per day,1779.04571581068
2013,Mean,Male,19 to 64,Undefined,Units,Calories per day,2106.71332442765
2013,Mean,Female,19 to 64,Undefined,Units,Calories per day,1594.92152924256
2013,Mean,,19 to 64,Undefined,Units,Calories per day,1849.09322124678
2013,Mean,Male,65 and over,Undefined,Units,Calories per day,1835.0015696744
2013,Mean,Female,65 and over,Undefined,Units,Calories per day,1488.22961461167
2013,Mean,,65 and over,Undefined,Units,Calories per day,1643.44685934605
2013,Mean,Male,65 to 74,Undefined,Units,Calories per day,1905.8642376995
2013,Mean,Female,65 to 74,Undefined,Units,Calories per day,1521.47855239406
2013,Mean,,65 to 74,Undefined,Units,Calories per day,1703.24267179812
2013,Mean,Male,75 and over,Undefined,Units,Calories per day,1694.88336718492
2013,Mean,Female,75 and over,Undefined,Units,Calories per day,1438.37776944143
2013,Mean,,75 and over,Undefined,Units,Calories per day,1542.22138375103
2015,Mean,,1.5 to 3,Undefined,Units,Calories per day,1076.32050620127
2015,Mean,Male,4 to 10,Undefined,Units,Calories per day,1495.52255821513
2015,Mean,Female,4 to 10,Undefined,Units,Calories per day,1366.00119129482
2015,Mean,,4 to 10,Undefined,Units,Calories per day,1432.29223194992
2015,Mean,Male,11 to 18,Undefined,Units,Calories per day,1867.84043644513
2015,Mean,Female,11 to 18,Undefined,Units,Calories per day,1554.56231781489
2015,Mean,,11 to 18,Undefined,Units,Calories per day,1715.76907858313
2015,Mean,Male,19 to 64,Undefined,Units,Calories per day,2091.29044297588
2015,Mean,Female,19 to 64,Undefined,Units,Calories per day,1632.13610048351
2015,Mean,,19 to 64,Undefined,Units,Calories per day,1860.04917249156
2015,Mean,Male,65 and over,Undefined,Units,Calories per day,1890.86729193927
2015,Mean,Female,65 and over,Undefined,Units,Calories per day,1421.54876786892
2015,Mean,,65 and over,Undefined,Units,Calories per day,1633.43460281512
2015,Mean,Male,65 to 74,Undefined,Units,Calories per day,1940.36026290547
2015,Mean,Female,65 to 74,Undefined,Units,Calories per day,1483.24923192216
2015,Mean,,65 to 74,Undefined,Units,Calories per day,1693.21745371729
2015,Mean,Male,75 and over,Undefined,Units,Calories per day,1823.89743078623
2015,Mean,Female,75 and over,Undefined,Units,Calories per day,1343.94250143892
2015,Mean,,75 and over,Undefined,Units,Calories per day,1555.72558259353
2018,Mean,,1.5 to 3,Undefined,Units,Calories per day,1056.0076400229
2018,Mean,Male,4 to 10,Undefined,Units,Calories per day,1529.40213707735
2018,Mean,Female,4 to 10,Undefined,Units,Calories per day,1350.60643633843
2018,Mean,,4 to 10,Undefined,Units,Calories per day,1442.16586280477
2018,Mean,Male,11 to 18,Undefined,Units,Calories per day,1765.55309815831
2018,Mean,Female,11 to 18,Undefined,Units,Calories per day,1546.0989247611
2018,Mean,,11 to 18,Undefined,Units,Calories per day,1658.63501111013
2018,Mean,Male,19 to 64,Undefined,Units,Calories per day,2052.79511145984
2018,Mean,Female,19 to 64,Undefined,Units,Calories per day,1605.3879630312
2018,Mean,,19 to 64,Undefined,Units,Calories per day,1828.15637457093
2018,Mean,Male,65 and over,Undefined,Units,Calories per day,1835.28848931717
2018,Mean,Female,65 and over,Undefined,Units,Calories per day,1476.79849864251
2018,Mean,,65 and over,Undefined,Units,Calories per day,1639.86873100586
2018,Mean,Male,65 to 74,Undefined,Units,Calories per day,1878.05597061814
2018,Mean,Female,65 to 74,Undefined,Units,Calories per day,1490.09960004853
2018,Mean,,65 to 74,Undefined,Units,Calories per day,1672.71458961775
2018,Mean,Male,75 and over,Undefined,Units,Calories per day,1762.92522074848
2018,Mean,Female,75 and over,Undefined,Units,Calories per day,1457.67710433254
2018,Mean,,75 and over,Undefined,Units,Calories per day,1589.05332865058
