Year,Flow of Official Development Assistance (ODA),Aid sub-category (DAC 5 code),Aid description (CRS code),Observation status,Unit multiplier,Unit measure,Value
2009,Bilateral,Basic health (122),Basic health care (12220),Undefined,Thousands,GBP (£),58976.49
2009,Bilateral,Basic health (122),Basic health infrastructure (12230),Undefined,Thousands,GBP (£),0.0
2009,Bilateral,Basic health (122),Basic nutrition (12240),Undefined,Thousands,GBP (£),12419.67
2009,Bilateral,Basic health (122),Health education (12261),Undefined,Thousands,GBP (£),666.58
2009,Bilateral,Basic health (122),Health personnel development (12281),Undefined,Thousands,GBP (£),1758.18
2009,Bilateral,Basic health (122),Infectious disease control (12250),Undefined,Thousands,GBP (£),118305.99
2009,Bilateral,Basic health (122),Malaria control (12262),Undefined,Thousands,GBP (£),42243.5
2009,Bilateral,Basic health (122),Tuberculosis control (12263),Undefined,Thousands,GBP (£),18346.57
2009,Bilateral,Basic health (122),,Undefined,Thousands,GBP (£),252716.98
2009,Bilateral,"Health, general (121)",Health policy and administrative management (12110),Undefined,Thousands,GBP (£),119081.61
2009,Bilateral,"Health, general (121)",Medical education/training (12181),Undefined,Thousands,GBP (£),0.0
2009,Bilateral,"Health, general (121)",Medical research (12182),Undefined,Thousands,GBP (£),20989.18
2009,Bilateral,"Health, general (121)",Medical services (12191),Undefined,Thousands,GBP (£),605.33
2009,Bilateral,"Health, general (121)",,Undefined,Thousands,GBP (£),140676.12
2009,Bilateral,,,Undefined,Thousands,GBP (£),393393.1
2010,Bilateral,Basic health (122),Basic health care (12220),Undefined,Thousands,GBP (£),64840.53884
2010,Bilateral,Basic health (122),Basic health infrastructure (12230),Undefined,Thousands,GBP (£),0.0
2010,Bilateral,Basic health (122),Basic nutrition (12240),Undefined,Thousands,GBP (£),24688.3754
2010,Bilateral,Basic health (122),Health education (12261),Undefined,Thousands,GBP (£),709.728999999999
2010,Bilateral,Basic health (122),Health personnel development (12281),Undefined,Thousands,GBP (£),3598.13591
2010,Bilateral,Basic health (122),Infectious disease control (12250),Undefined,Thousands,GBP (£),63523.59023
2010,Bilateral,Basic health (122),Malaria control (12262),Undefined,Thousands,GBP (£),90481.61482
2010,Bilateral,Basic health (122),Tuberculosis control (12263),Undefined,Thousands,GBP (£),21407.73111
2010,Bilateral,Basic health (122),,Undefined,Thousands,GBP (£),269249.71531
2010,Bilateral,"Health, general (121)",Health policy and administrative management (12110),Undefined,Thousands,GBP (£),123280.400345
2010,Bilateral,"Health, general (121)",Medical education/training (12181),Undefined,Thousands,GBP (£),0.0
2010,Bilateral,"Health, general (121)",Medical research (12182),Undefined,Thousands,GBP (£),55607.68739
2010,Bilateral,"Health, general (121)",Medical services (12191),Undefined,Thousands,GBP (£),0.0
2010,Bilateral,"Health, general (121)",,Undefined,Thousands,GBP (£),178888.087735
2010,Bilateral,,,Undefined,Thousands,GBP (£),448137.803045
2010,Multilateral,Basic health (122),Basic health care (12220),Undefined,Thousands,GBP (£),54269.4996216387
2010,Multilateral,Basic health (122),Basic health infrastructure (12230),Undefined,Thousands,GBP (£),2654.21910924399
2010,Multilateral,Basic health (122),Basic nutrition (12240),Undefined,Thousands,GBP (£),5201.48091908809
2010,Multilateral,Basic health (122),Health education (12261),Undefined,Thousands,GBP (£),1339.49064621039
2010,Multilateral,Basic health (122),Health personnel development (12281),Undefined,Thousands,GBP (£),2099.83109222915
2010,Multilateral,Basic health (122),Infectious disease control (12250),Undefined,Thousands,GBP (£),17041.6123910113
2010,Multilateral,Basic health (122),Malaria control (12262),Undefined,Thousands,GBP (£),97108.4327742428
2010,Multilateral,Basic health (122),Tuberculosis control (12263),Undefined,Thousands,GBP (£),52181.182180078
2010,Multilateral,Basic health (122),,Undefined,Thousands,GBP (£),231895.748733742
2010,Multilateral,"Health, general (121)",Health policy and administrative management (12110),Undefined,Thousands,GBP (£),54001.6960353962
2010,Multilateral,"Health, general (121)",Medical education/training (12181),Undefined,Thousands,GBP (£),1875.03699657601
2010,Multilateral,"Health, general (121)",Medical research (12182),Undefined,Thousands,GBP (£),613.818340722377
2010,Multilateral,"Health, general (121)",Medical services (12191),Undefined,Thousands,GBP (£),7313.34073142738
2010,Multilateral,"Health, general (121)",,Undefined,Thousands,GBP (£),63803.892104122
2010,Multilateral,,,Undefined,Thousands,GBP (£),295699.640837864
2010,,Basic health (122),Basic health care (12220),Undefined,Thousands,GBP (£),119110.038461638
2010,,Basic health (122),Basic health infrastructure (12230),Undefined,Thousands,GBP (£),2654.21910924399
2010,,Basic health (122),Basic nutrition (12240),Undefined,Thousands,GBP (£),29889.8563190881
2010,,Basic health (122),Health education (12261),Undefined,Thousands,GBP (£),2049.21964621039
2010,,Basic health (122),Health personnel development (12281),Undefined,Thousands,GBP (£),5697.96700222915
2010,,Basic health (122),Infectious disease control (12250),Undefined,Thousands,GBP (£),80565.2026210113
2010,,Basic health (122),Malaria control (12262),Undefined,Thousands,GBP (£),187590.047594242
2010,,Basic health (122),Tuberculosis control (12263),Undefined,Thousands,GBP (£),73588.913290078
2010,,Basic health (122),,Undefined,Thousands,GBP (£),501145.464043742
2010,,"Health, general (121)",Health policy and administrative management (12110),Undefined,Thousands,GBP (£),177282.096380396
2010,,"Health, general (121)",Medical education/training (12181),Undefined,Thousands,GBP (£),1875.03699657601
2010,,"Health, general (121)",Medical research (12182),Undefined,Thousands,GBP (£),56221.5057307223
2010,,"Health, general (121)",Medical services (12191),Undefined,Thousands,GBP (£),7313.34073142738
2010,,"Health, general (121)",,Undefined,Thousands,GBP (£),242691.979839122
2010,,,,Undefined,Thousands,GBP (£),743837.443882864
2011,Bilateral,Basic health (122),Basic health care (12220),Undefined,Thousands,GBP (£),138703.39643
2011,Bilateral,Basic health (122),Basic health infrastructure (12230),Undefined,Thousands,GBP (£),4002.99916
2011,Bilateral,Basic health (122),Basic nutrition (12240),Undefined,Thousands,GBP (£),28402.90591
2011,Bilateral,Basic health (122),Health education (12261),Undefined,Thousands,GBP (£),1947.94
2011,Bilateral,Basic health (122),Health personnel development (12281),Undefined,Thousands,GBP (£),1953.8427
2011,Bilateral,Basic health (122),Infectious disease control (12250),Undefined,Thousands,GBP (£),157545.3229
2011,Bilateral,Basic health (122),Malaria control (12262),Undefined,Thousands,GBP (£),75657.773975
2011,Bilateral,Basic health (122),Tuberculosis control (12263),Undefined,Thousands,GBP (£),14601.903501
2011,Bilateral,Basic health (122),,Undefined,Thousands,GBP (£),422816.084576
2011,Bilateral,"Health, general (121)",Health policy and administrative management (12110),Undefined,Thousands,GBP (£),58793.277102
2011,Bilateral,"Health, general (121)",Medical education/training (12181),Undefined,Thousands,GBP (£),472.883
2011,Bilateral,"Health, general (121)",Medical research (12182),Undefined,Thousands,GBP (£),67975.6705189999
2011,Bilateral,"Health, general (121)",Medical services (12191),Undefined,Thousands,GBP (£),665.71286
2011,Bilateral,"Health, general (121)",,Undefined,Thousands,GBP (£),127907.543481
2011,Bilateral,,,Undefined,Thousands,GBP (£),550723.628057
2011,Multilateral,Basic health (122),Basic health care (12220),Undefined,Thousands,GBP (£),86567.9313313267
2011,Multilateral,Basic health (122),Basic health infrastructure (12230),Undefined,Thousands,GBP (£),2938.34965149972
2011,Multilateral,Basic health (122),Basic nutrition (12240),Undefined,Thousands,GBP (£),9006.79830186856
2011,Multilateral,Basic health (122),Health education (12261),Undefined,Thousands,GBP (£),1956.44499621995
2011,Multilateral,Basic health (122),Health personnel development (12281),Undefined,Thousands,GBP (£),1545.03597403084
2011,Multilateral,Basic health (122),Infectious disease control (12250),Undefined,Thousands,GBP (£),29488.2333364581
2011,Multilateral,Basic health (122),Malaria control (12262),Undefined,Thousands,GBP (£),51257.6041964484
2011,Multilateral,Basic health (122),Tuberculosis control (12263),Undefined,Thousands,GBP (£),32447.2516316455
2011,Multilateral,Basic health (122),,Undefined,Thousands,GBP (£),215207.649419497
2011,Multilateral,"Health, general (121)",Health policy and administrative management (12110),Undefined,Thousands,GBP (£),51459.3194486325
2011,Multilateral,"Health, general (121)",Medical education/training (12181),Undefined,Thousands,GBP (£),1537.63783694936
2011,Multilateral,"Health, general (121)",Medical research (12182),Undefined,Thousands,GBP (£),507.492379651922
2011,Multilateral,"Health, general (121)",Medical services (12191),Undefined,Thousands,GBP (£),6983.01626583725
2011,Multilateral,"Health, general (121)",,Undefined,Thousands,GBP (£),60487.465931071
2011,Multilateral,,,Undefined,Thousands,GBP (£),275695.115350569
2011,,Basic health (122),Basic health care (12220),Undefined,Thousands,GBP (£),225271.327761326
2011,,Basic health (122),Basic health infrastructure (12230),Undefined,Thousands,GBP (£),6941.34881149972
2011,,Basic health (122),Basic nutrition (12240),Undefined,Thousands,GBP (£),37409.7042118685
2011,,Basic health (122),Health education (12261),Undefined,Thousands,GBP (£),3904.38499621995
2011,,Basic health (122),Health personnel development (12281),Undefined,Thousands,GBP (£),3498.87867403084
2011,,Basic health (122),Infectious disease control (12250),Undefined,Thousands,GBP (£),187033.556236458
2011,,Basic health (122),Malaria control (12262),Undefined,Thousands,GBP (£),126915.378171448
2011,,Basic health (122),Tuberculosis control (12263),Undefined,Thousands,GBP (£),47049.1551326455
2011,,Basic health (122),,Undefined,Thousands,GBP (£),638023.733995497
2011,,"Health, general (121)",Health policy and administrative management (12110),Undefined,Thousands,GBP (£),110252.596550632
2011,,"Health, general (121)",Medical education/training (12181),Undefined,Thousands,GBP (£),2010.52083694936
2011,,"Health, general (121)",Medical research (12182),Undefined,Thousands,GBP (£),68483.1628986519
2011,,"Health, general (121)",Medical services (12191),Undefined,Thousands,GBP (£),7648.72912583725
2011,,"Health, general (121)",,Undefined,Thousands,GBP (£),188395.009412071
2011,,,,Undefined,Thousands,GBP (£),826418.743407568
2012,Bilateral,Basic health (122),Basic health care (12220),Undefined,Thousands,GBP (£),203576.24136
2012,Bilateral,Basic health (122),Basic health infrastructure (12230),Undefined,Thousands,GBP (£),0.0
2012,Bilateral,Basic health (122),Basic nutrition (12240),Undefined,Thousands,GBP (£),40390.09455
2012,Bilateral,Basic health (122),Health education (12261),Undefined,Thousands,GBP (£),16836.427
2012,Bilateral,Basic health (122),Health personnel development (12281),Undefined,Thousands,GBP (£),1908.87446
2012,Bilateral,Basic health (122),Infectious disease control (12250),Undefined,Thousands,GBP (£),111346.5383
2012,Bilateral,Basic health (122),Malaria control (12262),Undefined,Thousands,GBP (£),92566.90632
2012,Bilateral,Basic health (122),Tuberculosis control (12263),Undefined,Thousands,GBP (£),6876.0
2012,Bilateral,Basic health (122),,Undefined,Thousands,GBP (£),473501.081989999
2012,Bilateral,"Health, general (121)",Health policy and administrative management (12110),Undefined,Thousands,GBP (£),93756.175768
2012,Bilateral,"Health, general (121)",Medical education/training (12181),Undefined,Thousands,GBP (£),0.0
2012,Bilateral,"Health, general (121)",Medical research (12182),Undefined,Thousands,GBP (£),83954.0736684999
2012,Bilateral,"Health, general (121)",Medical services (12191),Undefined,Thousands,GBP (£),0.0
2012,Bilateral,"Health, general (121)",,Undefined,Thousands,GBP (£),177710.2494365
2012,Bilateral,,,Undefined,Thousands,GBP (£),651211.331426499
2012,Multilateral,Basic health (122),Basic health care (12220),Undefined,Thousands,GBP (£),144959.306703882
2012,Multilateral,Basic health (122),Basic health infrastructure (12230),Undefined,Thousands,GBP (£),2119.1896068409
2012,Multilateral,Basic health (122),Basic nutrition (12240),Undefined,Thousands,GBP (£),6372.99190073622
2012,Multilateral,Basic health (122),Health education (12261),Undefined,Thousands,GBP (£),1683.25718557715
2012,Multilateral,Basic health (122),Health personnel development (12281),Undefined,Thousands,GBP (£),2102.4172531931
2012,Multilateral,Basic health (122),Infectious disease control (12250),Undefined,Thousands,GBP (£),21926.9304109718
2012,Multilateral,Basic health (122),Malaria control (12262),Undefined,Thousands,GBP (£),42490.8960911575
2012,Multilateral,Basic health (122),Tuberculosis control (12263),Undefined,Thousands,GBP (£),20042.5354601965
2012,Multilateral,Basic health (122),,Undefined,Thousands,GBP (£),241697.524612555
2012,Multilateral,"Health, general (121)",Health policy and administrative management (12110),Undefined,Thousands,GBP (£),43407.8591887525
2012,Multilateral,"Health, general (121)",Medical education/training (12181),Undefined,Thousands,GBP (£),2066.9077962414
2012,Multilateral,"Health, general (121)",Medical research (12182),Undefined,Thousands,GBP (£),209.061770647051
2012,Multilateral,"Health, general (121)",Medical services (12191),Undefined,Thousands,GBP (£),5326.89799261902
2012,Multilateral,"Health, general (121)",,Undefined,Thousands,GBP (£),51010.72674826
2012,Multilateral,,,Undefined,Thousands,GBP (£),292708.251360815
2012,,Basic health (122),Basic health care (12220),Undefined,Thousands,GBP (£),348535.548063882
2012,,Basic health (122),Basic health infrastructure (12230),Undefined,Thousands,GBP (£),2119.1896068409
2012,,Basic health (122),Basic nutrition (12240),Undefined,Thousands,GBP (£),46763.0864507362
2012,,Basic health (122),Health education (12261),Undefined,Thousands,GBP (£),18519.6841855771
2012,,Basic health (122),Health personnel development (12281),Undefined,Thousands,GBP (£),4011.2917131931
2012,,Basic health (122),Infectious disease control (12250),Undefined,Thousands,GBP (£),133273.468710971
2012,,Basic health (122),Malaria control (12262),Undefined,Thousands,GBP (£),135057.802411157
2012,,Basic health (122),Tuberculosis control (12263),Undefined,Thousands,GBP (£),26918.5354601965
2012,,Basic health (122),,Undefined,Thousands,GBP (£),715198.606602555
2012,,"Health, general (121)",Health policy and administrative management (12110),Undefined,Thousands,GBP (£),137164.034956752
2012,,"Health, general (121)",Medical education/training (12181),Undefined,Thousands,GBP (£),2066.9077962414
2012,,"Health, general (121)",Medical research (12182),Undefined,Thousands,GBP (£),84163.135439147
2012,,"Health, general (121)",Medical services (12191),Undefined,Thousands,GBP (£),5326.89799261902
2012,,"Health, general (121)",,Undefined,Thousands,GBP (£),228720.97618476
2012,,,,Undefined,Thousands,GBP (£),943919.582787315
2013,Bilateral,Basic health (122),Basic health care (12220),Undefined,Thousands,GBP (£),231259.37136
2013,Bilateral,Basic health (122),Basic health infrastructure (12230),Undefined,Thousands,GBP (£),0.0
2013,Bilateral,Basic health (122),Basic nutrition (12240),Undefined,Thousands,GBP (£),66711.630666
2013,Bilateral,Basic health (122),Health education (12261),Undefined,Thousands,GBP (£),27758.314643
2013,Bilateral,Basic health (122),Health personnel development (12281),Undefined,Thousands,GBP (£),2176.33061
2013,Bilateral,Basic health (122),Infectious disease control (12250),Undefined,Thousands,GBP (£),224005.856233
2013,Bilateral,Basic health (122),Malaria control (12262),Undefined,Thousands,GBP (£),175888.7766685
2013,Bilateral,Basic health (122),Tuberculosis control (12263),Undefined,Thousands,GBP (£),11747.8639
2013,Bilateral,Basic health (122),,Undefined,Thousands,GBP (£),739548.1440805
2013,Bilateral,"Health, general (121)",Health policy and administrative management (12110),Undefined,Thousands,GBP (£),128934.2961
2013,Bilateral,"Health, general (121)",Medical education/training (12181),Undefined,Thousands,GBP (£),0.0
2013,Bilateral,"Health, general (121)",Medical research (12182),Undefined,Thousands,GBP (£),77971.6937025
2013,Bilateral,"Health, general (121)",Medical services (12191),Undefined,Thousands,GBP (£),0.0
2013,Bilateral,"Health, general (121)",,Undefined,Thousands,GBP (£),206905.9898025
2013,Bilateral,,,Undefined,Thousands,GBP (£),946454.133883
2013,Multilateral,Basic health (122),Basic health care (12220),Undefined,Thousands,GBP (£),297035.336651399
2013,Multilateral,Basic health (122),Basic health infrastructure (12230),Undefined,Thousands,GBP (£),7240.71024952665
2013,Multilateral,Basic health (122),Basic nutrition (12240),Undefined,Thousands,GBP (£),12342.5954955213
2013,Multilateral,Basic health (122),Health education (12261),Undefined,Thousands,GBP (£),2111.95027500186
2013,Multilateral,Basic health (122),Health personnel development (12281),Undefined,Thousands,GBP (£),1194.08577027291
2013,Multilateral,Basic health (122),Infectious disease control (12250),Undefined,Thousands,GBP (£),54335.848017777
2013,Multilateral,Basic health (122),Malaria control (12262),Undefined,Thousands,GBP (£),149805.483898824
2013,Multilateral,Basic health (122),Tuberculosis control (12263),Undefined,Thousands,GBP (£),108930.844019958
2013,Multilateral,Basic health (122),,Undefined,Thousands,GBP (£),632996.854378282
2013,Multilateral,"Health, general (121)",Health policy and administrative management (12110),Undefined,Thousands,GBP (£),48403.7070571068
2013,Multilateral,"Health, general (121)",Medical education/training (12181),Undefined,Thousands,GBP (£),1619.39123516228
2013,Multilateral,"Health, general (121)",Medical research (12182),Undefined,Thousands,GBP (£),168.915955449932
2013,Multilateral,"Health, general (121)",Medical services (12191),Undefined,Thousands,GBP (£),4549.86009119131
2013,Multilateral,"Health, general (121)",,Undefined,Thousands,GBP (£),54741.8743389104
2013,Multilateral,,,Undefined,Thousands,GBP (£),687738.728717193
2013,,Basic health (122),Basic health care (12220),Undefined,Thousands,GBP (£),528294.708011399
2013,,Basic health (122),Basic health infrastructure (12230),Undefined,Thousands,GBP (£),7240.71024952665
2013,,Basic health (122),Basic nutrition (12240),Undefined,Thousands,GBP (£),79054.2261615213
2013,,Basic health (122),Health education (12261),Undefined,Thousands,GBP (£),29870.2649180018
2013,,Basic health (122),Health personnel development (12281),Undefined,Thousands,GBP (£),3370.41638027291
2013,,Basic health (122),Infectious disease control (12250),Undefined,Thousands,GBP (£),278341.704250777
2013,,Basic health (122),Malaria control (12262),Undefined,Thousands,GBP (£),325694.260567324
2013,,Basic health (122),Tuberculosis control (12263),Undefined,Thousands,GBP (£),120678.707919958
2013,,Basic health (122),,Undefined,Thousands,GBP (£),1372544.99845878
2013,,"Health, general (121)",Health policy and administrative management (12110),Undefined,Thousands,GBP (£),177338.003157106
2013,,"Health, general (121)",Medical education/training (12181),Undefined,Thousands,GBP (£),1619.39123516228
2013,,"Health, general (121)",Medical research (12182),Undefined,Thousands,GBP (£),78140.6096579499
2013,,"Health, general (121)",Medical services (12191),Undefined,Thousands,GBP (£),4549.86009119131
2013,,"Health, general (121)",,Undefined,Thousands,GBP (£),261647.86414141
2013,,,,Undefined,Thousands,GBP (£),1634192.86260019
2014,Bilateral,Basic health (122),Basic health care (12220),Undefined,Thousands,GBP (£),213535.542227
2014,Bilateral,Basic health (122),Basic health infrastructure (12230),Undefined,Thousands,GBP (£),0.0
2014,Bilateral,Basic health (122),Basic nutrition (12240),Undefined,Thousands,GBP (£),56217.939831
2014,Bilateral,Basic health (122),Health education (12261),Undefined,Thousands,GBP (£),26897.41192
2014,Bilateral,Basic health (122),Health personnel development (12281),Undefined,Thousands,GBP (£),6269.03407999999
2014,Bilateral,Basic health (122),Infectious disease control (12250),Undefined,Thousands,GBP (£),110386.6159545
2014,Bilateral,Basic health (122),Malaria control (12262),Undefined,Thousands,GBP (£),152460.498565
2014,Bilateral,Basic health (122),Tuberculosis control (12263),Undefined,Thousands,GBP (£),21255.746763
2014,Bilateral,Basic health (122),,Undefined,Thousands,GBP (£),587022.7893405
2014,Bilateral,"Health, general (121)",Health policy and administrative management (12110),Undefined,Thousands,GBP (£),100578.287079
2014,Bilateral,"Health, general (121)",Medical education/training (12181),Undefined,Thousands,GBP (£),0.0
2014,Bilateral,"Health, general (121)",Medical research (12182),Undefined,Thousands,GBP (£),65927.240535
2014,Bilateral,"Health, general (121)",Medical services (12191),Undefined,Thousands,GBP (£),0.0
2014,Bilateral,"Health, general (121)",,Undefined,Thousands,GBP (£),166505.527614
2014,Bilateral,,,Undefined,Thousands,GBP (£),753528.3169545
2014,Multilateral,Basic health (122),Basic health care (12220),Undefined,Thousands,GBP (£),281484.239813348
2014,Multilateral,Basic health (122),Basic health infrastructure (12230),Undefined,Thousands,GBP (£),6107.56730489025
2014,Multilateral,Basic health (122),Basic nutrition (12240),Undefined,Thousands,GBP (£),21876.5337945354
2014,Multilateral,Basic health (122),Health education (12261),Undefined,Thousands,GBP (£),2234.51283281844
2014,Multilateral,Basic health (122),Health personnel development (12281),Undefined,Thousands,GBP (£),2086.87959608235
2014,Multilateral,Basic health (122),Infectious disease control (12250),Undefined,Thousands,GBP (£),50037.0129760271
2014,Multilateral,Basic health (122),Malaria control (12262),Undefined,Thousands,GBP (£),90717.0132807982
2014,Multilateral,Basic health (122),Tuberculosis control (12263),Undefined,Thousands,GBP (£),45168.2887891468
2014,Multilateral,Basic health (122),,Undefined,Thousands,GBP (£),499712.048387646
2014,Multilateral,"Health, general (121)",Health policy and administrative management (12110),Undefined,Thousands,GBP (£),58110.4741532319
2014,Multilateral,"Health, general (121)",Medical education/training (12181),Undefined,Thousands,GBP (£),1982.47781811214
2014,Multilateral,"Health, general (121)",Medical research (12182),Undefined,Thousands,GBP (£),1567.78510761601
2014,Multilateral,"Health, general (121)",Medical services (12191),Undefined,Thousands,GBP (£),5048.01934848869
2014,Multilateral,"Health, general (121)",,Undefined,Thousands,GBP (£),66708.7564274487
2014,Multilateral,,,Undefined,Thousands,GBP (£),566420.804815095
2014,,Basic health (122),Basic health care (12220),Undefined,Thousands,GBP (£),495019.782040348
2014,,Basic health (122),Basic health infrastructure (12230),Undefined,Thousands,GBP (£),6107.56730489025
2014,,Basic health (122),Basic nutrition (12240),Undefined,Thousands,GBP (£),78094.4736255354
2014,,Basic health (122),Health education (12261),Undefined,Thousands,GBP (£),29131.9247528184
2014,,Basic health (122),Health personnel development (12281),Undefined,Thousands,GBP (£),8355.91367608235
2014,,Basic health (122),Infectious disease control (12250),Undefined,Thousands,GBP (£),160423.628930527
2014,,Basic health (122),Malaria control (12262),Undefined,Thousands,GBP (£),243177.511845798
2014,,Basic health (122),Tuberculosis control (12263),Undefined,Thousands,GBP (£),66424.0355521468
2014,,Basic health (122),,Undefined,Thousands,GBP (£),1086734.83772814
2014,,"Health, general (121)",Health policy and administrative management (12110),Undefined,Thousands,GBP (£),158688.761232231
2014,,"Health, general (121)",Medical education/training (12181),Undefined,Thousands,GBP (£),1982.47781811214
2014,,"Health, general (121)",Medical research (12182),Undefined,Thousands,GBP (£),67495.025642616
2014,,"Health, general (121)",Medical services (12191),Undefined,Thousands,GBP (£),5048.01934848869
2014,,"Health, general (121)",,Undefined,Thousands,GBP (£),233214.284041448
2014,,,,Undefined,Thousands,GBP (£),1319949.12176959
2015,Bilateral,Basic health (122),Basic health care (12220),Undefined,Thousands,GBP (£),140931.660648
2015,Bilateral,Basic health (122),Basic health infrastructure (12230),Undefined,Thousands,GBP (£),7.953
2015,Bilateral,Basic health (122),Basic nutrition (12240),Undefined,Thousands,GBP (£),69424.44412
2015,Bilateral,Basic health (122),Health education (12261),Undefined,Thousands,GBP (£),18887.7955
2015,Bilateral,Basic health (122),Health personnel development (12281),Undefined,Thousands,GBP (£),4088.45425
2015,Bilateral,Basic health (122),Infectious disease control (12250),Undefined,Thousands,GBP (£),119103.049125
2015,Bilateral,Basic health (122),Malaria control (12262),Undefined,Thousands,GBP (£),88027.331723
2015,Bilateral,Basic health (122),Tuberculosis control (12263),Undefined,Thousands,GBP (£),14232.014886
2015,Bilateral,Basic health (122),,Undefined,Thousands,GBP (£),454702.703252
2015,Bilateral,"Health, general (121)",Health policy and administrative management (12110),Undefined,Thousands,GBP (£),104513.81847
2015,Bilateral,"Health, general (121)",Medical education/training (12181),Undefined,Thousands,GBP (£),9.424
2015,Bilateral,"Health, general (121)",Medical research (12182),Undefined,Thousands,GBP (£),85626.420715
2015,Bilateral,"Health, general (121)",Medical services (12191),Undefined,Thousands,GBP (£),1534.772441
2015,Bilateral,"Health, general (121)",,Undefined,Thousands,GBP (£),191684.435626
2015,Bilateral,,,Undefined,Thousands,GBP (£),646387.138878
2015,Multilateral,Basic health (122),Basic health care (12220),Undefined,Thousands,GBP (£),267022.027509284
2015,Multilateral,Basic health (122),Basic health infrastructure (12230),Undefined,Thousands,GBP (£),5596.86746807167
2015,Multilateral,Basic health (122),Basic nutrition (12240),Undefined,Thousands,GBP (£),18836.2786617481
2015,Multilateral,Basic health (122),Health education (12261),Undefined,Thousands,GBP (£),2146.84779421286
2015,Multilateral,Basic health (122),Health personnel development (12281),Undefined,Thousands,GBP (£),2677.90266194294
2015,Multilateral,Basic health (122),Infectious disease control (12250),Undefined,Thousands,GBP (£),90356.8811472947
2015,Multilateral,Basic health (122),Malaria control (12262),Undefined,Thousands,GBP (£),30408.6103547798
2015,Multilateral,Basic health (122),Tuberculosis control (12263),Undefined,Thousands,GBP (£),16236.1192318092
2015,Multilateral,Basic health (122),,Undefined,Thousands,GBP (£),433281.534829144
2015,Multilateral,"Health, general (121)",Health policy and administrative management (12110),Undefined,Thousands,GBP (£),39965.2296037275
2015,Multilateral,"Health, general (121)",Medical education/training (12181),Undefined,Thousands,GBP (£),1346.43809889305
2015,Multilateral,"Health, general (121)",Medical research (12182),Undefined,Thousands,GBP (£),1675.81078277264
2015,Multilateral,"Health, general (121)",Medical services (12191),Undefined,Thousands,GBP (£),7365.82862260619
2015,Multilateral,"Health, general (121)",,Undefined,Thousands,GBP (£),50353.3071079994
2015,Multilateral,,,Undefined,Thousands,GBP (£),483634.841937143
2015,,Basic health (122),Basic health care (12220),Undefined,Thousands,GBP (£),407953.688157284
2015,,Basic health (122),Basic health infrastructure (12230),Undefined,Thousands,GBP (£),5604.82046807167
2015,,Basic health (122),Basic nutrition (12240),Undefined,Thousands,GBP (£),88260.7227817481
2015,,Basic health (122),Health education (12261),Undefined,Thousands,GBP (£),21034.6432942128
2015,,Basic health (122),Health personnel development (12281),Undefined,Thousands,GBP (£),6766.35691194294
2015,,Basic health (122),Infectious disease control (12250),Undefined,Thousands,GBP (£),209459.930272294
2015,,Basic health (122),Malaria control (12262),Undefined,Thousands,GBP (£),118435.942077779
2015,,Basic health (122),Tuberculosis control (12263),Undefined,Thousands,GBP (£),30468.1341178092
2015,,Basic health (122),,Undefined,Thousands,GBP (£),887984.238081144
2015,,"Health, general (121)",Health policy and administrative management (12110),Undefined,Thousands,GBP (£),144479.048073727
2015,,"Health, general (121)",Medical education/training (12181),Undefined,Thousands,GBP (£),1355.86209889305
2015,,"Health, general (121)",Medical research (12182),Undefined,Thousands,GBP (£),87302.2314977726
2015,,"Health, general (121)",Medical services (12191),Undefined,Thousands,GBP (£),8900.60106360619
2015,,"Health, general (121)",,Undefined,Thousands,GBP (£),242037.742733999
2015,,,,Undefined,Thousands,GBP (£),1130021.98081514
2016,Bilateral,Basic health (122),Basic health care (12220),Undefined,Thousands,GBP (£),141966.708188
2016,Bilateral,Basic health (122),Basic health infrastructure (12230),Undefined,Thousands,GBP (£),15.90846
2016,Bilateral,Basic health (122),Basic nutrition (12240),Undefined,Thousands,GBP (£),114316.127664
2016,Bilateral,Basic health (122),Health education (12261),Undefined,Thousands,GBP (£),16274.066902
2016,Bilateral,Basic health (122),Health personnel development (12281),Undefined,Thousands,GBP (£),3077.159446
2016,Bilateral,Basic health (122),Infectious disease control (12250),Undefined,Thousands,GBP (£),110235.0889542
2016,Bilateral,Basic health (122),Malaria control (12262),Undefined,Thousands,GBP (£),99182.5289368
2016,Bilateral,Basic health (122),Tuberculosis control (12263),Undefined,Thousands,GBP (£),5478.80623
2016,Bilateral,Basic health (122),,Undefined,Thousands,GBP (£),490546.394781
2016,Bilateral,"Health, general (121)",Health policy and administrative management (12110),Undefined,Thousands,GBP (£),109435.83616
2016,Bilateral,"Health, general (121)",Medical education/training (12181),Undefined,Thousands,GBP (£),79.94959
2016,Bilateral,"Health, general (121)",Medical research (12182),Undefined,Thousands,GBP (£),102685.82406
2016,Bilateral,"Health, general (121)",Medical services (12191),Undefined,Thousands,GBP (£),1552.507284
2016,Bilateral,"Health, general (121)",,Undefined,Thousands,GBP (£),213754.117093999
2016,Bilateral,,,Undefined,Thousands,GBP (£),704300.511875
2016,Multilateral,Basic health (122),Basic health care (12220),Undefined,Thousands,GBP (£),207914.980686049
2016,Multilateral,Basic health (122),Basic health infrastructure (12230),Undefined,Thousands,GBP (£),9922.58678748462
2016,Multilateral,Basic health (122),Basic nutrition (12240),Undefined,Thousands,GBP (£),28425.8220594552
2016,Multilateral,Basic health (122),Health education (12261),Undefined,Thousands,GBP (£),1653.74021237205
2016,Multilateral,Basic health (122),Health personnel development (12281),Undefined,Thousands,GBP (£),1611.96119387713
2016,Multilateral,Basic health (122),Infectious disease control (12250),Undefined,Thousands,GBP (£),52176.4745883108
2016,Multilateral,Basic health (122),Malaria control (12262),Undefined,Thousands,GBP (£),49056.4980503073
2016,Multilateral,Basic health (122),Tuberculosis control (12263),Undefined,Thousands,GBP (£),29179.0809249635
2016,Multilateral,Basic health (122),,Undefined,Thousands,GBP (£),379941.14450282
2016,Multilateral,"Health, general (121)",Health policy and administrative management (12110),Undefined,Thousands,GBP (£),48993.9013967006
2016,Multilateral,"Health, general (121)",Medical education/training (12181),Undefined,Thousands,GBP (£),2234.02443057059
2016,Multilateral,"Health, general (121)",Medical research (12182),Undefined,Thousands,GBP (£),1684.18190374447
2016,Multilateral,"Health, general (121)",Medical services (12191),Undefined,Thousands,GBP (£),7798.7031362058
2016,Multilateral,"Health, general (121)",,Undefined,Thousands,GBP (£),60710.8108672215
2016,Multilateral,,,Undefined,Thousands,GBP (£),440651.955370042
2016,,Basic health (122),Basic health care (12220),Undefined,Thousands,GBP (£),349881.688874049
2016,,Basic health (122),Basic health infrastructure (12230),Undefined,Thousands,GBP (£),9938.49524748462
2016,,Basic health (122),Basic nutrition (12240),Undefined,Thousands,GBP (£),142741.949723455
2016,,Basic health (122),Health education (12261),Undefined,Thousands,GBP (£),17927.807114372
2016,,Basic health (122),Health personnel development (12281),Undefined,Thousands,GBP (£),4689.12063987713
2016,,Basic health (122),Infectious disease control (12250),Undefined,Thousands,GBP (£),162411.56354251
2016,,Basic health (122),Malaria control (12262),Undefined,Thousands,GBP (£),148239.026987107
2016,,Basic health (122),Tuberculosis control (12263),Undefined,Thousands,GBP (£),34657.8871549635
2016,,Basic health (122),,Undefined,Thousands,GBP (£),870487.53928382
2016,,"Health, general (121)",Health policy and administrative management (12110),Undefined,Thousands,GBP (£),158429.7375567
2016,,"Health, general (121)",Medical education/training (12181),Undefined,Thousands,GBP (£),2313.97402057059
2016,,"Health, general (121)",Medical research (12182),Undefined,Thousands,GBP (£),104370.005963744
2016,,"Health, general (121)",Medical services (12191),Undefined,Thousands,GBP (£),9351.2104202058
2016,,"Health, general (121)",,Undefined,Thousands,GBP (£),274464.927961221
2016,,,,Undefined,Thousands,GBP (£),1144952.46724504
