Year,Age,Main method of contraception,Types of contraception,Observation status,Unit multiplier,Unit measure,Value
2014/15,15 and under,Long acting reversible contraceptives,Implant,Undefined,Thousands,Number,7.05
2014/15,16 to 17,Long acting reversible contraceptives,Implant,Undefined,Thousands,Number,16.216
2014/15,18 to 19,Long acting reversible contraceptives,Implant,Undefined,Thousands,Number,18.762
2014/15,20 to 24,Long acting reversible contraceptives,Implant,Undefined,Thousands,Number,39.755
2014/15,25 to 34,Long acting reversible contraceptives,Implant,Undefined,Thousands,Number,39.52
2014/15,35 to 44,Long acting reversible contraceptives,Implant,Undefined,Thousands,Number,14.36
2014/15,45 and over,Long acting reversible contraceptives,Implant,Undefined,Thousands,Number,3.267
2014/15,,Long acting reversible contraceptives,Implant,Undefined,Thousands,Number,138.937
2014/15,15 and under,Long acting reversible contraceptives,Injectable contraceptive,Undefined,Thousands,Number,2.31
2014/15,16 to 17,Long acting reversible contraceptives,Injectable contraceptive,Undefined,Thousands,Number,8.785
2014/15,18 to 19,Long acting reversible contraceptives,Injectable contraceptive,Undefined,Thousands,Number,12.489
2014/15,20 to 24,Long acting reversible contraceptives,Injectable contraceptive,Undefined,Thousands,Number,26.494
2014/15,25 to 34,Long acting reversible contraceptives,Injectable contraceptive,Undefined,Thousands,Number,22.803
2014/15,35 to 44,Long acting reversible contraceptives,Injectable contraceptive,Undefined,Thousands,Number,10.283
2014/15,45 and over,Long acting reversible contraceptives,Injectable contraceptive,Undefined,Thousands,Number,2.088
2014/15,,Long acting reversible contraceptives,Injectable contraceptive,Undefined,Thousands,Number,85.255
2014/15,15 and under,Long acting reversible contraceptives,IU device,Undefined,Thousands,Number,0.11
2014/15,16 to 17,Long acting reversible contraceptives,IU device,Undefined,Thousands,Number,0.655
2014/15,18 to 19,Long acting reversible contraceptives,IU device,Undefined,Thousands,Number,1.719
2014/15,20 to 24,Long acting reversible contraceptives,IU device,Undefined,Thousands,Number,9.251
2014/15,25 to 34,Long acting reversible contraceptives,IU device,Undefined,Thousands,Number,24.388
2014/15,35 to 44,Long acting reversible contraceptives,IU device,Undefined,Thousands,Number,14.383
2014/15,45 and over,Long acting reversible contraceptives,IU device,Undefined,Thousands,Number,3.706
2014/15,,Long acting reversible contraceptives,IU device,Undefined,Thousands,Number,54.216
2014/15,15 and under,Long acting reversible contraceptives,IU system,Undefined,Thousands,Number,0.041
2014/15,16 to 17,Long acting reversible contraceptives,IU system,Undefined,Thousands,Number,0.511
2014/15,18 to 19,Long acting reversible contraceptives,IU system,Undefined,Thousands,Number,1.531
2014/15,20 to 24,Long acting reversible contraceptives,IU system,Undefined,Thousands,Number,7.718
2014/15,25 to 34,Long acting reversible contraceptives,IU system,Undefined,Thousands,Number,19.398
2014/15,35 to 44,Long acting reversible contraceptives,IU system,Undefined,Thousands,Number,23.018
2014/15,45 and over,Long acting reversible contraceptives,IU system,Undefined,Thousands,Number,15.446
2014/15,,Long acting reversible contraceptives,IU system,Undefined,Thousands,Number,67.666
2014/15,15 and under,Long acting reversible contraceptives,,Undefined,Thousands,Number,9.511
2014/15,16 to 17,Long acting reversible contraceptives,,Undefined,Thousands,Number,26.167
2014/15,18 to 19,Long acting reversible contraceptives,,Undefined,Thousands,Number,34.501000000000005
2014/15,20 to 24,Long acting reversible contraceptives,,Undefined,Thousands,Number,83.218
2014/15,25 to 34,Long acting reversible contraceptives,,Undefined,Thousands,Number,106.109
2014/15,35 to 44,Long acting reversible contraceptives,,Undefined,Thousands,Number,62.044
2014/15,45 and over,Long acting reversible contraceptives,,Undefined,Thousands,Number,24.507
2014/15,,Long acting reversible contraceptives,,Undefined,Thousands,Number,346.074
2014/15,15 and under,User dependent,Contraceptive patch,Undefined,Thousands,Number,0.48
2014/15,16 to 17,User dependent,Contraceptive patch,Undefined,Thousands,Number,1.606
2014/15,18 to 19,User dependent,Contraceptive patch,Undefined,Thousands,Number,2.229
2014/15,20 to 24,User dependent,Contraceptive patch,Undefined,Thousands,Number,4.823
2014/15,25 to 34,User dependent,Contraceptive patch,Undefined,Thousands,Number,3.923
2014/15,35 to 44,User dependent,Contraceptive patch,Undefined,Thousands,Number,0.669
2014/15,45 and over,User dependent,Contraceptive patch,Undefined,Thousands,Number,0.056
2014/15,,User dependent,Contraceptive patch,Undefined,Thousands,Number,13.786
2014/15,15 and under,User dependent,Female condom,Undefined,Thousands,Number,0.048
2014/15,16 to 17,User dependent,Female condom,Undefined,Thousands,Number,0.111
2014/15,18 to 19,User dependent,Female condom,Undefined,Thousands,Number,0.128
2014/15,20 to 24,User dependent,Female condom,Undefined,Thousands,Number,0.288
2014/15,25 to 34,User dependent,Female condom,Undefined,Thousands,Number,0.384
2014/15,35 to 44,User dependent,Female condom,Undefined,Thousands,Number,0.182
2014/15,45 and over,User dependent,Female condom,Undefined,Thousands,Number,0.125
2014/15,,User dependent,Female condom,Undefined,Thousands,Number,1.267
2014/15,15 and under,User dependent,Male condom,Undefined,Thousands,Number,7.444
2014/15,16 to 17,User dependent,Male condom,Undefined,Thousands,Number,16.106
2014/15,18 to 19,User dependent,Male condom,Undefined,Thousands,Number,16.656
2014/15,20 to 24,User dependent,Male condom,Undefined,Thousands,Number,32.241
2014/15,25 to 34,User dependent,Male condom,Undefined,Thousands,Number,38.839
2014/15,35 to 44,User dependent,Male condom,Undefined,Thousands,Number,20.35
2014/15,45 and over,User dependent,Male condom,Undefined,Thousands,Number,9.501
2014/15,,User dependent,Male condom,Undefined,Thousands,Number,141.156
2014/15,15 and under,User dependent,Natural family planning incl. rhythm method,Undefined,Thousands,Number,0.086
2014/15,16 to 17,User dependent,Natural family planning incl. rhythm method,Undefined,Thousands,Number,0.303
2014/15,18 to 19,User dependent,Natural family planning incl. rhythm method,Undefined,Thousands,Number,0.502
2014/15,20 to 24,User dependent,Natural family planning incl. rhythm method,Undefined,Thousands,Number,1.584
2014/15,25 to 34,User dependent,Natural family planning incl. rhythm method,Undefined,Thousands,Number,2.663
2014/15,35 to 44,User dependent,Natural family planning incl. rhythm method,Undefined,Thousands,Number,1.393
2014/15,45 and over,User dependent,Natural family planning incl. rhythm method,Undefined,Thousands,Number,1.119
2014/15,,User dependent,Natural family planning incl. rhythm method,Undefined,Thousands,Number,7.652
2014/15,15 and under,User dependent,Oral contraceptives,Undefined,Thousands,Number,14.182
2014/15,16 to 17,User dependent,Oral contraceptives,Undefined,Thousands,Number,45.075
2014/15,18 to 19,User dependent,Oral contraceptives,Undefined,Thousands,Number,63.405
2014/15,20 to 24,User dependent,Oral contraceptives,Undefined,Thousands,Number,140.51
2014/15,25 to 34,User dependent,Oral contraceptives,Undefined,Thousands,Number,113.935
2014/15,35 to 44,User dependent,Oral contraceptives,Undefined,Thousands,Number,34.801
2014/15,45 and over,User dependent,Oral contraceptives,Undefined,Thousands,Number,14.818
2014/15,,User dependent,Oral contraceptives,Undefined,Thousands,Number,426.758
2014/15,15 and under,User dependent,Other methods,Undefined,Thousands,Number,0.011
2014/15,16 to 17,User dependent,Other methods,Undefined,Thousands,Number,0.076
2014/15,18 to 19,User dependent,Other methods,Undefined,Thousands,Number,0.169
2014/15,20 to 24,User dependent,Other methods,Undefined,Thousands,Number,0.997
2014/15,25 to 34,User dependent,Other methods,Undefined,Thousands,Number,2.045
2014/15,35 to 44,User dependent,Other methods,Undefined,Thousands,Number,0.712
2014/15,45 and over,User dependent,Other methods,Undefined,Thousands,Number,0.414
2014/15,,User dependent,Other methods,Undefined,Thousands,Number,4.425
2014/15,15 and under,User dependent,,Undefined,Thousands,Number,22.254
2014/15,16 to 17,User dependent,,Undefined,Thousands,Number,63.262
2014/15,18 to 19,User dependent,,Undefined,Thousands,Number,83.06700000000001
2014/15,20 to 24,User dependent,,Undefined,Thousands,Number,180.477
2014/15,25 to 34,User dependent,,Undefined,Thousands,Number,161.698
2014/15,35 to 44,User dependent,,Undefined,Thousands,Number,58.119
2014/15,45 and over,User dependent,,Undefined,Thousands,Number,26.164
2014/15,,User dependent,,Undefined,Thousands,Number,595.095
2014/15,15 and under,,,Undefined,Thousands,Number,31.765
2014/15,16 to 17,,,Undefined,Thousands,Number,89.429
2014/15,18 to 19,,,Undefined,Thousands,Number,117.568
2014/15,20 to 24,,,Undefined,Thousands,Number,263.695
2014/15,25 to 34,,,Undefined,Thousands,Number,267.807
2014/15,35 to 44,,,Undefined,Thousands,Number,120.163
2014/15,45 and over,,,Undefined,Thousands,Number,50.671
2014/15,,,,Undefined,Thousands,Number,941.169
2015/16,15 and under,Long acting reversible contraceptives,Implant,Undefined,Thousands,Number,5.917
2015/16,16 to 17,Long acting reversible contraceptives,Implant,Undefined,Thousands,Number,14.458
2015/16,18 to 19,Long acting reversible contraceptives,Implant,Undefined,Thousands,Number,17.697
2015/16,20 to 24,Long acting reversible contraceptives,Implant,Undefined,Thousands,Number,39.821
2015/16,25 to 34,Long acting reversible contraceptives,Implant,Undefined,Thousands,Number,42.425
2015/16,35 to 44,Long acting reversible contraceptives,Implant,Undefined,Thousands,Number,15.742
2015/16,45 and over,Long acting reversible contraceptives,Implant,Undefined,Thousands,Number,3.917
2015/16,,Long acting reversible contraceptives,Implant,Undefined,Thousands,Number,140.019
2015/16,15 and under,Long acting reversible contraceptives,Injectable contraceptive,Undefined,Thousands,Number,1.841
2015/16,16 to 17,Long acting reversible contraceptives,Injectable contraceptive,Undefined,Thousands,Number,7.377
2015/16,18 to 19,Long acting reversible contraceptives,Injectable contraceptive,Undefined,Thousands,Number,11.742
2015/16,20 to 24,Long acting reversible contraceptives,Injectable contraceptive,Undefined,Thousands,Number,26.586
2015/16,25 to 34,Long acting reversible contraceptives,Injectable contraceptive,Undefined,Thousands,Number,23.648
2015/16,35 to 44,Long acting reversible contraceptives,Injectable contraceptive,Undefined,Thousands,Number,10.615
2015/16,45 and over,Long acting reversible contraceptives,Injectable contraceptive,Undefined,Thousands,Number,2.363
2015/16,,Long acting reversible contraceptives,Injectable contraceptive,Undefined,Thousands,Number,84.179
2015/16,15 and under,Long acting reversible contraceptives,IU device,Undefined,Thousands,Number,0.121
2015/16,16 to 17,Long acting reversible contraceptives,IU device,Undefined,Thousands,Number,0.601
2015/16,18 to 19,Long acting reversible contraceptives,IU device,Undefined,Thousands,Number,1.768
2015/16,20 to 24,Long acting reversible contraceptives,IU device,Undefined,Thousands,Number,9.081
2015/16,25 to 34,Long acting reversible contraceptives,IU device,Undefined,Thousands,Number,23.651
2015/16,35 to 44,Long acting reversible contraceptives,IU device,Undefined,Thousands,Number,14.073
2015/16,45 and over,Long acting reversible contraceptives,IU device,Undefined,Thousands,Number,3.55
2015/16,,Long acting reversible contraceptives,IU device,Undefined,Thousands,Number,52.855
2015/16,15 and under,Long acting reversible contraceptives,IU system,Undefined,Thousands,Number,0.067
2015/16,16 to 17,Long acting reversible contraceptives,IU system,Undefined,Thousands,Number,0.54
2015/16,18 to 19,Long acting reversible contraceptives,IU system,Undefined,Thousands,Number,1.564
2015/16,20 to 24,Long acting reversible contraceptives,IU system,Undefined,Thousands,Number,8.303
2015/16,25 to 34,Long acting reversible contraceptives,IU system,Undefined,Thousands,Number,20.416
2015/16,35 to 44,Long acting reversible contraceptives,IU system,Undefined,Thousands,Number,23.489
2015/16,45 and over,Long acting reversible contraceptives,IU system,Undefined,Thousands,Number,16.226
2015/16,,Long acting reversible contraceptives,IU system,Undefined,Thousands,Number,70.621
2015/16,15 and under,Long acting reversible contraceptives,,Undefined,Thousands,Number,7.946
2015/16,16 to 17,Long acting reversible contraceptives,,Undefined,Thousands,Number,22.976
2015/16,18 to 19,Long acting reversible contraceptives,,Undefined,Thousands,Number,32.771
2015/16,20 to 24,Long acting reversible contraceptives,,Undefined,Thousands,Number,83.791
2015/16,25 to 34,Long acting reversible contraceptives,,Undefined,Thousands,Number,110.14
2015/16,35 to 44,Long acting reversible contraceptives,,Undefined,Thousands,Number,63.919
2015/16,45 and over,Long acting reversible contraceptives,,Undefined,Thousands,Number,26.056
2015/16,,Long acting reversible contraceptives,,Undefined,Thousands,Number,347.674
2015/16,15 and under,User dependent,Contraceptive patch,Undefined,Thousands,Number,0.399
2015/16,16 to 17,User dependent,Contraceptive patch,Undefined,Thousands,Number,1.407
2015/16,18 to 19,User dependent,Contraceptive patch,Undefined,Thousands,Number,2.227
2015/16,20 to 24,User dependent,Contraceptive patch,Undefined,Thousands,Number,4.963
2015/16,25 to 34,User dependent,Contraceptive patch,Undefined,Thousands,Number,4.169
2015/16,35 to 44,User dependent,Contraceptive patch,Undefined,Thousands,Number,0.726
2015/16,45 and over,User dependent,Contraceptive patch,Undefined,Thousands,Number,0.07
2015/16,,User dependent,Contraceptive patch,Undefined,Thousands,Number,13.962
2015/16,15 and under,User dependent,Female condom,Undefined,Thousands,Number,0.024
2015/16,16 to 17,User dependent,Female condom,Undefined,Thousands,Number,0.078
2015/16,18 to 19,User dependent,Female condom,Undefined,Thousands,Number,0.117
2015/16,20 to 24,User dependent,Female condom,Undefined,Thousands,Number,0.249
2015/16,25 to 34,User dependent,Female condom,Undefined,Thousands,Number,0.322
2015/16,35 to 44,User dependent,Female condom,Undefined,Thousands,Number,0.177
2015/16,45 and over,User dependent,Female condom,Undefined,Thousands,Number,0.093
2015/16,,User dependent,Female condom,Undefined,Thousands,Number,1.061
2015/16,15 and under,User dependent,Male condom,Undefined,Thousands,Number,5.263
2015/16,16 to 17,User dependent,Male condom,Undefined,Thousands,Number,11.931
2015/16,18 to 19,User dependent,Male condom,Undefined,Thousands,Number,13.734
2015/16,20 to 24,User dependent,Male condom,Undefined,Thousands,Number,29.14
2015/16,25 to 34,User dependent,Male condom,Undefined,Thousands,Number,37.879
2015/16,35 to 44,User dependent,Male condom,Undefined,Thousands,Number,19.625
2015/16,45 and over,User dependent,Male condom,Undefined,Thousands,Number,9.282
2015/16,,User dependent,Male condom,Undefined,Thousands,Number,126.874
2015/16,15 and under,User dependent,Natural family planning incl. rhythm method,Undefined,Thousands,Number,0.054
2015/16,16 to 17,User dependent,Natural family planning incl. rhythm method,Undefined,Thousands,Number,0.153
2015/16,18 to 19,User dependent,Natural family planning incl. rhythm method,Undefined,Thousands,Number,0.349
2015/16,20 to 24,User dependent,Natural family planning incl. rhythm method,Undefined,Thousands,Number,1.217
2015/16,25 to 34,User dependent,Natural family planning incl. rhythm method,Undefined,Thousands,Number,2.417
2015/16,35 to 44,User dependent,Natural family planning incl. rhythm method,Undefined,Thousands,Number,1.24
2015/16,45 and over,User dependent,Natural family planning incl. rhythm method,Undefined,Thousands,Number,0.894
2015/16,,User dependent,Natural family planning incl. rhythm method,Undefined,Thousands,Number,6.324
2015/16,15 and under,User dependent,Oral contraceptives,Undefined,Thousands,Number,11.58
2015/16,16 to 17,User dependent,Oral contraceptives,Undefined,Thousands,Number,39.467
2015/16,18 to 19,User dependent,Oral contraceptives,Undefined,Thousands,Number,59.044
2015/16,20 to 24,User dependent,Oral contraceptives,Undefined,Thousands,Number,134.734
2015/16,25 to 34,User dependent,Oral contraceptives,Undefined,Thousands,Number,111.772
2015/16,35 to 44,User dependent,Oral contraceptives,Undefined,Thousands,Number,34.619
2015/16,45 and over,User dependent,Oral contraceptives,Undefined,Thousands,Number,14.169
2015/16,,User dependent,Oral contraceptives,Undefined,Thousands,Number,405.433
2015/16,15 and under,User dependent,Other methods,Undefined,Thousands,Number,0.017
2015/16,16 to 17,User dependent,Other methods,Undefined,Thousands,Number,0.058
2015/16,18 to 19,User dependent,Other methods,Undefined,Thousands,Number,0.152
2015/16,20 to 24,User dependent,Other methods,Undefined,Thousands,Number,1.046
2015/16,25 to 34,User dependent,Other methods,Undefined,Thousands,Number,2.226
2015/16,35 to 44,User dependent,Other methods,Undefined,Thousands,Number,0.666
2015/16,45 and over,User dependent,Other methods,Undefined,Thousands,Number,0.393
2015/16,,User dependent,Other methods,Undefined,Thousands,Number,4.558
2015/16,15 and under,User dependent,,Undefined,Thousands,Number,17.331
2015/16,16 to 17,User dependent,,Undefined,Thousands,Number,53.112
2015/16,18 to 19,User dependent,,Undefined,Thousands,Number,75.64
2015/16,20 to 24,User dependent,,Undefined,Thousands,Number,171.30000000000004
2015/16,25 to 34,User dependent,,Undefined,Thousands,Number,158.604
2015/16,35 to 44,User dependent,,Undefined,Thousands,Number,57.099
2015/16,45 and over,User dependent,,Undefined,Thousands,Number,24.922
2015/16,,User dependent,,Undefined,Thousands,Number,558.079
2015/16,15 and under,,,Undefined,Thousands,Number,25.277
2015/16,16 to 17,,,Undefined,Thousands,Number,76.088
2015/16,18 to 19,,,Undefined,Thousands,Number,108.411
2015/16,20 to 24,,,Undefined,Thousands,Number,255.091
2015/16,25 to 34,,,Undefined,Thousands,Number,268.744
2015/16,35 to 44,,,Undefined,Thousands,Number,121.018
2015/16,45 and over,,,Undefined,Thousands,Number,50.978
2015/16,,,,Undefined,Thousands,Number,905.753
2016/17,15 and under,Long acting reversible contraceptives,Implant,Undefined,Thousands,Number,4.676
2016/17,16 to 17,Long acting reversible contraceptives,Implant,Undefined,Thousands,Number,11.96
2016/17,18 to 19,Long acting reversible contraceptives,Implant,Undefined,Thousands,Number,15.742
2016/17,20 to 24,Long acting reversible contraceptives,Implant,Undefined,Thousands,Number,38.262
2016/17,25 to 34,Long acting reversible contraceptives,Implant,Undefined,Thousands,Number,43.118
2016/17,35 to 44,Long acting reversible contraceptives,Implant,Undefined,Thousands,Number,16.403
2016/17,45 and over,Long acting reversible contraceptives,Implant,Undefined,Thousands,Number,4.447
2016/17,,Long acting reversible contraceptives,Implant,Undefined,Thousands,Number,134.623
2016/17,15 and under,Long acting reversible contraceptives,Injectable contraceptive,Undefined,Thousands,Number,1.561
2016/17,16 to 17,Long acting reversible contraceptives,Injectable contraceptive,Undefined,Thousands,Number,6.532
2016/17,18 to 19,Long acting reversible contraceptives,Injectable contraceptive,Undefined,Thousands,Number,10.833
2016/17,20 to 24,Long acting reversible contraceptives,Injectable contraceptive,Undefined,Thousands,Number,25.764
2016/17,25 to 34,Long acting reversible contraceptives,Injectable contraceptive,Undefined,Thousands,Number,23.425
2016/17,35 to 44,Long acting reversible contraceptives,Injectable contraceptive,Undefined,Thousands,Number,10.376
2016/17,45 and over,Long acting reversible contraceptives,Injectable contraceptive,Undefined,Thousands,Number,2.341
2016/17,,Long acting reversible contraceptives,Injectable contraceptive,Undefined,Thousands,Number,80.843
2016/17,15 and under,Long acting reversible contraceptives,IU device,Undefined,Thousands,Number,0.091
2016/17,16 to 17,Long acting reversible contraceptives,IU device,Undefined,Thousands,Number,0.623
2016/17,18 to 19,Long acting reversible contraceptives,IU device,Undefined,Thousands,Number,1.863
2016/17,20 to 24,Long acting reversible contraceptives,IU device,Undefined,Thousands,Number,9.91
2016/17,25 to 34,Long acting reversible contraceptives,IU device,Undefined,Thousands,Number,24.222
2016/17,35 to 44,Long acting reversible contraceptives,IU device,Undefined,Thousands,Number,14.102
2016/17,45 and over,Long acting reversible contraceptives,IU device,Undefined,Thousands,Number,3.385
2016/17,,Long acting reversible contraceptives,IU device,Undefined,Thousands,Number,54.198
2016/17,15 and under,Long acting reversible contraceptives,IU system,Undefined,Thousands,Number,0.053
2016/17,16 to 17,Long acting reversible contraceptives,IU system,Undefined,Thousands,Number,0.556
2016/17,18 to 19,Long acting reversible contraceptives,IU system,Undefined,Thousands,Number,1.66
2016/17,20 to 24,Long acting reversible contraceptives,IU system,Undefined,Thousands,Number,9.184
2016/17,25 to 34,Long acting reversible contraceptives,IU system,Undefined,Thousands,Number,21.532
2016/17,35 to 44,Long acting reversible contraceptives,IU system,Undefined,Thousands,Number,23.026
2016/17,45 and over,Long acting reversible contraceptives,IU system,Undefined,Thousands,Number,16.215
2016/17,,Long acting reversible contraceptives,IU system,Undefined,Thousands,Number,72.229
2016/17,15 and under,Long acting reversible contraceptives,,Undefined,Thousands,Number,6.381
2016/17,16 to 17,Long acting reversible contraceptives,,Undefined,Thousands,Number,19.671
2016/17,18 to 19,Long acting reversible contraceptives,,Undefined,Thousands,Number,30.098
2016/17,20 to 24,Long acting reversible contraceptives,,Undefined,Thousands,Number,83.12
2016/17,25 to 34,Long acting reversible contraceptives,,Undefined,Thousands,Number,112.297
2016/17,35 to 44,Long acting reversible contraceptives,,Undefined,Thousands,Number,63.907
2016/17,45 and over,Long acting reversible contraceptives,,Undefined,Thousands,Number,26.388
2016/17,,Long acting reversible contraceptives,,Undefined,Thousands,Number,341.893
2016/17,15 and under,User dependent,Contraceptive patch,Undefined,Thousands,Number,0.298
2016/17,16 to 17,User dependent,Contraceptive patch,Undefined,Thousands,Number,1.341
2016/17,18 to 19,User dependent,Contraceptive patch,Undefined,Thousands,Number,2.106
2016/17,20 to 24,User dependent,Contraceptive patch,Undefined,Thousands,Number,5.022
2016/17,25 to 34,User dependent,Contraceptive patch,Undefined,Thousands,Number,4.292
2016/17,35 to 44,User dependent,Contraceptive patch,Undefined,Thousands,Number,0.734
2016/17,45 and over,User dependent,Contraceptive patch,Undefined,Thousands,Number,0.061
2016/17,,User dependent,Contraceptive patch,Undefined,Thousands,Number,13.854
2016/17,15 and under,User dependent,Female condom,Undefined,Thousands,Number,0.03
2016/17,16 to 17,User dependent,Female condom,Undefined,Thousands,Number,0.104
2016/17,18 to 19,User dependent,Female condom,Undefined,Thousands,Number,0.104
2016/17,20 to 24,User dependent,Female condom,Undefined,Thousands,Number,0.254
2016/17,25 to 34,User dependent,Female condom,Undefined,Thousands,Number,0.334
2016/17,35 to 44,User dependent,Female condom,Undefined,Thousands,Number,0.166
2016/17,45 and over,User dependent,Female condom,Undefined,Thousands,Number,0.112
2016/17,,User dependent,Female condom,Undefined,Thousands,Number,1.105
2016/17,15 and under,User dependent,Male condom,Undefined,Thousands,Number,3.692
2016/17,16 to 17,User dependent,Male condom,Undefined,Thousands,Number,9.719
2016/17,18 to 19,User dependent,Male condom,Undefined,Thousands,Number,12.796
2016/17,20 to 24,User dependent,Male condom,Undefined,Thousands,Number,28.119
2016/17,25 to 34,User dependent,Male condom,Undefined,Thousands,Number,37.271
2016/17,35 to 44,User dependent,Male condom,Undefined,Thousands,Number,18.283
2016/17,45 and over,User dependent,Male condom,Undefined,Thousands,Number,8.221
2016/17,,User dependent,Male condom,Undefined,Thousands,Number,118.121
2016/17,15 and under,User dependent,Natural family planning incl. rhythm method,Undefined,Thousands,Number,0.041
2016/17,16 to 17,User dependent,Natural family planning incl. rhythm method,Undefined,Thousands,Number,0.135
2016/17,18 to 19,User dependent,Natural family planning incl. rhythm method,Undefined,Thousands,Number,0.284
2016/17,20 to 24,User dependent,Natural family planning incl. rhythm method,Undefined,Thousands,Number,1.138
2016/17,25 to 34,User dependent,Natural family planning incl. rhythm method,Undefined,Thousands,Number,2.733
2016/17,35 to 44,User dependent,Natural family planning incl. rhythm method,Undefined,Thousands,Number,1.254
2016/17,45 and over,User dependent,Natural family planning incl. rhythm method,Undefined,Thousands,Number,0.914
2016/17,,User dependent,Natural family planning incl. rhythm method,Undefined,Thousands,Number,6.499
2016/17,15 and under,User dependent,Oral contraceptives,Undefined,Thousands,Number,9.655
2016/17,16 to 17,User dependent,Oral contraceptives,Undefined,Thousands,Number,34.914
2016/17,18 to 19,User dependent,Oral contraceptives,Undefined,Thousands,Number,55.303
2016/17,20 to 24,User dependent,Oral contraceptives,Undefined,Thousands,Number,129.045
2016/17,25 to 34,User dependent,Oral contraceptives,Undefined,Thousands,Number,108.915
2016/17,35 to 44,User dependent,Oral contraceptives,Undefined,Thousands,Number,33.14
2016/17,45 and over,User dependent,Oral contraceptives,Undefined,Thousands,Number,13.689
2016/17,,User dependent,Oral contraceptives,Undefined,Thousands,Number,384.7
2016/17,15 and under,User dependent,Other methods,Undefined,Thousands,Number,0.017
2016/17,16 to 17,User dependent,Other methods,Undefined,Thousands,Number,0.098
2016/17,18 to 19,User dependent,Other methods,Undefined,Thousands,Number,0.334
2016/17,20 to 24,User dependent,Other methods,Undefined,Thousands,Number,1.241
2016/17,25 to 34,User dependent,Other methods,Undefined,Thousands,Number,2.254
2016/17,35 to 44,User dependent,Other methods,Undefined,Thousands,Number,0.644
2016/17,45 and over,User dependent,Other methods,Undefined,Thousands,Number,0.325
2016/17,,User dependent,Other methods,Undefined,Thousands,Number,4.913
2016/17,15 and under,User dependent,,Undefined,Thousands,Number,13.733
2016/17,16 to 17,User dependent,,Undefined,Thousands,Number,46.271
2016/17,18 to 19,User dependent,,Undefined,Thousands,Number,70.74499999999999
2016/17,20 to 24,User dependent,,Undefined,Thousands,Number,164.62399999999997
2016/17,25 to 34,User dependent,,Undefined,Thousands,Number,155.77100000000002
2016/17,35 to 44,User dependent,,Undefined,Thousands,Number,54.243
2016/17,45 and over,User dependent,,Undefined,Thousands,Number,23.39
2016/17,,User dependent,,Undefined,Thousands,Number,528.837
2016/17,15 and under,,,Undefined,Thousands,Number,20.114
2016/17,16 to 17,,,Undefined,Thousands,Number,65.942
2016/17,18 to 19,,,Undefined,Thousands,Number,100.843
2016/17,20 to 24,,,Undefined,Thousands,Number,247.744
2016/17,25 to 34,,,Undefined,Thousands,Number,268.068
2016/17,35 to 44,,,Undefined,Thousands,Number,118.15
2016/17,45 and over,,,Undefined,Thousands,Number,49.778
2016/17,,,,Undefined,Thousands,Number,870.73
2017/18,15 and under,Long acting reversible contraceptives,Implant,Undefined,Thousands,Number,4.432
2017/18,16 to 17,Long acting reversible contraceptives,Implant,Undefined,Thousands,Number,11.14
2017/18,18 to 19,Long acting reversible contraceptives,Implant,Undefined,Thousands,Number,14.544
2017/18,20 to 24,Long acting reversible contraceptives,Implant,Undefined,Thousands,Number,35.695
2017/18,25 to 34,Long acting reversible contraceptives,Implant,Undefined,Thousands,Number,42.849
2017/18,35 to 44,Long acting reversible contraceptives,Implant,Undefined,Thousands,Number,16.56
2017/18,45 and over,Long acting reversible contraceptives,Implant,Undefined,Thousands,Number,4.535
2017/18,,Long acting reversible contraceptives,Implant,Undefined,Thousands,Number,129.76
2017/18,15 and under,Long acting reversible contraceptives,Injectable contraceptive,Undefined,Thousands,Number,1.425
2017/18,16 to 17,Long acting reversible contraceptives,Injectable contraceptive,Undefined,Thousands,Number,5.699
2017/18,18 to 19,Long acting reversible contraceptives,Injectable contraceptive,Undefined,Thousands,Number,9.845
2017/18,20 to 24,Long acting reversible contraceptives,Injectable contraceptive,Undefined,Thousands,Number,24.0
2017/18,25 to 34,Long acting reversible contraceptives,Injectable contraceptive,Undefined,Thousands,Number,21.98
2017/18,35 to 44,Long acting reversible contraceptives,Injectable contraceptive,Undefined,Thousands,Number,9.58
2017/18,45 and over,Long acting reversible contraceptives,Injectable contraceptive,Undefined,Thousands,Number,2.216
2017/18,,Long acting reversible contraceptives,Injectable contraceptive,Undefined,Thousands,Number,74.752
2017/18,15 and under,Long acting reversible contraceptives,IU device,Undefined,Thousands,Number,0.127
2017/18,16 to 17,Long acting reversible contraceptives,IU device,Undefined,Thousands,Number,0.803
2017/18,18 to 19,Long acting reversible contraceptives,IU device,Undefined,Thousands,Number,2.467
2017/18,20 to 24,Long acting reversible contraceptives,IU device,Undefined,Thousands,Number,11.47
2017/18,25 to 34,Long acting reversible contraceptives,IU device,Undefined,Thousands,Number,24.799
2017/18,35 to 44,Long acting reversible contraceptives,IU device,Undefined,Thousands,Number,13.71
2017/18,45 and over,Long acting reversible contraceptives,IU device,Undefined,Thousands,Number,3.215
2017/18,,Long acting reversible contraceptives,IU device,Undefined,Thousands,Number,56.593
2017/18,15 and under,Long acting reversible contraceptives,IU system,Undefined,Thousands,Number,0.06
2017/18,16 to 17,Long acting reversible contraceptives,IU system,Undefined,Thousands,Number,0.628
2017/18,18 to 19,Long acting reversible contraceptives,IU system,Undefined,Thousands,Number,1.936
2017/18,20 to 24,Long acting reversible contraceptives,IU system,Undefined,Thousands,Number,10.441
2017/18,25 to 34,Long acting reversible contraceptives,IU system,Undefined,Thousands,Number,23.389
2017/18,35 to 44,Long acting reversible contraceptives,IU system,Undefined,Thousands,Number,22.573
2017/18,45 and over,Long acting reversible contraceptives,IU system,Undefined,Thousands,Number,15.903
2017/18,,Long acting reversible contraceptives,IU system,Undefined,Thousands,Number,74.931
2017/18,15 and under,Long acting reversible contraceptives,,Undefined,Thousands,Number,6.0440000000000005
2017/18,16 to 17,Long acting reversible contraceptives,,Undefined,Thousands,Number,18.270000000000003
2017/18,18 to 19,Long acting reversible contraceptives,,Undefined,Thousands,Number,28.792
2017/18,20 to 24,Long acting reversible contraceptives,,Undefined,Thousands,Number,81.606
2017/18,25 to 34,Long acting reversible contraceptives,,Undefined,Thousands,Number,113.017
2017/18,35 to 44,Long acting reversible contraceptives,,Undefined,Thousands,Number,62.423
2017/18,45 and over,Long acting reversible contraceptives,,Undefined,Thousands,Number,25.869000000000003
2017/18,,Long acting reversible contraceptives,,Undefined,Thousands,Number,336.036
2017/18,15 and under,User dependent,Contraceptive patch,Undefined,Thousands,Number,0.3
2017/18,16 to 17,User dependent,Contraceptive patch,Undefined,Thousands,Number,1.092
2017/18,18 to 19,User dependent,Contraceptive patch,Undefined,Thousands,Number,1.83
2017/18,20 to 24,User dependent,Contraceptive patch,Undefined,Thousands,Number,4.74
2017/18,25 to 34,User dependent,Contraceptive patch,Undefined,Thousands,Number,4.212
2017/18,35 to 44,User dependent,Contraceptive patch,Undefined,Thousands,Number,0.762
2017/18,45 and over,User dependent,Contraceptive patch,Undefined,Thousands,Number,0.052
2017/18,,User dependent,Contraceptive patch,Undefined,Thousands,Number,12.989
2017/18,15 and under,User dependent,Female condom,Undefined,Thousands,Number,0.058
2017/18,16 to 17,User dependent,Female condom,Undefined,Thousands,Number,0.214
2017/18,18 to 19,User dependent,Female condom,Undefined,Thousands,Number,0.344
2017/18,20 to 24,User dependent,Female condom,Undefined,Thousands,Number,0.847
2017/18,25 to 34,User dependent,Female condom,Undefined,Thousands,Number,1.139
2017/18,35 to 44,User dependent,Female condom,Undefined,Thousands,Number,0.763
2017/18,45 and over,User dependent,Female condom,Undefined,Thousands,Number,0.426
2017/18,,User dependent,Female condom,Undefined,Thousands,Number,3.793
2017/18,15 and under,User dependent,Male condom,Undefined,Thousands,Number,3.112
2017/18,16 to 17,User dependent,Male condom,Undefined,Thousands,Number,8.341
2017/18,18 to 19,User dependent,Male condom,Undefined,Thousands,Number,11.787
2017/18,20 to 24,User dependent,Male condom,Undefined,Thousands,Number,26.956
2017/18,25 to 34,User dependent,Male condom,Undefined,Thousands,Number,35.832
2017/18,35 to 44,User dependent,Male condom,Undefined,Thousands,Number,17.225
2017/18,45 and over,User dependent,Male condom,Undefined,Thousands,Number,7.334
2017/18,,User dependent,Male condom,Undefined,Thousands,Number,110.61
2017/18,15 and under,User dependent,Natural family planning incl. rhythm method,Undefined,Thousands,Number,0.046
2017/18,16 to 17,User dependent,Natural family planning incl. rhythm method,Undefined,Thousands,Number,0.164
2017/18,18 to 19,User dependent,Natural family planning incl. rhythm method,Undefined,Thousands,Number,0.33
2017/18,20 to 24,User dependent,Natural family planning incl. rhythm method,Undefined,Thousands,Number,1.17
2017/18,25 to 34,User dependent,Natural family planning incl. rhythm method,Undefined,Thousands,Number,2.834
2017/18,35 to 44,User dependent,Natural family planning incl. rhythm method,Undefined,Thousands,Number,1.398
2017/18,45 and over,User dependent,Natural family planning incl. rhythm method,Undefined,Thousands,Number,0.993
2017/18,,User dependent,Natural family planning incl. rhythm method,Undefined,Thousands,Number,6.936
2017/18,15 and under,User dependent,Oral contraceptives,Undefined,Thousands,Number,8.888
2017/18,16 to 17,User dependent,Oral contraceptives,Undefined,Thousands,Number,31.105
2017/18,18 to 19,User dependent,Oral contraceptives,Undefined,Thousands,Number,48.814
2017/18,20 to 24,User dependent,Oral contraceptives,Undefined,Thousands,Number,112.856
2017/18,25 to 34,User dependent,Oral contraceptives,Undefined,Thousands,Number,97.846
2017/18,35 to 44,User dependent,Oral contraceptives,Undefined,Thousands,Number,29.993
2017/18,45 and over,User dependent,Oral contraceptives,Undefined,Thousands,Number,12.222
2017/18,,User dependent,Oral contraceptives,Undefined,Thousands,Number,341.741
2017/18,15 and under,User dependent,Other methods,Undefined,Thousands,Number,0.017
2017/18,16 to 17,User dependent,Other methods,Undefined,Thousands,Number,0.098
2017/18,18 to 19,User dependent,Other methods,Undefined,Thousands,Number,0.334
2017/18,20 to 24,User dependent,Other methods,Undefined,Thousands,Number,1.241
2017/18,25 to 34,User dependent,Other methods,Undefined,Thousands,Number,2.254
2017/18,35 to 44,User dependent,Other methods,Undefined,Thousands,Number,0.644
2017/18,45 and over,User dependent,Other methods,Undefined,Thousands,Number,0.325
2017/18,,User dependent,Other methods,Undefined,Thousands,Number,4.913
2017/18,15 and under,User dependent,,Undefined,Thousands,Number,12.421
2017/18,16 to 17,User dependent,,Undefined,Thousands,Number,41.014
2017/18,18 to 19,User dependent,,Undefined,Thousands,Number,63.439
2017/18,20 to 24,User dependent,,Undefined,Thousands,Number,147.81
2017/18,25 to 34,User dependent,,Undefined,Thousands,Number,144.117
2017/18,35 to 44,User dependent,,Undefined,Thousands,Number,50.785
2017/18,45 and over,User dependent,,Undefined,Thousands,Number,21.351999999999997
2017/18,,User dependent,,Undefined,Thousands,Number,480.982
2017/18,15 and under,,,Undefined,Thousands,Number,18.465
2017/18,16 to 17,,,Undefined,Thousands,Number,59.284
2017/18,18 to 19,,,Undefined,Thousands,Number,92.231
2017/18,20 to 24,,,Undefined,Thousands,Number,229.416
2017/18,25 to 34,,,Undefined,Thousands,Number,257.134
2017/18,35 to 44,,,Undefined,Thousands,Number,113.208
2017/18,45 and over,,,Undefined,Thousands,Number,47.221
2017/18,,,,Undefined,Thousands,Number,817.018
2018/19,15 and under,Long acting reversible contraceptives,Implant,Undefined,Thousands,Number,5.145
2018/19,16 to 17,Long acting reversible contraceptives,Implant,Undefined,Thousands,Number,11.09
2018/19,18 to 19,Long acting reversible contraceptives,Implant,Undefined,Thousands,Number,14.217
2018/19,20 to 24,Long acting reversible contraceptives,Implant,Undefined,Thousands,Number,35.74
2018/19,25 to 34,Long acting reversible contraceptives,Implant,Undefined,Thousands,Number,46.043
2018/19,35 to 44,Long acting reversible contraceptives,Implant,Undefined,Thousands,Number,18.982
2018/19,45 and over,Long acting reversible contraceptives,Implant,Undefined,Thousands,Number,5.36
2018/19,,Long acting reversible contraceptives,Implant,Undefined,Thousands,Number,136.584
2018/19,15 and under,Long acting reversible contraceptives,Injectable contraceptive,Undefined,Thousands,Number,1.339
2018/19,16 to 17,Long acting reversible contraceptives,Injectable contraceptive,Undefined,Thousands,Number,5.021
2018/19,18 to 19,Long acting reversible contraceptives,Injectable contraceptive,Undefined,Thousands,Number,8.609
2018/19,20 to 24,Long acting reversible contraceptives,Injectable contraceptive,Undefined,Thousands,Number,22.208
2018/19,25 to 34,Long acting reversible contraceptives,Injectable contraceptive,Undefined,Thousands,Number,22.104
2018/19,35 to 44,Long acting reversible contraceptives,Injectable contraceptive,Undefined,Thousands,Number,9.552
2018/19,45 and over,Long acting reversible contraceptives,Injectable contraceptive,Undefined,Thousands,Number,2.201
2018/19,,Long acting reversible contraceptives,Injectable contraceptive,Undefined,Thousands,Number,71.038
2018/19,15 and under,Long acting reversible contraceptives,IU device,Undefined,Thousands,Number,0.179
2018/19,16 to 17,Long acting reversible contraceptives,IU device,Undefined,Thousands,Number,0.841
2018/19,18 to 19,Long acting reversible contraceptives,IU device,Undefined,Thousands,Number,2.594
2018/19,20 to 24,Long acting reversible contraceptives,IU device,Undefined,Thousands,Number,12.749
2018/19,25 to 34,Long acting reversible contraceptives,IU device,Undefined,Thousands,Number,26.341
2018/19,35 to 44,Long acting reversible contraceptives,IU device,Undefined,Thousands,Number,14.924
2018/19,45 and over,Long acting reversible contraceptives,IU device,Undefined,Thousands,Number,3.293
2018/19,,Long acting reversible contraceptives,IU device,Undefined,Thousands,Number,60.921
2018/19,15 and under,Long acting reversible contraceptives,IU system,Undefined,Thousands,Number,0.096
2018/19,16 to 17,Long acting reversible contraceptives,IU system,Undefined,Thousands,Number,0.802
2018/19,18 to 19,Long acting reversible contraceptives,IU system,Undefined,Thousands,Number,2.33
2018/19,20 to 24,Long acting reversible contraceptives,IU system,Undefined,Thousands,Number,12.269
2018/19,25 to 34,Long acting reversible contraceptives,IU system,Undefined,Thousands,Number,26.259
2018/19,35 to 44,Long acting reversible contraceptives,IU system,Undefined,Thousands,Number,24.39
2018/19,45 and over,Long acting reversible contraceptives,IU system,Undefined,Thousands,Number,17.218
2018/19,,Long acting reversible contraceptives,IU system,Undefined,Thousands,Number,83.369
2018/19,15 and under,Long acting reversible contraceptives,,Undefined,Thousands,Number,6.759
2018/19,16 to 17,Long acting reversible contraceptives,,Undefined,Thousands,Number,17.754
2018/19,18 to 19,Long acting reversible contraceptives,,Undefined,Thousands,Number,27.75
2018/19,20 to 24,Long acting reversible contraceptives,,Undefined,Thousands,Number,82.96600000000001
2018/19,25 to 34,Long acting reversible contraceptives,,Undefined,Thousands,Number,120.747
2018/19,35 to 44,Long acting reversible contraceptives,,Undefined,Thousands,Number,67.848
2018/19,45 and over,Long acting reversible contraceptives,,Undefined,Thousands,Number,28.072
2018/19,,Long acting reversible contraceptives,,Undefined,Thousands,Number,351.91200000000003
2018/19,15 and under,User dependent,Contraceptive patch,Undefined,Thousands,Number,0.249
2018/19,16 to 17,User dependent,Contraceptive patch,Undefined,Thousands,Number,1.023
2018/19,18 to 19,User dependent,Contraceptive patch,Undefined,Thousands,Number,1.658
2018/19,20 to 24,User dependent,Contraceptive patch,Undefined,Thousands,Number,4.613
2018/19,25 to 34,User dependent,Contraceptive patch,Undefined,Thousands,Number,4.502
2018/19,35 to 44,User dependent,Contraceptive patch,Undefined,Thousands,Number,0.805
2018/19,45 and over,User dependent,Contraceptive patch,Undefined,Thousands,Number,0.055
2018/19,,User dependent,Contraceptive patch,Undefined,Thousands,Number,12.905
2018/19,15 and under,User dependent,Male condom,Undefined,Thousands,Number,2.704
2018/19,16 to 17,User dependent,Male condom,Undefined,Thousands,Number,7.476
2018/19,18 to 19,User dependent,Male condom,Undefined,Thousands,Number,11.163
2018/19,20 to 24,User dependent,Male condom,Undefined,Thousands,Number,26.368
2018/19,25 to 34,User dependent,Male condom,Undefined,Thousands,Number,36.395
2018/19,35 to 44,User dependent,Male condom,Undefined,Thousands,Number,17.712
2018/19,45 and over,User dependent,Male condom,Undefined,Thousands,Number,7.776
2018/19,,User dependent,Male condom,Undefined,Thousands,Number,109.611
2018/19,15 and under,User dependent,Natural family planning incl. rhythm method,Undefined,Thousands,Number,0.059
2018/19,16 to 17,User dependent,Natural family planning incl. rhythm method,Undefined,Thousands,Number,0.156
2018/19,18 to 19,User dependent,Natural family planning incl. rhythm method,Undefined,Thousands,Number,0.332
2018/19,20 to 24,User dependent,Natural family planning incl. rhythm method,Undefined,Thousands,Number,1.272
2018/19,25 to 34,User dependent,Natural family planning incl. rhythm method,Undefined,Thousands,Number,3.385
2018/19,35 to 44,User dependent,Natural family planning incl. rhythm method,Undefined,Thousands,Number,1.613
2018/19,45 and over,User dependent,Natural family planning incl. rhythm method,Undefined,Thousands,Number,1.118
2018/19,,User dependent,Natural family planning incl. rhythm method,Undefined,Thousands,Number,7.935
2018/19,15 and under,User dependent,Oral contraceptives,Undefined,Thousands,Number,8.055
2018/19,16 to 17,User dependent,Oral contraceptives,Undefined,Thousands,Number,26.359
2018/19,18 to 19,User dependent,Oral contraceptives,Undefined,Thousands,Number,42.134
2018/19,20 to 24,User dependent,Oral contraceptives,Undefined,Thousands,Number,101.092
2018/19,25 to 34,User dependent,Oral contraceptives,Undefined,Thousands,Number,92.347
2018/19,35 to 44,User dependent,Oral contraceptives,Undefined,Thousands,Number,29.632
2018/19,45 and over,User dependent,Oral contraceptives,Undefined,Thousands,Number,11.517
2018/19,,User dependent,Oral contraceptives,Undefined,Thousands,Number,311.148
2018/19,15 and under,User dependent,Other methods,Undefined,Thousands,Number,0.029
2018/19,16 to 17,User dependent,Other methods,Undefined,Thousands,Number,0.109
2018/19,18 to 19,User dependent,Other methods,Undefined,Thousands,Number,0.189
2018/19,20 to 24,User dependent,Other methods,Undefined,Thousands,Number,1.161
2018/19,25 to 34,User dependent,Other methods,Undefined,Thousands,Number,2.295
2018/19,35 to 44,User dependent,Other methods,Undefined,Thousands,Number,0.768
2018/19,45 and over,User dependent,Other methods,Undefined,Thousands,Number,0.436
2018/19,,User dependent,Other methods,Undefined,Thousands,Number,4.989
2018/19,15 and under,User dependent,,Undefined,Thousands,Number,11.096
2018/19,16 to 17,User dependent,,Undefined,Thousands,Number,35.123000000000005
2018/19,18 to 19,User dependent,,Undefined,Thousands,Number,55.476
2018/19,20 to 24,User dependent,,Undefined,Thousands,Number,134.506
2018/19,25 to 34,User dependent,,Undefined,Thousands,Number,138.92399999999998
2018/19,35 to 44,User dependent,,Undefined,Thousands,Number,50.53
2018/19,45 and over,User dependent,,Undefined,Thousands,Number,20.902
2018/19,,User dependent,,Undefined,Thousands,Number,446.588
2018/19,15 and under,,,Undefined,Thousands,Number,17.855
2018/19,16 to 17,,,Undefined,Thousands,Number,52.877
2018/19,18 to 19,,,Undefined,Thousands,Number,83.226
2018/19,20 to 24,,,Undefined,Thousands,Number,217.472
2018/19,25 to 34,,,Undefined,Thousands,Number,259.671
2018/19,35 to 44,,,Undefined,Thousands,Number,118.378
2018/19,45 and over,,,Undefined,Thousands,Number,48.974
2018/19,,,,Undefined,Thousands,Number,798.5
2019/20,15 and under,Long acting reversible contraceptives,Implant,Undefined,Thousands,Number,5.56
2019/20,16 to 17,Long acting reversible contraceptives,Implant,Undefined,Thousands,Number,11.919
2019/20,18 to 19,Long acting reversible contraceptives,Implant,Undefined,Thousands,Number,13.437
2019/20,20 to 24,Long acting reversible contraceptives,Implant,Undefined,Thousands,Number,32.549
2019/20,25 to 34,Long acting reversible contraceptives,Implant,Undefined,Thousands,Number,43.039
2019/20,35 to 44,Long acting reversible contraceptives,Implant,Undefined,Thousands,Number,18.333
2019/20,45 and over,Long acting reversible contraceptives,Implant,Undefined,Thousands,Number,5.528
2019/20,,Long acting reversible contraceptives,Implant,Undefined,Thousands,Number,130.374
2019/20,15 and under,Long acting reversible contraceptives,Injectable contraceptive,Undefined,Thousands,Number,1.25
2019/20,16 to 17,Long acting reversible contraceptives,Injectable contraceptive,Undefined,Thousands,Number,4.781
2019/20,18 to 19,Long acting reversible contraceptives,Injectable contraceptive,Undefined,Thousands,Number,7.82
2019/20,20 to 24,Long acting reversible contraceptives,Injectable contraceptive,Undefined,Thousands,Number,19.993
2019/20,25 to 34,Long acting reversible contraceptives,Injectable contraceptive,Undefined,Thousands,Number,20.064
2019/20,35 to 44,Long acting reversible contraceptives,Injectable contraceptive,Undefined,Thousands,Number,8.838
2019/20,45 and over,Long acting reversible contraceptives,Injectable contraceptive,Undefined,Thousands,Number,1.988
2019/20,,Long acting reversible contraceptives,Injectable contraceptive,Undefined,Thousands,Number,64.736
2019/20,15 and under,Long acting reversible contraceptives,IU device,Undefined,Thousands,Number,0.174
2019/20,16 to 17,Long acting reversible contraceptives,IU device,Undefined,Thousands,Number,0.966
2019/20,18 to 19,Long acting reversible contraceptives,IU device,Undefined,Thousands,Number,2.669
2019/20,20 to 24,Long acting reversible contraceptives,IU device,Undefined,Thousands,Number,12.95
2019/20,25 to 34,Long acting reversible contraceptives,IU device,Undefined,Thousands,Number,25.048
2019/20,35 to 44,Long acting reversible contraceptives,IU device,Undefined,Thousands,Number,13.749
2019/20,45 and over,Long acting reversible contraceptives,IU device,Undefined,Thousands,Number,3.032
2019/20,,Long acting reversible contraceptives,IU device,Undefined,Thousands,Number,58.588
2019/20,15 and under,Long acting reversible contraceptives,IU system,Undefined,Thousands,Number,0.103
2019/20,16 to 17,Long acting reversible contraceptives,IU system,Undefined,Thousands,Number,0.887
2019/20,18 to 19,Long acting reversible contraceptives,IU system,Undefined,Thousands,Number,2.467
2019/20,20 to 24,Long acting reversible contraceptives,IU system,Undefined,Thousands,Number,12.918
2019/20,25 to 34,Long acting reversible contraceptives,IU system,Undefined,Thousands,Number,26.325
2019/20,35 to 44,Long acting reversible contraceptives,IU system,Undefined,Thousands,Number,23.158
2019/20,45 and over,Long acting reversible contraceptives,IU system,Undefined,Thousands,Number,16.165
2019/20,,Long acting reversible contraceptives,IU system,Undefined,Thousands,Number,82.025
2019/20,15 and under,Long acting reversible contraceptives,,Undefined,Thousands,Number,7.087
2019/20,16 to 17,Long acting reversible contraceptives,,Undefined,Thousands,Number,18.553
2019/20,18 to 19,Long acting reversible contraceptives,,Undefined,Thousands,Number,26.393
2019/20,20 to 24,Long acting reversible contraceptives,,Undefined,Thousands,Number,78.41
2019/20,25 to 34,Long acting reversible contraceptives,,Undefined,Thousands,Number,114.476
2019/20,35 to 44,Long acting reversible contraceptives,,Undefined,Thousands,Number,64.078
2019/20,45 and over,Long acting reversible contraceptives,,Undefined,Thousands,Number,26.713
2019/20,,Long acting reversible contraceptives,,Undefined,Thousands,Number,335.723
2019/20,15 and under,User dependent,Contraceptive patch,Undefined,Thousands,Number,0.327
2019/20,16 to 17,User dependent,Contraceptive patch,Undefined,Thousands,Number,1.119
2019/20,18 to 19,User dependent,Contraceptive patch,Undefined,Thousands,Number,1.761
2019/20,20 to 24,User dependent,Contraceptive patch,Undefined,Thousands,Number,4.524
2019/20,25 to 34,User dependent,Contraceptive patch,Undefined,Thousands,Number,4.262
2019/20,35 to 44,User dependent,Contraceptive patch,Undefined,Thousands,Number,0.795
2019/20,45 and over,User dependent,Contraceptive patch,Undefined,Thousands,Number,0.06
2019/20,,User dependent,Contraceptive patch,Undefined,Thousands,Number,12.848
2019/20,15 and under,User dependent,Male condom,Undefined,Thousands,Number,2.261
2019/20,16 to 17,User dependent,Male condom,Undefined,Thousands,Number,6.544
2019/20,18 to 19,User dependent,Male condom,Undefined,Thousands,Number,9.153
2019/20,20 to 24,User dependent,Male condom,Undefined,Thousands,Number,22.323
2019/20,25 to 34,User dependent,Male condom,Undefined,Thousands,Number,31.006
2019/20,35 to 44,User dependent,Male condom,Undefined,Thousands,Number,15.673
2019/20,45 and over,User dependent,Male condom,Undefined,Thousands,Number,7.382
2019/20,,User dependent,Male condom,Undefined,Thousands,Number,94.359
2019/20,15 and under,User dependent,Natural family planning incl. rhythm method,Undefined,Thousands,Number,0.05
2019/20,16 to 17,User dependent,Natural family planning incl. rhythm method,Undefined,Thousands,Number,0.141
2019/20,18 to 19,User dependent,Natural family planning incl. rhythm method,Undefined,Thousands,Number,0.36
2019/20,20 to 24,User dependent,Natural family planning incl. rhythm method,Undefined,Thousands,Number,1.189
2019/20,25 to 34,User dependent,Natural family planning incl. rhythm method,Undefined,Thousands,Number,3.7
2019/20,35 to 44,User dependent,Natural family planning incl. rhythm method,Undefined,Thousands,Number,1.736
2019/20,45 and over,User dependent,Natural family planning incl. rhythm method,Undefined,Thousands,Number,1.282
2019/20,,User dependent,Natural family planning incl. rhythm method,Undefined,Thousands,Number,8.458
2019/20,15 and under,User dependent,Oral contraceptives,Undefined,Thousands,Number,8.095
2019/20,16 to 17,User dependent,Oral contraceptives,Undefined,Thousands,Number,24.717
2019/20,18 to 19,User dependent,Oral contraceptives,Undefined,Thousands,Number,37.514
2019/20,20 to 24,User dependent,Oral contraceptives,Undefined,Thousands,Number,88.043
2019/20,25 to 34,User dependent,Oral contraceptives,Undefined,Thousands,Number,80.662
2019/20,35 to 44,User dependent,Oral contraceptives,Undefined,Thousands,Number,26.845
2019/20,45 and over,User dependent,Oral contraceptives,Undefined,Thousands,Number,10.265
2019/20,,User dependent,Oral contraceptives,Undefined,Thousands,Number,276.152
2019/20,15 and under,User dependent,Other methods,Undefined,Thousands,Number,0.012
2019/20,16 to 17,User dependent,Other methods,Undefined,Thousands,Number,0.089
2019/20,18 to 19,User dependent,Other methods,Undefined,Thousands,Number,0.213
2019/20,20 to 24,User dependent,Other methods,Undefined,Thousands,Number,0.923
2019/20,25 to 34,User dependent,Other methods,Undefined,Thousands,Number,1.699
2019/20,35 to 44,User dependent,Other methods,Undefined,Thousands,Number,0.595
2019/20,45 and over,User dependent,Other methods,Undefined,Thousands,Number,0.269
2019/20,,User dependent,Other methods,Undefined,Thousands,Number,3.8
2019/20,15 and under,User dependent,,Undefined,Thousands,Number,10.745
2019/20,16 to 17,User dependent,,Undefined,Thousands,Number,32.61
2019/20,18 to 19,User dependent,,Undefined,Thousands,Number,49.001
2019/20,20 to 24,User dependent,,Undefined,Thousands,Number,117.002
2019/20,25 to 34,User dependent,,Undefined,Thousands,Number,121.329
2019/20,35 to 44,User dependent,,Undefined,Thousands,Number,45.644
2019/20,45 and over,User dependent,,Undefined,Thousands,Number,19.258
2019/20,,User dependent,,Undefined,Thousands,Number,395.617
2019/20,15 and under,,,Undefined,Thousands,Number,17.832
2019/20,16 to 17,,,Undefined,Thousands,Number,51.163
2019/20,18 to 19,,,Undefined,Thousands,Number,75.394
2019/20,20 to 24,,,Undefined,Thousands,Number,195.412
2019/20,25 to 34,,,Undefined,Thousands,Number,235.805
2019/20,35 to 44,,,Undefined,Thousands,Number,109.722
2019/20,45 and over,,,Undefined,Thousands,Number,45.971
2019/20,,,,Undefined,Thousands,Number,731.34
2020/21,15 and under,Long acting reversible contraceptives,Implant,Undefined,Thousands,Number,2.76
2020/21,16 to 17,Long acting reversible contraceptives,Implant,Undefined,Thousands,Number,6.591
2020/21,18 to 19,Long acting reversible contraceptives,Implant,Undefined,Thousands,Number,7.956
2020/21,20 to 24,Long acting reversible contraceptives,Implant,Undefined,Thousands,Number,21.742
2020/21,25 to 34,Long acting reversible contraceptives,Implant,Undefined,Thousands,Number,31.609
2020/21,35 to 44,Long acting reversible contraceptives,Implant,Undefined,Thousands,Number,13.607
2020/21,45 and over,Long acting reversible contraceptives,Implant,Undefined,Thousands,Number,3.832
2020/21,,Long acting reversible contraceptives,Implant,Undefined,Thousands,Number,88.097
2020/21,15 and under,Long acting reversible contraceptives,Injectable contraceptive,Undefined,Thousands,Number,0.512
2020/21,16 to 17,Long acting reversible contraceptives,Injectable contraceptive,Undefined,Thousands,Number,2.329
2020/21,18 to 19,Long acting reversible contraceptives,Injectable contraceptive,Undefined,Thousands,Number,3.578
2020/21,20 to 24,Long acting reversible contraceptives,Injectable contraceptive,Undefined,Thousands,Number,10.034
2020/21,25 to 34,Long acting reversible contraceptives,Injectable contraceptive,Undefined,Thousands,Number,10.824
2020/21,35 to 44,Long acting reversible contraceptives,Injectable contraceptive,Undefined,Thousands,Number,4.633
2020/21,45 and over,Long acting reversible contraceptives,Injectable contraceptive,Undefined,Thousands,Number,0.969
2020/21,,Long acting reversible contraceptives,Injectable contraceptive,Undefined,Thousands,Number,32.879
2020/21,15 and under,Long acting reversible contraceptives,IU device,Undefined,Thousands,Number,0.084
2020/21,16 to 17,Long acting reversible contraceptives,IU device,Undefined,Thousands,Number,0.644
2020/21,18 to 19,Long acting reversible contraceptives,IU device,Undefined,Thousands,Number,1.77
2020/21,20 to 24,Long acting reversible contraceptives,IU device,Undefined,Thousands,Number,9.033
2020/21,25 to 34,Long acting reversible contraceptives,IU device,Undefined,Thousands,Number,18.303
2020/21,35 to 44,Long acting reversible contraceptives,IU device,Undefined,Thousands,Number,9.344
2020/21,45 and over,Long acting reversible contraceptives,IU device,Undefined,Thousands,Number,2.128
2020/21,,Long acting reversible contraceptives,IU device,Undefined,Thousands,Number,41.306
2020/21,15 and under,Long acting reversible contraceptives,IU system,Undefined,Thousands,Number,0.053
2020/21,16 to 17,Long acting reversible contraceptives,IU system,Undefined,Thousands,Number,0.567
2020/21,18 to 19,Long acting reversible contraceptives,IU system,Undefined,Thousands,Number,1.636
2020/21,20 to 24,Long acting reversible contraceptives,IU system,Undefined,Thousands,Number,8.948
2020/21,25 to 34,Long acting reversible contraceptives,IU system,Undefined,Thousands,Number,19.369
2020/21,35 to 44,Long acting reversible contraceptives,IU system,Undefined,Thousands,Number,16.078
2020/21,45 and over,Long acting reversible contraceptives,IU system,Undefined,Thousands,Number,11.258
2020/21,,Long acting reversible contraceptives,IU system,Undefined,Thousands,Number,57.909
2020/21,15 and under,Long acting reversible contraceptives,,Undefined,Thousands,Number,3.409
2020/21,16 to 17,Long acting reversible contraceptives,,Undefined,Thousands,Number,10.131
2020/21,18 to 19,Long acting reversible contraceptives,,Undefined,Thousands,Number,14.94
2020/21,20 to 24,Long acting reversible contraceptives,,Undefined,Thousands,Number,49.757
2020/21,25 to 34,Long acting reversible contraceptives,,Undefined,Thousands,Number,80.105
2020/21,35 to 44,Long acting reversible contraceptives,,Undefined,Thousands,Number,43.662
2020/21,45 and over,Long acting reversible contraceptives,,Undefined,Thousands,Number,18.187
2020/21,,Long acting reversible contraceptives,,Undefined,Thousands,Number,220.191
2020/21,15 and under,User dependent,Contraceptive patch,Undefined,Thousands,Number,0.133
2020/21,16 to 17,User dependent,Contraceptive patch,Undefined,Thousands,Number,0.686
2020/21,18 to 19,User dependent,Contraceptive patch,Undefined,Thousands,Number,1.086
2020/21,20 to 24,User dependent,Contraceptive patch,Undefined,Thousands,Number,2.848
2020/21,25 to 34,User dependent,Contraceptive patch,Undefined,Thousands,Number,2.76
2020/21,35 to 44,User dependent,Contraceptive patch,Undefined,Thousands,Number,0.554
2020/21,45 and over,User dependent,Contraceptive patch,Undefined,Thousands,Number,0.025
2020/21,,User dependent,Contraceptive patch,Undefined,Thousands,Number,8.092
2020/21,15 and under,User dependent,Male condom,Undefined,Thousands,Number,0.654
2020/21,16 to 17,User dependent,Male condom,Undefined,Thousands,Number,2.201
2020/21,18 to 19,User dependent,Male condom,Undefined,Thousands,Number,3.834
2020/21,20 to 24,User dependent,Male condom,Undefined,Thousands,Number,12.292
2020/21,25 to 34,User dependent,Male condom,Undefined,Thousands,Number,21.049
2020/21,35 to 44,User dependent,Male condom,Undefined,Thousands,Number,9.31
2020/21,45 and over,User dependent,Male condom,Undefined,Thousands,Number,3.538
2020/21,,User dependent,Male condom,Undefined,Thousands,Number,52.879
2020/21,15 and under,User dependent,Natural family planning incl. rhythm method,Undefined,Thousands,Number,0.044
2020/21,16 to 17,User dependent,Natural family planning incl. rhythm method,Undefined,Thousands,Number,0.106
2020/21,18 to 19,User dependent,Natural family planning incl. rhythm method,Undefined,Thousands,Number,0.216
2020/21,20 to 24,User dependent,Natural family planning incl. rhythm method,Undefined,Thousands,Number,1.067
2020/21,25 to 34,User dependent,Natural family planning incl. rhythm method,Undefined,Thousands,Number,3.551
2020/21,35 to 44,User dependent,Natural family planning incl. rhythm method,Undefined,Thousands,Number,1.506
2020/21,45 and over,User dependent,Natural family planning incl. rhythm method,Undefined,Thousands,Number,0.861
2020/21,,User dependent,Natural family planning incl. rhythm method,Undefined,Thousands,Number,7.351
2020/21,15 and under,User dependent,Oral contraceptives,Undefined,Thousands,Number,3.677
2020/21,16 to 17,User dependent,Oral contraceptives,Undefined,Thousands,Number,13.928
2020/21,18 to 19,User dependent,Oral contraceptives,Undefined,Thousands,Number,22.218
2020/21,20 to 24,User dependent,Oral contraceptives,Undefined,Thousands,Number,56.964
2020/21,25 to 34,User dependent,Oral contraceptives,Undefined,Thousands,Number,61.543
2020/21,35 to 44,User dependent,Oral contraceptives,Undefined,Thousands,Number,22.074
2020/21,45 and over,User dependent,Oral contraceptives,Undefined,Thousands,Number,8.05
2020/21,,User dependent,Oral contraceptives,Undefined,Thousands,Number,188.459
2020/21,15 and under,User dependent,Other methods,Undefined,Thousands,Number,0.005
2020/21,16 to 17,User dependent,Other methods,Undefined,Thousands,Number,0.036
2020/21,18 to 19,User dependent,Other methods,Undefined,Thousands,Number,0.088
2020/21,20 to 24,User dependent,Other methods,Undefined,Thousands,Number,0.507
2020/21,25 to 34,User dependent,Other methods,Undefined,Thousands,Number,1.121
2020/21,35 to 44,User dependent,Other methods,Undefined,Thousands,Number,0.359
2020/21,45 and over,User dependent,Other methods,Undefined,Thousands,Number,0.132
2020/21,,User dependent,Other methods,Undefined,Thousands,Number,2.248
2020/21,15 and under,User dependent,,Undefined,Thousands,Number,4.513
2020/21,16 to 17,User dependent,,Undefined,Thousands,Number,16.957
2020/21,18 to 19,User dependent,,Undefined,Thousands,Number,27.442
2020/21,20 to 24,User dependent,,Undefined,Thousands,Number,73.678
2020/21,25 to 34,User dependent,,Undefined,Thousands,Number,90.024
2020/21,35 to 44,User dependent,,Undefined,Thousands,Number,33.803
2020/21,45 and over,User dependent,,Undefined,Thousands,Number,12.606
2020/21,,User dependent,,Undefined,Thousands,Number,259.029
2020/21,15 and under,,,Undefined,Thousands,Number,3.409
2020/21,16 to 17,,,Undefined,Thousands,Number,10.131
2020/21,18 to 19,,,Undefined,Thousands,Number,14.94
2020/21,20 to 24,,,Undefined,Thousands,Number,49.757
2020/21,25 to 34,,,Undefined,Thousands,Number,80.105
2020/21,35 to 44,,,Undefined,Thousands,Number,43.662
2020/21,45 and over,,,Undefined,Thousands,Number,18.187
2020/21,,,,Undefined,Thousands,Number,479.22
2021/22,15 and under,Long acting reversible contraceptives,Implant,Undefined,Thousands,Number,3.75
2021/22,16 to 17,Long acting reversible contraceptives,Implant,Undefined,Thousands,Number,7.929
2021/22,18 to 19,Long acting reversible contraceptives,Implant,Undefined,Thousands,Number,8.748
2021/22,20 to 24,Long acting reversible contraceptives,Implant,Undefined,Thousands,Number,23.054
2021/22,25 to 34,Long acting reversible contraceptives,Implant,Undefined,Thousands,Number,36.57
2021/22,35 to 44,Long acting reversible contraceptives,Implant,Undefined,Thousands,Number,18.45
2021/22,45 and over,Long acting reversible contraceptives,Implant,Undefined,Thousands,Number,5.725
2021/22,,Long acting reversible contraceptives,Implant,Undefined,Thousands,Number,104.227
2021/22,15 and under,Long acting reversible contraceptives,Injectable contraceptive,Undefined,Thousands,Number,0.629
2021/22,16 to 17,Long acting reversible contraceptives,Injectable contraceptive,Undefined,Thousands,Number,2.36
2021/22,18 to 19,Long acting reversible contraceptives,Injectable contraceptive,Undefined,Thousands,Number,3.533
2021/22,20 to 24,Long acting reversible contraceptives,Injectable contraceptive,Undefined,Thousands,Number,9.358
2021/22,25 to 34,Long acting reversible contraceptives,Injectable contraceptive,Undefined,Thousands,Number,10.577
2021/22,35 to 44,Long acting reversible contraceptives,Injectable contraceptive,Undefined,Thousands,Number,4.624
2021/22,45 and over,Long acting reversible contraceptives,Injectable contraceptive,Undefined,Thousands,Number,0.906
2021/22,,Long acting reversible contraceptives,Injectable contraceptive,Undefined,Thousands,Number,31.987
2021/22,15 and under,Long acting reversible contraceptives,IU device,Undefined,Thousands,Number,0.117
2021/22,16 to 17,Long acting reversible contraceptives,IU device,Undefined,Thousands,Number,0.729
2021/22,18 to 19,Long acting reversible contraceptives,IU device,Undefined,Thousands,Number,2.006
2021/22,20 to 24,Long acting reversible contraceptives,IU device,Undefined,Thousands,Number,10.025
2021/22,25 to 34,Long acting reversible contraceptives,IU device,Undefined,Thousands,Number,21.309
2021/22,35 to 44,Long acting reversible contraceptives,IU device,Undefined,Thousands,Number,11.585
2021/22,45 and over,Long acting reversible contraceptives,IU device,Undefined,Thousands,Number,2.65
2021/22,,Long acting reversible contraceptives,IU device,Undefined,Thousands,Number,48.421
2021/22,15 and under,Long acting reversible contraceptives,IU system,Undefined,Thousands,Number,0.077
2021/22,16 to 17,Long acting reversible contraceptives,IU system,Undefined,Thousands,Number,0.64
2021/22,18 to 19,Long acting reversible contraceptives,IU system,Undefined,Thousands,Number,1.689
2021/22,20 to 24,Long acting reversible contraceptives,IU system,Undefined,Thousands,Number,9.878
2021/22,25 to 34,Long acting reversible contraceptives,IU system,Undefined,Thousands,Number,23.065
2021/22,35 to 44,Long acting reversible contraceptives,IU system,Undefined,Thousands,Number,20.784
2021/22,45 and over,Long acting reversible contraceptives,IU system,Undefined,Thousands,Number,15.867
2021/22,,Long acting reversible contraceptives,IU system,Undefined,Thousands,Number,72.0
2021/22,15 and under,Long acting reversible contraceptives,,Undefined,Thousands,Number,4.573
2021/22,16 to 17,Long acting reversible contraceptives,,Undefined,Thousands,Number,11.658
2021/22,18 to 19,Long acting reversible contraceptives,,Undefined,Thousands,Number,15.976
2021/22,20 to 24,Long acting reversible contraceptives,,Undefined,Thousands,Number,52.315
2021/22,25 to 34,Long acting reversible contraceptives,,Undefined,Thousands,Number,91.521
2021/22,35 to 44,Long acting reversible contraceptives,,Undefined,Thousands,Number,55.443
2021/22,45 and over,Long acting reversible contraceptives,,Undefined,Thousands,Number,25.148
2021/22,,Long acting reversible contraceptives,,Undefined,Thousands,Number,256.635
2021/22,15 and under,User dependent,Contraceptive patch,Undefined,Thousands,Number,0.223
2021/22,16 to 17,User dependent,Contraceptive patch,Undefined,Thousands,Number,0.755
2021/22,18 to 19,User dependent,Contraceptive patch,Undefined,Thousands,Number,1.057
2021/22,20 to 24,User dependent,Contraceptive patch,Undefined,Thousands,Number,2.816
2021/22,25 to 34,User dependent,Contraceptive patch,Undefined,Thousands,Number,2.737
2021/22,35 to 44,User dependent,Contraceptive patch,Undefined,Thousands,Number,0.574
2021/22,45 and over,User dependent,Contraceptive patch,Undefined,Thousands,Number,0.048
2021/22,,User dependent,Contraceptive patch,Undefined,Thousands,Number,8.21
2021/22,15 and under,User dependent,Male condom,Undefined,Thousands,Number,0.894
2021/22,16 to 17,User dependent,Male condom,Undefined,Thousands,Number,2.638
2021/22,18 to 19,User dependent,Male condom,Undefined,Thousands,Number,4.014
2021/22,20 to 24,User dependent,Male condom,Undefined,Thousands,Number,12.648
2021/22,25 to 34,User dependent,Male condom,Undefined,Thousands,Number,21.473
2021/22,35 to 44,User dependent,Male condom,Undefined,Thousands,Number,10.138
2021/22,45 and over,User dependent,Male condom,Undefined,Thousands,Number,4.62
2021/22,,User dependent,Male condom,Undefined,Thousands,Number,56.433
2021/22,15 and under,User dependent,Natural family planning incl. rhythm method,Undefined,Thousands,Number,0.047
2021/22,16 to 17,User dependent,Natural family planning incl. rhythm method,Undefined,Thousands,Number,0.098
2021/22,18 to 19,User dependent,Natural family planning incl. rhythm method,Undefined,Thousands,Number,0.2
2021/22,20 to 24,User dependent,Natural family planning incl. rhythm method,Undefined,Thousands,Number,0.934
2021/22,25 to 34,User dependent,Natural family planning incl. rhythm method,Undefined,Thousands,Number,3.399
2021/22,35 to 44,User dependent,Natural family planning incl. rhythm method,Undefined,Thousands,Number,1.57
2021/22,45 and over,User dependent,Natural family planning incl. rhythm method,Undefined,Thousands,Number,1.425
2021/22,,User dependent,Natural family planning incl. rhythm method,Undefined,Thousands,Number,7.673
2021/22,15 and under,User dependent,Oral contraceptives,Undefined,Thousands,Number,4.232
2021/22,16 to 17,User dependent,Oral contraceptives,Undefined,Thousands,Number,11.579
2021/22,18 to 19,User dependent,Oral contraceptives,Undefined,Thousands,Number,13.721
2021/22,20 to 24,User dependent,Oral contraceptives,Undefined,Thousands,Number,34.679
2021/22,25 to 34,User dependent,Oral contraceptives,Undefined,Thousands,Number,40.531
2021/22,35 to 44,User dependent,Oral contraceptives,Undefined,Thousands,Number,15.11
2021/22,45 and over,User dependent,Oral contraceptives,Undefined,Thousands,Number,5.485
2021/22,,User dependent,Oral contraceptives,Undefined,Thousands,Number,125.337
2021/22,15 and under,User dependent,Other methods,Undefined,Thousands,Number,0.011
2021/22,16 to 17,User dependent,Other methods,Undefined,Thousands,Number,0.038
2021/22,18 to 19,User dependent,Other methods,Undefined,Thousands,Number,0.117
2021/22,20 to 24,User dependent,Other methods,Undefined,Thousands,Number,0.568
2021/22,25 to 34,User dependent,Other methods,Undefined,Thousands,Number,1.339
2021/22,35 to 44,User dependent,Other methods,Undefined,Thousands,Number,0.406
2021/22,45 and over,User dependent,Other methods,Undefined,Thousands,Number,0.176
2021/22,,User dependent,Other methods,Undefined,Thousands,Number,2.655
2021/22,15 and under,User dependent,,Undefined,Thousands,Number,5.407
2021/22,16 to 17,User dependent,,Undefined,Thousands,Number,15.108
2021/22,18 to 19,User dependent,,Undefined,Thousands,Number,19.109
2021/22,20 to 24,User dependent,,Undefined,Thousands,Number,51.645
2021/22,25 to 34,User dependent,,Undefined,Thousands,Number,69.479
2021/22,35 to 44,User dependent,,Undefined,Thousands,Number,27.798
2021/22,45 and over,User dependent,,Undefined,Thousands,Number,11.754
2021/22,,User dependent,,Undefined,Thousands,Number,200.308
2021/22,15 and under,,,Undefined,Thousands,Number,9.98
2021/22,16 to 17,,,Undefined,Thousands,Number,26.766
2021/22,18 to 19,,,Undefined,Thousands,Number,35.085
2021/22,20 to 24,,,Undefined,Thousands,Number,103.96
2021/22,25 to 34,,,Undefined,Thousands,Number,161.0
2021/22,35 to 44,,,Undefined,Thousands,Number,83.241
2021/22,45 and over,,,Undefined,Thousands,Number,36.902
2021/22,,,,Undefined,Thousands,Number,456.943
