Year,Units,Series,Age,Sex,Country,Region,Industry sector,Occupation,Unit multiplier,Observation status,GeoCode,Value
2002/03,"Rate per 100,000 workers",Non-fatal injury,,,,,Accommodation and food service activities,,Units,Undefined,,4310.0
2005/06,"Rate per 100,000 workers",Non-fatal injury,,,,,Accommodation and food service activities,,Units,Undefined,,3870.0
2008/09,"Rate per 100,000 workers",Non-fatal injury,,,,,Accommodation and food service activities,,Units,Undefined,,3120.0
2011/12,"Rate per 100,000 workers",Non-fatal injury,,,,,Accommodation and food service activities,,Units,Undefined,,2650.0
2014/15,"Rate per 100,000 workers",Non-fatal injury,,,,,Accommodation and food service activities,,Units,Undefined,,2570.0
2017/18,"Rate per 100,000 workers",Non-fatal injury,,,,,Accommodation and food service activities,,Units,Undefined,,2250.0
2002/03,"Rate per 100,000 workers",Non-fatal injury,,,,,Activities of households as employers; undifferentiated goods-and services-producing activities of households for own use,,Units,Undefined,,3830.0
2005/06,"Rate per 100,000 workers",Non-fatal injury,,,,,Activities of households as employers; undifferentiated goods-and services-producing activities of households for own use,,Units,Undefined,,3990.0
2002/03,"Rate per 100,000 workers",Non-fatal injury,,,,,Administrative and support service activities,,Units,Undefined,,2820.0
2005/06,"Rate per 100,000 workers",Non-fatal injury,,,,,Administrative and support service activities,,Units,Undefined,,2580.0
2008/09,"Rate per 100,000 workers",Non-fatal injury,,,,,Administrative and support service activities,,Units,Undefined,,2420.0
2011/12,"Rate per 100,000 workers",Non-fatal injury,,,,,Administrative and support service activities,,Units,Undefined,,1550.0
2014/15,"Rate per 100,000 workers",Non-fatal injury,,,,,Administrative and support service activities,,Units,Undefined,,1670.0
2017/18,"Rate per 100,000 workers",Non-fatal injury,,,,,Administrative and support service activities,,Units,Undefined,,1390.0
2004/05,"Rate per 100,000 workers",Fatal injury,,,,,"Agriculture, forestry and fishing",,Units,Undefined,,12.8
2005/06,"Rate per 100,000 workers",Fatal injury,,,,,"Agriculture, forestry and fishing",,Units,Undefined,,11.87
2006/07,"Rate per 100,000 workers",Fatal injury,,,,,"Agriculture, forestry and fishing",,Units,Undefined,,11.53
2007/08,"Rate per 100,000 workers",Fatal injury,,,,,"Agriculture, forestry and fishing",,Units,Undefined,,15.84
2008/09,"Rate per 100,000 workers",Fatal injury,,,,,"Agriculture, forestry and fishing",,Units,Undefined,,7.46
2009/10,"Rate per 100,000 workers",Fatal injury,,,,,"Agriculture, forestry and fishing",,Units,Undefined,,12.28
2010/11,"Rate per 100,000 workers",Fatal injury,,,,,"Agriculture, forestry and fishing",,Units,Undefined,,9.77
2011/12,"Rate per 100,000 workers",Fatal injury,,,,,"Agriculture, forestry and fishing",,Units,Undefined,,10.23
2012/13,"Rate per 100,000 workers",Fatal injury,,,,,"Agriculture, forestry and fishing",,Units,Undefined,,9.4
2013/14,"Rate per 100,000 workers",Fatal injury,,,,,"Agriculture, forestry and fishing",,Units,Undefined,,8.68
2014/15,"Rate per 100,000 workers",Fatal injury,,,,,"Agriculture, forestry and fishing",,Units,Undefined,,8.84
2015/16,"Rate per 100,000 workers",Fatal injury,,,,,"Agriculture, forestry and fishing",,Units,Undefined,,7.72
2016/17,"Rate per 100,000 workers",Fatal injury,,,,,"Agriculture, forestry and fishing",,Units,Undefined,,7.31
2017/18,"Rate per 100,000 workers",Fatal injury,,,,,"Agriculture, forestry and fishing",,Units,Undefined,,8.39
2018/19,"Rate per 100,000 workers",Fatal injury,,,,,"Agriculture, forestry and fishing",,Units,Undefined,,9.21
2002/03,"Rate per 100,000 workers",Non-fatal injury,,,,,"Agriculture, forestry and fishing",,Units,Undefined,,4980.0
2005/06,"Rate per 100,000 workers",Non-fatal injury,,,,,"Agriculture, forestry and fishing",,Units,Undefined,,5360.0
2008/09,"Rate per 100,000 workers",Non-fatal injury,,,,,"Agriculture, forestry and fishing",,Units,Undefined,,5090.0
2011/12,"Rate per 100,000 workers",Non-fatal injury,,,,,"Agriculture, forestry and fishing",,Units,Undefined,,3840.0
2014/15,"Rate per 100,000 workers",Non-fatal injury,,,,,"Agriculture, forestry and fishing",,Units,Undefined,,4380.0
2017/18,"Rate per 100,000 workers",Non-fatal injury,,,,,"Agriculture, forestry and fishing",,Units,Undefined,,4110.0
2002/03,"Rate per 100,000 workers",Non-fatal injury,,,,,"Arts, entertainment and recreation",,Units,Undefined,,3670.0
2005/06,"Rate per 100,000 workers",Non-fatal injury,,,,,"Arts, entertainment and recreation",,Units,Undefined,,3470.0
2008/09,"Rate per 100,000 workers",Non-fatal injury,,,,,"Arts, entertainment and recreation",,Units,Undefined,,2710.0
2011/12,"Rate per 100,000 workers",Non-fatal injury,,,,,"Arts, entertainment and recreation",,Units,Undefined,,2260.0
2014/15,"Rate per 100,000 workers",Non-fatal injury,,,,,"Arts, entertainment and recreation",,Units,Undefined,,1960.0
2017/18,"Rate per 100,000 workers",Non-fatal injury,,,,,"Arts, entertainment and recreation",,Units,Undefined,,1540.0
2004/05,"Rate per 100,000 workers",Fatal injury,,,,,Construction,,Units,Undefined,,2.95
2005/06,"Rate per 100,000 workers",Fatal injury,,,,,Construction,,Units,Undefined,,2.49
2006/07,"Rate per 100,000 workers",Fatal injury,,,,,Construction,,Units,Undefined,,3.19
2007/08,"Rate per 100,000 workers",Fatal injury,,,,,Construction,,Units,Undefined,,2.87
2008/09,"Rate per 100,000 workers",Fatal injury,,,,,Construction,,Units,Undefined,,2.04
2009/10,"Rate per 100,000 workers",Fatal injury,,,,,Construction,,Units,Undefined,,1.79
2010/11,"Rate per 100,000 workers",Fatal injury,,,,,Construction,,Units,Undefined,,2.31
2011/12,"Rate per 100,000 workers",Fatal injury,,,,,Construction,,Units,Undefined,,2.25
2012/13,"Rate per 100,000 workers",Fatal injury,,,,,Construction,,Units,Undefined,,1.94
2013/14,"Rate per 100,000 workers",Fatal injury,,,,,Construction,,Units,Undefined,,2.07
2014/15,"Rate per 100,000 workers",Fatal injury,,,,,Construction,,Units,Undefined,,1.63
2015/16,"Rate per 100,000 workers",Fatal injury,,,,,Construction,,Units,Undefined,,2.12
2016/17,"Rate per 100,000 workers",Fatal injury,,,,,Construction,,Units,Undefined,,1.42
2017/18,"Rate per 100,000 workers",Fatal injury,,,,,Construction,,Units,Undefined,,1.6
2018/19,"Rate per 100,000 workers",Fatal injury,,,,,Construction,,Units,Undefined,,1.31
2002/03,"Rate per 100,000 workers",Non-fatal injury,,,,,Construction,,Units,Undefined,,5070.0
2005/06,"Rate per 100,000 workers",Non-fatal injury,,,,,Construction,,Units,Undefined,,4030.0
2008/09,"Rate per 100,000 workers",Non-fatal injury,,,,,Construction,,Units,Undefined,,3730.0
2011/12,"Rate per 100,000 workers",Non-fatal injury,,,,,Construction,,Units,Undefined,,2940.0
2014/15,"Rate per 100,000 workers",Non-fatal injury,,,,,Construction,,Units,Undefined,,3050.0
2017/18,"Rate per 100,000 workers",Non-fatal injury,,,,,Construction,,Units,Undefined,,2420.0
2002/03,"Rate per 100,000 workers",Non-fatal injury,,,,,Education,,Units,Undefined,,2610.0
2005/06,"Rate per 100,000 workers",Non-fatal injury,,,,,Education,,Units,Undefined,,2220.0
2008/09,"Rate per 100,000 workers",Non-fatal injury,,,,,Education,,Units,Undefined,,1960.0
2011/12,"Rate per 100,000 workers",Non-fatal injury,,,,,Education,,Units,Undefined,,1650.0
2014/15,"Rate per 100,000 workers",Non-fatal injury,,,,,Education,,Units,Undefined,,1680.0
2017/18,"Rate per 100,000 workers",Non-fatal injury,,,,,Education,,Units,Undefined,,1540.0
2002/03,"Rate per 100,000 workers",Non-fatal injury,,,,,"Electricity, gas, steam and air conditioning supply",,Units,Undefined,,2750.0
2008/09,"Rate per 100,000 workers",Non-fatal injury,,,,,"Electricity, gas, steam and air conditioning supply",,Units,Undefined,,3010.0
2002/03,"Rate per 100,000 workers",Non-fatal injury,,,,,Financial and insurance activities,,Units,Undefined,,890.0
2005/06,"Rate per 100,000 workers",Non-fatal injury,,,,,Financial and insurance activities,,Units,Undefined,,800.0
2008/09,"Rate per 100,000 workers",Non-fatal injury,,,,,Financial and insurance activities,,Units,Undefined,,560.0
2014/15,"Rate per 100,000 workers",Non-fatal injury,,,,,Financial and insurance activities,,Units,Undefined,,480.0
2004/05,"Rate per 100,000 workers",Fatal injury,,,,,"Gas, electricity and water supply; sewerage, waste and recycling",,Units,Undefined,,3.91
2005/06,"Rate per 100,000 workers",Fatal injury,,,,,"Gas, electricity and water supply; sewerage, waste and recycling",,Units,Undefined,,4.42
2006/07,"Rate per 100,000 workers",Fatal injury,,,,,"Gas, electricity and water supply; sewerage, waste and recycling",,Units,Undefined,,3.61
2007/08,"Rate per 100,000 workers",Fatal injury,,,,,"Gas, electricity and water supply; sewerage, waste and recycling",,Units,Undefined,,3.6
2008/09,"Rate per 100,000 workers",Fatal injury,,,,,"Gas, electricity and water supply; sewerage, waste and recycling",,Units,Undefined,,2.16
2009/10,"Rate per 100,000 workers",Fatal injury,,,,,"Gas, electricity and water supply; sewerage, waste and recycling",,Units,Undefined,,1.35
2010/11,"Rate per 100,000 workers",Fatal injury,,,,,"Gas, electricity and water supply; sewerage, waste and recycling",,Units,Undefined,,3.06
2011/12,"Rate per 100,000 workers",Fatal injury,,,,,"Gas, electricity and water supply; sewerage, waste and recycling",,Units,Undefined,,1.46
2012/13,"Rate per 100,000 workers",Fatal injury,,,,,"Gas, electricity and water supply; sewerage, waste and recycling",,Units,Undefined,,3.03
2013/14,"Rate per 100,000 workers",Fatal injury,,,,,"Gas, electricity and water supply; sewerage, waste and recycling",,Units,Undefined,,1.51
2014/15,"Rate per 100,000 workers",Fatal injury,,,,,"Gas, electricity and water supply; sewerage, waste and recycling",,Units,Undefined,,1.55
2015/16,"Rate per 100,000 workers",Fatal injury,,,,,"Gas, electricity and water supply; sewerage, waste and recycling",,Units,Undefined,,2.04
2016/17,"Rate per 100,000 workers",Fatal injury,,,,,"Gas, electricity and water supply; sewerage, waste and recycling",,Units,Undefined,,4.55
2017/18,"Rate per 100,000 workers",Fatal injury,,,,,"Gas, electricity and water supply; sewerage, waste and recycling",,Units,Undefined,,3.06
2018/19,"Rate per 100,000 workers",Fatal injury,,,,,"Gas, electricity and water supply; sewerage, waste and recycling",,Units,Undefined,,1.68
2002/03,"Rate per 100,000 workers",Non-fatal injury,,,,,Human health and social work activities,,Units,Undefined,,3450.0
2005/06,"Rate per 100,000 workers",Non-fatal injury,,,,,Human health and social work activities,,Units,Undefined,,2890.0
2008/09,"Rate per 100,000 workers",Non-fatal injury,,,,,Human health and social work activities,,Units,Undefined,,2750.0
2011/12,"Rate per 100,000 workers",Non-fatal injury,,,,,Human health and social work activities,,Units,Undefined,,2330.0
2014/15,"Rate per 100,000 workers",Non-fatal injury,,,,,Human health and social work activities,,Units,Undefined,,1950.0
2017/18,"Rate per 100,000 workers",Non-fatal injury,,,,,Human health and social work activities,,Units,Undefined,,1790.0
2002/03,"Rate per 100,000 workers",Non-fatal injury,,,,,Information and communication,,Units,Undefined,,1320.0
2005/06,"Rate per 100,000 workers",Non-fatal injury,,,,,Information and communication,,Units,Undefined,,970.0
2008/09,"Rate per 100,000 workers",Non-fatal injury,,,,,Information and communication,,Units,Undefined,,750.0
2011/12,"Rate per 100,000 workers",Non-fatal injury,,,,,Information and communication,,Units,Undefined,,720.0
2014/15,"Rate per 100,000 workers",Non-fatal injury,,,,,Information and communication,,Units,Undefined,,580.0
2004/05,"Rate per 100,000 workers",Fatal injury,,,,,Manufacturing,,Units,Undefined,,1.12
2005/06,"Rate per 100,000 workers",Fatal injury,,,,,Manufacturing,,Units,Undefined,,1.1
2006/07,"Rate per 100,000 workers",Fatal injury,,,,,Manufacturing,,Units,Undefined,,1.0
2007/08,"Rate per 100,000 workers",Fatal injury,,,,,Manufacturing,,Units,Undefined,,0.83
2008/09,"Rate per 100,000 workers",Fatal injury,,,,,Manufacturing,,Units,Undefined,,0.88
2009/10,"Rate per 100,000 workers",Fatal injury,,,,,Manufacturing,,Units,Undefined,,0.86
2010/11,"Rate per 100,000 workers",Fatal injury,,,,,Manufacturing,,Units,Undefined,,0.99
2011/12,"Rate per 100,000 workers",Fatal injury,,,,,Manufacturing,,Units,Undefined,,1.07
2012/13,"Rate per 100,000 workers",Fatal injury,,,,,Manufacturing,,Units,Undefined,,0.74
2013/14,"Rate per 100,000 workers",Fatal injury,,,,,Manufacturing,,Units,Undefined,,0.53
2014/15,"Rate per 100,000 workers",Fatal injury,,,,,Manufacturing,,Units,Undefined,,0.62
2015/16,"Rate per 100,000 workers",Fatal injury,,,,,Manufacturing,,Units,Undefined,,0.96
2016/17,"Rate per 100,000 workers",Fatal injury,,,,,Manufacturing,,Units,Undefined,,0.63
2017/18,"Rate per 100,000 workers",Fatal injury,,,,,Manufacturing,,Units,Undefined,,0.52
2018/19,"Rate per 100,000 workers",Fatal injury,,,,,Manufacturing,,Units,Undefined,,0.92
2002/03,"Rate per 100,000 workers",Non-fatal injury,,,,,Manufacturing,,Units,Undefined,,4620.0
2005/06,"Rate per 100,000 workers",Non-fatal injury,,,,,Manufacturing,,Units,Undefined,,3710.0
2008/09,"Rate per 100,000 workers",Non-fatal injury,,,,,Manufacturing,,Units,Undefined,,2930.0
2011/12,"Rate per 100,000 workers",Non-fatal injury,,,,,Manufacturing,,Units,Undefined,,2580.0
2014/15,"Rate per 100,000 workers",Non-fatal injury,,,,,Manufacturing,,Units,Undefined,,2270.0
2017/18,"Rate per 100,000 workers",Non-fatal injury,,,,,Manufacturing,,Units,Undefined,,2130.0
2004/05,"Rate per 100,000 workers",Fatal injury,,,,,Mining and quarrying,,Units,Undefined,,2.31
2005/06,"Rate per 100,000 workers",Fatal injury,,,,,Mining and quarrying,,Units,Undefined,,4.28
2006/07,"Rate per 100,000 workers",Fatal injury,,,,,Mining and quarrying,,Units,Undefined,,8.63
2007/08,"Rate per 100,000 workers",Fatal injury,,,,,Mining and quarrying,,Units,Undefined,,4.65
2008/09,"Rate per 100,000 workers",Fatal injury,,,,,Mining and quarrying,,Units,Undefined,,4.22
2009/10,"Rate per 100,000 workers",Fatal injury,,,,,Mining and quarrying,,Units,Undefined,,4.76
2010/11,"Rate per 100,000 workers",Fatal injury,,,,,Mining and quarrying,,Units,Undefined,,2.94
2011/12,"Rate per 100,000 workers",Fatal injury,,,,,Mining and quarrying,,Units,Undefined,,10.24
2012/13,"Rate per 100,000 workers",Fatal injury,,,,,Mining and quarrying,,Units,Undefined,,1.75
2013/14,"Rate per 100,000 workers",Fatal injury,,,,,Mining and quarrying,,Units,Undefined,,2.39
2014/15,"Rate per 100,000 workers",Fatal injury,,,,,Mining and quarrying,,Units,Undefined,,0.71
2015/16,"Rate per 100,000 workers",Fatal injury,,,,,Mining and quarrying,,Units,Undefined,,1.45
2016/17,"Rate per 100,000 workers",Fatal injury,,,,,Mining and quarrying,,Units,Undefined,,4.1
2017/18,"Rate per 100,000 workers",Fatal injury,,,,,Mining and quarrying,,Units,Undefined,,3.35
2018/19,"Rate per 100,000 workers",Fatal injury,,,,,Mining and quarrying,,Units,Undefined,,0.0
2002/03,"Rate per 100,000 workers",Non-fatal injury,,,,,Mining and quarrying,,Units,Undefined,,5340.0
2002/03,"Rate per 100,000 workers",Non-fatal injury,,,,,Other service activities,,Units,Undefined,,2240.0
2005/06,"Rate per 100,000 workers",Non-fatal injury,,,,,Other service activities,,Units,Undefined,,1840.0
2008/09,"Rate per 100,000 workers",Non-fatal injury,,,,,Other service activities,,Units,Undefined,,1830.0
2011/12,"Rate per 100,000 workers",Non-fatal injury,,,,,Other service activities,,Units,Undefined,,1160.0
2014/15,"Rate per 100,000 workers",Non-fatal injury,,,,,Other service activities,,Units,Undefined,,1420.0
2017/18,"Rate per 100,000 workers",Non-fatal injury,,,,,Other service activities,,Units,Undefined,,950.0
2002/03,"Rate per 100,000 workers",Non-fatal injury,,,,,"Professional, scientific and technical activities",,Units,Undefined,,1180.0
2005/06,"Rate per 100,000 workers",Non-fatal injury,,,,,"Professional, scientific and technical activities",,Units,Undefined,,1060.0
2008/09,"Rate per 100,000 workers",Non-fatal injury,,,,,"Professional, scientific and technical activities",,Units,Undefined,,920.0
2011/12,"Rate per 100,000 workers",Non-fatal injury,,,,,"Professional, scientific and technical activities",,Units,Undefined,,780.0
2014/15,"Rate per 100,000 workers",Non-fatal injury,,,,,"Professional, scientific and technical activities",,Units,Undefined,,870.0
2017/18,"Rate per 100,000 workers",Non-fatal injury,,,,,"Professional, scientific and technical activities",,Units,Undefined,,720.0
2002/03,"Rate per 100,000 workers",Non-fatal injury,,,,,Public administration and defence; compulsory social security,,Units,Undefined,,3370.0
2005/06,"Rate per 100,000 workers",Non-fatal injury,,,,,Public administration and defence; compulsory social security,,Units,Undefined,,3020.0
2008/09,"Rate per 100,000 workers",Non-fatal injury,,,,,Public administration and defence; compulsory social security,,Units,Undefined,,2760.0
2011/12,"Rate per 100,000 workers",Non-fatal injury,,,,,Public administration and defence; compulsory social security,,Units,Undefined,,2170.0
2014/15,"Rate per 100,000 workers",Non-fatal injury,,,,,Public administration and defence; compulsory social security,,Units,Undefined,,2130.0
2017/18,"Rate per 100,000 workers",Non-fatal injury,,,,,Public administration and defence; compulsory social security,,Units,Undefined,,2170.0
2002/03,"Rate per 100,000 workers",Non-fatal injury,,,,,Real estate activities,,Units,Undefined,,1750.0
2004/05,"Rate per 100,000 workers",Fatal injury,,,,,Service industries,,Units,Undefined,,0.28
2005/06,"Rate per 100,000 workers",Fatal injury,,,,,Service industries,,Units,Undefined,,0.3
2006/07,"Rate per 100,000 workers",Fatal injury,,,,,Service industries,,Units,Undefined,,0.35
2007/08,"Rate per 100,000 workers",Fatal injury,,,,,Service industries,,Units,Undefined,,0.3
2008/09,"Rate per 100,000 workers",Fatal injury,,,,,Service industries,,Units,Undefined,,0.26
2009/10,"Rate per 100,000 workers",Fatal injury,,,,,Service industries,,Units,Undefined,,0.14
2010/11,"Rate per 100,000 workers",Fatal injury,,,,,Service industries,,Units,Undefined,,0.21
2011/12,"Rate per 100,000 workers",Fatal injury,,,,,Service industries,,Units,Undefined,,0.18
2012/13,"Rate per 100,000 workers",Fatal injury,,,,,Service industries,,Units,Undefined,,0.18
2013/14,"Rate per 100,000 workers",Fatal injury,,,,,Service industries,,Units,Undefined,,0.17
2014/15,"Rate per 100,000 workers",Fatal injury,,,,,Service industries,,Units,Undefined,,0.2
2015/16,"Rate per 100,000 workers",Fatal injury,,,,,Service industries,,Units,Undefined,,0.14
2016/17,"Rate per 100,000 workers",Fatal injury,,,,,Service industries,,Units,Undefined,,0.14
2017/18,"Rate per 100,000 workers",Fatal injury,,,,,Service industries,,Units,Undefined,,0.17
2018/19,"Rate per 100,000 workers",Fatal injury,,,,,Service industries,,Units,Undefined,,0.2
2002/03,"Rate per 100,000 workers",Non-fatal injury,,,,,Transportation and storage,,Units,Undefined,,4450.0
2005/06,"Rate per 100,000 workers",Non-fatal injury,,,,,Transportation and storage,,Units,Undefined,,3700.0
2008/09,"Rate per 100,000 workers",Non-fatal injury,,,,,Transportation and storage,,Units,Undefined,,3700.0
2011/12,"Rate per 100,000 workers",Non-fatal injury,,,,,Transportation and storage,,Units,Undefined,,2870.0
2014/15,"Rate per 100,000 workers",Non-fatal injury,,,,,Transportation and storage,,Units,Undefined,,2500.0
2017/18,"Rate per 100,000 workers",Non-fatal injury,,,,,Transportation and storage,,Units,Undefined,,1860.0
2002/03,"Rate per 100,000 workers",Non-fatal injury,,,,,"Water supply; sewerage, waste management and remediation activities",,Units,Undefined,,6390.0
2005/06,"Rate per 100,000 workers",Non-fatal injury,,,,,"Water supply; sewerage, waste management and remediation activities",,Units,Undefined,,5490.0
2008/09,"Rate per 100,000 workers",Non-fatal injury,,,,,"Water supply; sewerage, waste management and remediation activities",,Units,Undefined,,4210.0
2011/12,"Rate per 100,000 workers",Non-fatal injury,,,,,"Water supply; sewerage, waste management and remediation activities",,Units,Undefined,,2680.0
2002/03,"Rate per 100,000 workers",Non-fatal injury,,,,,Wholesale and retail trade; repair of motor vehicles and motorcycles,,Units,Undefined,,3200.0
2005/06,"Rate per 100,000 workers",Non-fatal injury,,,,,Wholesale and retail trade; repair of motor vehicles and motorcycles,,Units,Undefined,,3050.0
2008/09,"Rate per 100,000 workers",Non-fatal injury,,,,,Wholesale and retail trade; repair of motor vehicles and motorcycles,,Units,Undefined,,2600.0
2011/12,"Rate per 100,000 workers",Non-fatal injury,,,,,Wholesale and retail trade; repair of motor vehicles and motorcycles,,Units,Undefined,,2140.0
2014/15,"Rate per 100,000 workers",Non-fatal injury,,,,,Wholesale and retail trade; repair of motor vehicles and motorcycles,,Units,Undefined,,2200.0
2017/18,"Rate per 100,000 workers",Non-fatal injury,,,,,Wholesale and retail trade; repair of motor vehicles and motorcycles,,Units,Undefined,,2220.0
2002/03,"Rate per 100,000 workers",Non-fatal injury,,,,,,Administrative and secretarial occupations,Units,Undefined,,1130.0
2005/06,"Rate per 100,000 workers",Non-fatal injury,,,,,,Administrative and secretarial occupations,Units,Undefined,,1050.0
2008/09,"Rate per 100,000 workers",Non-fatal injury,,,,,,Administrative and secretarial occupations,Units,Undefined,,1030.0
2011/12,"Rate per 100,000 workers",Non-fatal injury,,,,,,Administrative and secretarial occupations,Units,Undefined,,830.0
2014/15,"Rate per 100,000 workers",Non-fatal injury,,,,,,Administrative and secretarial occupations,Units,Undefined,,640.0
2017/18,"Rate per 100,000 workers",Non-fatal injury,,,,,,Administrative and secretarial occupations,Units,Undefined,,790.0
2002/03,"Rate per 100,000 workers",Non-fatal injury,,,,,,Associate professional and technical occupations,Units,Undefined,,2550.0
2005/06,"Rate per 100,000 workers",Non-fatal injury,,,,,,Associate professional and technical occupations,Units,Undefined,,2200.0
2008/09,"Rate per 100,000 workers",Non-fatal injury,,,,,,Associate professional and technical occupations,Units,Undefined,,2090.0
2011/12,"Rate per 100,000 workers",Non-fatal injury,,,,,,Associate professional and technical occupations,Units,Undefined,,1800.0
2014/15,"Rate per 100,000 workers",Non-fatal injury,,,,,,Associate professional and technical occupations,Units,Undefined,,1560.0
2017/18,"Rate per 100,000 workers",Non-fatal injury,,,,,,Associate professional and technical occupations,Units,Undefined,,1590.0
2002/03,"Rate per 100,000 workers",Non-fatal injury,,,,,,"Caring, leisure and other service occupations",Units,Undefined,,3730.0
2005/06,"Rate per 100,000 workers",Non-fatal injury,,,,,,"Caring, leisure and other service occupations",Units,Undefined,,3520.0
2008/09,"Rate per 100,000 workers",Non-fatal injury,,,,,,"Caring, leisure and other service occupations",Units,Undefined,,3230.0
2011/12,"Rate per 100,000 workers",Non-fatal injury,,,,,,"Caring, leisure and other service occupations",Units,Undefined,,2640.0
2014/15,"Rate per 100,000 workers",Non-fatal injury,,,,,,"Caring, leisure and other service occupations",Units,Undefined,,2490.0
2017/18,"Rate per 100,000 workers",Non-fatal injury,,,,,,"Caring, leisure and other service occupations",Units,Undefined,,2210.0
2002/03,"Rate per 100,000 workers",Non-fatal injury,,,,,,Elementary occupations,Units,Undefined,,4990.0
2005/06,"Rate per 100,000 workers",Non-fatal injury,,,,,,Elementary occupations,Units,Undefined,,4170.0
2008/09,"Rate per 100,000 workers",Non-fatal injury,,,,,,Elementary occupations,Units,Undefined,,3450.0
2011/12,"Rate per 100,000 workers",Non-fatal injury,,,,,,Elementary occupations,Units,Undefined,,2760.0
2014/15,"Rate per 100,000 workers",Non-fatal injury,,,,,,Elementary occupations,Units,Undefined,,2650.0
2017/18,"Rate per 100,000 workers",Non-fatal injury,,,,,,Elementary occupations,Units,Undefined,,2550.0
2002/03,"Rate per 100,000 workers",Non-fatal injury,,,,,,"Managers, directors and senior officials",Units,Undefined,,2200.0
2005/06,"Rate per 100,000 workers",Non-fatal injury,,,,,,"Managers, directors and senior officials",Units,Undefined,,1720.0
2008/09,"Rate per 100,000 workers",Non-fatal injury,,,,,,"Managers, directors and senior officials",Units,Undefined,,1570.0
2011/12,"Rate per 100,000 workers",Non-fatal injury,,,,,,"Managers, directors and senior officials",Units,Undefined,,1200.0
2014/15,"Rate per 100,000 workers",Non-fatal injury,,,,,,"Managers, directors and senior officials",Units,Undefined,,1240.0
2017/18,"Rate per 100,000 workers",Non-fatal injury,,,,,,"Managers, directors and senior officials",Units,Undefined,,930.0
2002/03,"Rate per 100,000 workers",Non-fatal injury,,,,,,"Process, plant and machine operatives",Units,Undefined,,6200.0
2005/06,"Rate per 100,000 workers",Non-fatal injury,,,,,,"Process, plant and machine operatives",Units,Undefined,,4990.0
2008/09,"Rate per 100,000 workers",Non-fatal injury,,,,,,"Process, plant and machine operatives",Units,Undefined,,4130.0
2011/12,"Rate per 100,000 workers",Non-fatal injury,,,,,,"Process, plant and machine operatives",Units,Undefined,,3370.0
2014/15,"Rate per 100,000 workers",Non-fatal injury,,,,,,"Process, plant and machine operatives",Units,Undefined,,3560.0
2017/18,"Rate per 100,000 workers",Non-fatal injury,,,,,,"Process, plant and machine operatives",Units,Undefined,,2420.0
2002/03,"Rate per 100,000 workers",Non-fatal injury,,,,,,Professional occupations,Units,Undefined,,2050.0
2005/06,"Rate per 100,000 workers",Non-fatal injury,,,,,,Professional occupations,Units,Undefined,,1700.0
2008/09,"Rate per 100,000 workers",Non-fatal injury,,,,,,Professional occupations,Units,Undefined,,1590.0
2011/12,"Rate per 100,000 workers",Non-fatal injury,,,,,,Professional occupations,Units,Undefined,,1250.0
2014/15,"Rate per 100,000 workers",Non-fatal injury,,,,,,Professional occupations,Units,Undefined,,990.0
2017/18,"Rate per 100,000 workers",Non-fatal injury,,,,,,Professional occupations,Units,Undefined,,950.0
2002/03,"Rate per 100,000 workers",Non-fatal injury,,,,,,Sales and customer service occupations,Units,Undefined,,2250.0
2005/06,"Rate per 100,000 workers",Non-fatal injury,,,,,,Sales and customer service occupations,Units,Undefined,,2240.0
2008/09,"Rate per 100,000 workers",Non-fatal injury,,,,,,Sales and customer service occupations,Units,Undefined,,1890.0
2011/12,"Rate per 100,000 workers",Non-fatal injury,,,,,,Sales and customer service occupations,Units,Undefined,,1550.0
2014/15,"Rate per 100,000 workers",Non-fatal injury,,,,,,Sales and customer service occupations,Units,Undefined,,1700.0
2017/18,"Rate per 100,000 workers",Non-fatal injury,,,,,,Sales and customer service occupations,Units,Undefined,,1440.0
2002/03,"Rate per 100,000 workers",Non-fatal injury,,,,,,Skilled trades occupations,Units,Undefined,,6700.0
2005/06,"Rate per 100,000 workers",Non-fatal injury,,,,,,Skilled trades occupations,Units,Undefined,,5950.0
2008/09,"Rate per 100,000 workers",Non-fatal injury,,,,,,Skilled trades occupations,Units,Undefined,,5020.0
2011/12,"Rate per 100,000 workers",Non-fatal injury,,,,,,Skilled trades occupations,Units,Undefined,,4040.0
2014/15,"Rate per 100,000 workers",Non-fatal injury,,,,,,Skilled trades occupations,Units,Undefined,,4090.0
2017/18,"Rate per 100,000 workers",Non-fatal injury,,,,,,Skilled trades occupations,Units,Undefined,,3650.0
2016/17,"Rate per 100,000 workers",Fatal injury,,,,,,,Units,Undefined,,0.42
2018/19,"Rate per 100,000 workers",Fatal injury,,,England,East,,,Units,Undefined,E12000006,0.55
2017/18,"Rate per 100,000 workers",Fatal injury,,,England,East,,,Units,Undefined,E12000006,0.53
2016/17,"Rate per 100,000 workers",Fatal injury,,,England,East,,,Units,Undefined,E12000006,0.32
2015/16,"Rate per 100,000 workers",Fatal injury,,,England,East,,,Units,Undefined,E12000006,0.46
2014/15,"Rate per 100,000 workers",Fatal injury,,,England,East,,,Units,Undefined,E12000006,0.36
2002/03,"Rate per 100,000 workers",Non-fatal injury,,,England,East,,,Units,Undefined,E12000006,3760.0
2005/06,"Rate per 100,000 workers",Non-fatal injury,,,England,East,,,Units,Undefined,E12000006,2990.0
2008/09,"Rate per 100,000 workers",Non-fatal injury,,,England,East,,,Units,Undefined,E12000006,2430.0
2011/12,"Rate per 100,000 workers",Non-fatal injury,,,England,East,,,Units,Undefined,E12000006,2280.0
2014/15,"Rate per 100,000 workers",Non-fatal injury,,,England,East,,,Units,Undefined,E12000006,2220.0
2017/18,"Rate per 100,000 workers",Non-fatal injury,,,England,East,,,Units,Undefined,E12000006,1970.0
2018/19,"Rate per 100,000 workers",Fatal injury,,,England,East Midlands,,,Units,Undefined,E12000004,0.4
2017/18,"Rate per 100,000 workers",Fatal injury,,,England,East Midlands,,,Units,Undefined,E12000004,0.45
2016/17,"Rate per 100,000 workers",Fatal injury,,,England,East Midlands,,,Units,Undefined,E12000004,0.76
2015/16,"Rate per 100,000 workers",Fatal injury,,,England,East Midlands,,,Units,Undefined,E12000004,0.54
2014/15,"Rate per 100,000 workers",Fatal injury,,,England,East Midlands,,,Units,Undefined,E12000004,0.69
2002/03,"Rate per 100,000 workers",Non-fatal injury,,,England,East Midlands,,,Units,Undefined,E12000004,4100.0
2005/06,"Rate per 100,000 workers",Non-fatal injury,,,England,East Midlands,,,Units,Undefined,E12000004,3590.0
2008/09,"Rate per 100,000 workers",Non-fatal injury,,,England,East Midlands,,,Units,Undefined,E12000004,2970.0
2011/12,"Rate per 100,000 workers",Non-fatal injury,,,England,East Midlands,,,Units,Undefined,E12000004,2650.0
2014/15,"Rate per 100,000 workers",Non-fatal injury,,,England,East Midlands,,,Units,Undefined,E12000004,2640.0
2017/18,"Rate per 100,000 workers",Non-fatal injury,,,England,East Midlands,,,Units,Undefined,E12000004,2350.0
2018/19,"Rate per 100,000 workers",Fatal injury,,,England,London,,,Units,Undefined,E12000007,0.2
2017/18,"Rate per 100,000 workers",Fatal injury,,,England,London,,,Units,Undefined,E12000007,0.21
2016/17,"Rate per 100,000 workers",Fatal injury,,,England,London,,,Units,Undefined,E12000007,0.21
2015/16,"Rate per 100,000 workers",Fatal injury,,,England,London,,,Units,Undefined,E12000007,0.34
2014/15,"Rate per 100,000 workers",Fatal injury,,,England,London,,,Units,Undefined,E12000007,0.18
2002/03,"Rate per 100,000 workers",Non-fatal injury,,,England,London,,,Units,Undefined,E12000007,2930.0
2005/06,"Rate per 100,000 workers",Non-fatal injury,,,England,London,,,Units,Undefined,E12000007,2330.0
2008/09,"Rate per 100,000 workers",Non-fatal injury,,,England,London,,,Units,Undefined,E12000007,1680.0
2011/12,"Rate per 100,000 workers",Non-fatal injury,,,England,London,,,Units,Undefined,E12000007,1730.0
2014/15,"Rate per 100,000 workers",Non-fatal injury,,,England,London,,,Units,Undefined,E12000007,1380.0
2017/18,"Rate per 100,000 workers",Non-fatal injury,,,England,London,,,Units,Undefined,E12000007,1320.0
2018/19,"Rate per 100,000 workers",Fatal injury,,,England,North East,,,Units,Undefined,E12000001,0.42
2017/18,"Rate per 100,000 workers",Fatal injury,,,England,North East,,,Units,Undefined,E12000001,0.17
2016/17,"Rate per 100,000 workers",Fatal injury,,,England,North East,,,Units,Undefined,E12000001,0.51
2015/16,"Rate per 100,000 workers",Fatal injury,,,England,North East,,,Units,Undefined,E12000001,0.52
2014/15,"Rate per 100,000 workers",Fatal injury,,,England,North East,,,Units,Undefined,E12000001,0.09
2002/03,"Rate per 100,000 workers",Non-fatal injury,,,England,North East,,,Units,Undefined,E12000001,4290.0
2005/06,"Rate per 100,000 workers",Non-fatal injury,,,England,North East,,,Units,Undefined,E12000001,4150.0
2008/09,"Rate per 100,000 workers",Non-fatal injury,,,England,North East,,,Units,Undefined,E12000001,3340.0
2011/12,"Rate per 100,000 workers",Non-fatal injury,,,England,North East,,,Units,Undefined,E12000001,2190.0
2014/15,"Rate per 100,000 workers",Non-fatal injury,,,England,North East,,,Units,Undefined,E12000001,1800.0
2017/18,"Rate per 100,000 workers",Non-fatal injury,,,England,North East,,,Units,Undefined,E12000001,1510.0
2018/19,"Rate per 100,000 workers",Fatal injury,,,England,North West,,,Units,Undefined,E12000002,0.28
2017/18,"Rate per 100,000 workers",Fatal injury,,,England,North West,,,Units,Undefined,E12000002,0.46
2016/17,"Rate per 100,000 workers",Fatal injury,,,England,North West,,,Units,Undefined,E12000002,0.32
2015/16,"Rate per 100,000 workers",Fatal injury,,,England,North West,,,Units,Undefined,E12000002,0.5
2014/15,"Rate per 100,000 workers",Fatal injury,,,England,North West,,,Units,Undefined,E12000002,0.57
2002/03,"Rate per 100,000 workers",Non-fatal injury,,,England,North West,,,Units,Undefined,E12000002,3440.0
2005/06,"Rate per 100,000 workers",Non-fatal injury,,,England,North West,,,Units,Undefined,E12000002,2720.0
2008/09,"Rate per 100,000 workers",Non-fatal injury,,,England,North West,,,Units,Undefined,E12000002,2630.0
2011/12,"Rate per 100,000 workers",Non-fatal injury,,,England,North West,,,Units,Undefined,E12000002,2090.0
2014/15,"Rate per 100,000 workers",Non-fatal injury,,,England,North West,,,Units,Undefined,E12000002,2040.0
2017/18,"Rate per 100,000 workers",Non-fatal injury,,,England,North West,,,Units,Undefined,E12000002,1710.0
2018/19,"Rate per 100,000 workers",Fatal injury,,,England,South East,,,Units,Undefined,E12000008,0.29
2017/18,"Rate per 100,000 workers",Fatal injury,,,England,South East,,,Units,Undefined,E12000008,0.36
2016/17,"Rate per 100,000 workers",Fatal injury,,,England,South East,,,Units,Undefined,E12000008,0.34
2015/16,"Rate per 100,000 workers",Fatal injury,,,England,South East,,,Units,Undefined,E12000008,0.25
2014/15,"Rate per 100,000 workers",Fatal injury,,,England,South East,,,Units,Undefined,E12000008,0.23
2002/03,"Rate per 100,000 workers",Non-fatal injury,,,England,South East,,,Units,Undefined,E12000008,3620.0
2005/06,"Rate per 100,000 workers",Non-fatal injury,,,England,South East,,,Units,Undefined,E12000008,3000.0
2008/09,"Rate per 100,000 workers",Non-fatal injury,,,England,South East,,,Units,Undefined,E12000008,2910.0
2011/12,"Rate per 100,000 workers",Non-fatal injury,,,England,South East,,,Units,Undefined,E12000008,2210.0
2014/15,"Rate per 100,000 workers",Non-fatal injury,,,England,South East,,,Units,Undefined,E12000008,2090.0
2017/18,"Rate per 100,000 workers",Non-fatal injury,,,England,South East,,,Units,Undefined,E12000008,1980.0
2018/19,"Rate per 100,000 workers",Fatal injury,,,England,South West,,,Units,Undefined,E12000009,0.38
2017/18,"Rate per 100,000 workers",Fatal injury,,,England,South West,,,Units,Undefined,E12000009,0.41
2016/17,"Rate per 100,000 workers",Fatal injury,,,England,South West,,,Units,Undefined,E12000009,0.36
2015/16,"Rate per 100,000 workers",Fatal injury,,,England,South West,,,Units,Undefined,E12000009,0.43
2014/15,"Rate per 100,000 workers",Fatal injury,,,England,South West,,,Units,Undefined,E12000009,0.76
2002/03,"Rate per 100,000 workers",Non-fatal injury,,,England,South West,,,Units,Undefined,E12000009,4100.0
2005/06,"Rate per 100,000 workers",Non-fatal injury,,,England,South West,,,Units,Undefined,E12000009,3530.0
2008/09,"Rate per 100,000 workers",Non-fatal injury,,,England,South West,,,Units,Undefined,E12000009,3050.0
2011/12,"Rate per 100,000 workers",Non-fatal injury,,,England,South West,,,Units,Undefined,E12000009,2510.0
2014/15,"Rate per 100,000 workers",Non-fatal injury,,,England,South West,,,Units,Undefined,E12000009,2150.0
2017/18,"Rate per 100,000 workers",Non-fatal injury,,,England,South West,,,Units,Undefined,E12000009,2190.0
2018/19,"Rate per 100,000 workers",Fatal injury,,,England,West Midlands,,,Units,Undefined,E12000005,0.71
2017/18,"Rate per 100,000 workers",Fatal injury,,,England,West Midlands,,,Units,Undefined,E12000005,0.51
2016/17,"Rate per 100,000 workers",Fatal injury,,,England,West Midlands,,,Units,Undefined,E12000005,0.48
2015/16,"Rate per 100,000 workers",Fatal injury,,,England,West Midlands,,,Units,Undefined,E12000005,0.6
2014/15,"Rate per 100,000 workers",Fatal injury,,,England,West Midlands,,,Units,Undefined,E12000005,0.42
2002/03,"Rate per 100,000 workers",Non-fatal injury,,,England,West Midlands,,,Units,Undefined,E12000005,3580.0
2005/06,"Rate per 100,000 workers",Non-fatal injury,,,England,West Midlands,,,Units,Undefined,E12000005,3270.0
2008/09,"Rate per 100,000 workers",Non-fatal injury,,,England,West Midlands,,,Units,Undefined,E12000005,2780.0
2011/12,"Rate per 100,000 workers",Non-fatal injury,,,England,West Midlands,,,Units,Undefined,E12000005,2050.0
2014/15,"Rate per 100,000 workers",Non-fatal injury,,,England,West Midlands,,,Units,Undefined,E12000005,2230.0
2017/18,"Rate per 100,000 workers",Non-fatal injury,,,England,West Midlands,,,Units,Undefined,E12000005,1530.0
2018/19,"Rate per 100,000 workers",Fatal injury,,,England,Yorkshire and The Humber,,,Units,Undefined,E12000003,0.57
2017/18,"Rate per 100,000 workers",Fatal injury,,,England,Yorkshire and The Humber,,,Units,Undefined,E12000003,0.49
2016/17,"Rate per 100,000 workers",Fatal injury,,,England,Yorkshire and The Humber,,,Units,Undefined,E12000003,0.53
2015/16,"Rate per 100,000 workers",Fatal injury,,,England,Yorkshire and The Humber,,,Units,Undefined,E12000003,0.57
2014/15,"Rate per 100,000 workers",Fatal injury,,,England,Yorkshire and The Humber,,,Units,Undefined,E12000003,0.6
2002/03,"Rate per 100,000 workers",Non-fatal injury,,,England,Yorkshire and The Humber,,,Units,Undefined,E12000003,4110.0
2005/06,"Rate per 100,000 workers",Non-fatal injury,,,England,Yorkshire and The Humber,,,Units,Undefined,E12000003,3500.0
2008/09,"Rate per 100,000 workers",Non-fatal injury,,,England,Yorkshire and The Humber,,,Units,Undefined,E12000003,3010.0
2011/12,"Rate per 100,000 workers",Non-fatal injury,,,England,Yorkshire and The Humber,,,Units,Undefined,E12000003,2100.0
2014/15,"Rate per 100,000 workers",Non-fatal injury,,,England,Yorkshire and The Humber,,,Units,Undefined,E12000003,2160.0
2017/18,"Rate per 100,000 workers",Non-fatal injury,,,England,Yorkshire and The Humber,,,Units,Undefined,E12000003,2370.0
2018/19,"Rate per 100,000 workers",Fatal injury,,,England,,,,Units,Undefined,E92000001,0.4
2017/18,"Rate per 100,000 workers",Fatal injury,,,England,,,,Units,Undefined,E92000001,0.4
2016/17,"Rate per 100,000 workers",Fatal injury,,,England,,,,Units,Undefined,E92000001,0.39
2015/16,"Rate per 100,000 workers",Fatal injury,,,England,,,,Units,Undefined,E92000001,0.44
2014/15,"Rate per 100,000 workers",Fatal injury,,,England,,,,Units,Undefined,E92000001,0.43
2002/03,"Rate per 100,000 workers",Non-fatal injury,,,England,,,,Units,Undefined,E92000001,3680.0
2005/06,"Rate per 100,000 workers",Non-fatal injury,,,England,,,,Units,Undefined,E92000001,3100.0
2008/09,"Rate per 100,000 workers",Non-fatal injury,,,England,,,,Units,Undefined,E92000001,2670.0
2011/12,"Rate per 100,000 workers",Non-fatal injury,,,England,,,,Units,Undefined,E92000001,2170.0
2014/15,"Rate per 100,000 workers",Non-fatal injury,,,England,,,,Units,Undefined,E92000001,2040.0
2017/18,"Rate per 100,000 workers",Non-fatal injury,,,England,,,,Units,Undefined,E92000001,1860.0
2018/19,"Rate per 100,000 workers",Fatal injury,,,England and Wales,,,,Units,Undefined,K04000001,0.4
2017/18,"Rate per 100,000 workers",Fatal injury,,,England and Wales,,,,Units,Undefined,K04000001,0.42
2016/17,"Rate per 100,000 workers",Fatal injury,,,England and Wales,,,,Units,Undefined,K04000001,0.41
2015/16,"Rate per 100,000 workers",Fatal injury,,,England and Wales,,,,Units,Undefined,K04000001,0.46
2014/15,"Rate per 100,000 workers",Fatal injury,,,England and Wales,,,,Units,Undefined,K04000001,0.44
2018/19,"Rate per 100,000 workers",Fatal injury,,,Scotland,,,,Units,Undefined,S92000003,1.07
2017/18,"Rate per 100,000 workers",Fatal injury,,,Scotland,,,,Units,Undefined,S92000003,0.63
2016/17,"Rate per 100,000 workers",Fatal injury,,,Scotland,,,,Units,Undefined,S92000003,0.67
2015/16,"Rate per 100,000 workers",Fatal injury,,,Scotland,,,,Units,Undefined,S92000003,0.56
2014/15,"Rate per 100,000 workers",Fatal injury,,,Scotland,,,,Units,Undefined,S92000003,0.68
2002/03,"Rate per 100,000 workers",Non-fatal injury,,,Scotland,,,,Units,Undefined,S92000003,3550.0
2005/06,"Rate per 100,000 workers",Non-fatal injury,,,Scotland,,,,Units,Undefined,S92000003,3250.0
2008/09,"Rate per 100,000 workers",Non-fatal injury,,,Scotland,,,,Units,Undefined,S92000003,2480.0
2011/12,"Rate per 100,000 workers",Non-fatal injury,,,Scotland,,,,Units,Undefined,S92000003,1940.0
2014/15,"Rate per 100,000 workers",Non-fatal injury,,,Scotland,,,,Units,Undefined,S92000003,1960.0
2017/18,"Rate per 100,000 workers",Non-fatal injury,,,Scotland,,,,Units,Undefined,S92000003,1660.0
2018/19,"Rate per 100,000 workers",Fatal injury,,,Wales,,,,Units,Undefined,W92000004,0.48
2017/18,"Rate per 100,000 workers",Fatal injury,,,Wales,,,,Units,Undefined,W92000004,0.91
2016/17,"Rate per 100,000 workers",Fatal injury,,,Wales,,,,Units,Undefined,W92000004,0.78
2015/16,"Rate per 100,000 workers",Fatal injury,,,Wales,,,,Units,Undefined,W92000004,0.93
2014/15,"Rate per 100,000 workers",Fatal injury,,,Wales,,,,Units,Undefined,W92000004,0.72
2002/03,"Rate per 100,000 workers",Non-fatal injury,,,Wales,,,,Units,Undefined,W92000004,4100.0
2005/06,"Rate per 100,000 workers",Non-fatal injury,,,Wales,,,,Units,Undefined,W92000004,3100.0
2008/09,"Rate per 100,000 workers",Non-fatal injury,,,Wales,,,,Units,Undefined,W92000004,2990.0
2011/12,"Rate per 100,000 workers",Non-fatal injury,,,Wales,,,,Units,Undefined,W92000004,2290.0
2014/15,"Rate per 100,000 workers",Non-fatal injury,,,Wales,,,,Units,Undefined,W92000004,2680.0
2017/18,"Rate per 100,000 workers",Non-fatal injury,,,Wales,,,,Units,Undefined,W92000004,2140.0
2018/19,"Rate per 100,000 workers",Fatal injury,16 to 19,Female,,,,,Units,Undefined,,0.0
2017/18,"Rate per 100,000 workers",Fatal injury,16 to 19,Female,,,,,Units,Undefined,,0.0
2016/17,"Rate per 100,000 workers",Fatal injury,16 to 19,Female,,,,,Units,Undefined,,0.0
2015/16,"Rate per 100,000 workers",Fatal injury,16 to 19,Female,,,,,Units,Undefined,,0.0
2014/15,"Rate per 100,000 workers",Fatal injury,16 to 19,Female,,,,,Units,Undefined,,0.0
2018/19,"Rate per 100,000 workers",Fatal injury,16 to 19,Male,,,,,Units,Undefined,,0.19
2017/18,"Rate per 100,000 workers",Fatal injury,16 to 19,Male,,,,,Units,Undefined,,0.19
2016/17,"Rate per 100,000 workers",Fatal injury,16 to 19,Male,,,,,Units,Undefined,,0.4
2015/16,"Rate per 100,000 workers",Fatal injury,16 to 19,Male,,,,,Units,Undefined,,0.38
2014/15,"Rate per 100,000 workers",Fatal injury,16 to 19,Male,,,,,Units,Undefined,,1.03
2018/19,"Rate per 100,000 workers",Fatal injury,16 to 19,,,,,,Units,Undefined,,0.1
2017/18,"Rate per 100,000 workers",Fatal injury,16 to 19,,,,,,Units,Undefined,,0.1
2016/17,"Rate per 100,000 workers",Fatal injury,16 to 19,,,,,,Units,Undefined,,0.19
2015/16,"Rate per 100,000 workers",Fatal injury,16 to 19,,,,,,Units,Undefined,,0.19
2014/15,"Rate per 100,000 workers",Fatal injury,16 to 19,,,,,,Units,Undefined,,0.49
2002/03,"Rate per 100,000 workers",Non-fatal injury,16 to 24,Female,,,,,Units,Undefined,,3050.0
2005/06,"Rate per 100,000 workers",Non-fatal injury,16 to 24,Female,,,,,Units,Undefined,,2670.0
2008/09,"Rate per 100,000 workers",Non-fatal injury,16 to 24,Female,,,,,Units,Undefined,,2480.0
2011/12,"Rate per 100,000 workers",Non-fatal injury,16 to 24,Female,,,,,Units,Undefined,,2220.0
2014/15,"Rate per 100,000 workers",Non-fatal injury,16 to 24,Female,,,,,Units,Undefined,,1810.0
2017/18,"Rate per 100,000 workers",Non-fatal injury,16 to 24,Female,,,,,Units,Undefined,,1390.0
2002/03,"Rate per 100,000 workers",Non-fatal injury,16 to 24,Male,,,,,Units,Undefined,,5280.0
2005/06,"Rate per 100,000 workers",Non-fatal injury,16 to 24,Male,,,,,Units,Undefined,,4580.0
2008/09,"Rate per 100,000 workers",Non-fatal injury,16 to 24,Male,,,,,Units,Undefined,,3620.0
2011/12,"Rate per 100,000 workers",Non-fatal injury,16 to 24,Male,,,,,Units,Undefined,,2570.0
2014/15,"Rate per 100,000 workers",Non-fatal injury,16 to 24,Male,,,,,Units,Undefined,,2650.0
2017/18,"Rate per 100,000 workers",Non-fatal injury,16 to 24,Male,,,,,Units,Undefined,,2620.0
2002/03,"Rate per 100,000 workers",Non-fatal injury,16 to 24,,,,,,Units,Undefined,,4200.0
2005/06,"Rate per 100,000 workers",Non-fatal injury,16 to 24,,,,,,Units,Undefined,,3650.0
2008/09,"Rate per 100,000 workers",Non-fatal injury,16 to 24,,,,,,Units,Undefined,,3050.0
2011/12,"Rate per 100,000 workers",Non-fatal injury,16 to 24,,,,,,Units,Undefined,,2400.0
2014/15,"Rate per 100,000 workers",Non-fatal injury,16 to 24,,,,,,Units,Undefined,,2230.0
2017/18,"Rate per 100,000 workers",Non-fatal injury,16 to 24,,,,,,Units,Undefined,,2020.0
2018/19,"Rate per 100,000 workers",Fatal injury,20 to 24,Female,,,,,Units,Undefined,,0.08
2017/18,"Rate per 100,000 workers",Fatal injury,20 to 24,Female,,,,,Units,Undefined,,0.07
2016/17,"Rate per 100,000 workers",Fatal injury,20 to 24,Female,,,,,Units,Undefined,,0.0
2015/16,"Rate per 100,000 workers",Fatal injury,20 to 24,Female,,,,,Units,Undefined,,0.0
2014/15,"Rate per 100,000 workers",Fatal injury,20 to 24,Female,,,,,Units,Undefined,,0.0
2018/19,"Rate per 100,000 workers",Fatal injury,20 to 24,Male,,,,,Units,Undefined,,0.56
2017/18,"Rate per 100,000 workers",Fatal injury,20 to 24,Male,,,,,Units,Undefined,,0.48
2016/17,"Rate per 100,000 workers",Fatal injury,20 to 24,Male,,,,,Units,Undefined,,0.62
2015/16,"Rate per 100,000 workers",Fatal injury,20 to 24,Male,,,,,Units,Undefined,,0.4
2014/15,"Rate per 100,000 workers",Fatal injury,20 to 24,Male,,,,,Units,Undefined,,0.64
2018/19,"Rate per 100,000 workers",Fatal injury,20 to 24,,,,,,Units,Undefined,,0.33
2017/18,"Rate per 100,000 workers",Fatal injury,20 to 24,,,,,,Units,Undefined,,0.29
2016/17,"Rate per 100,000 workers",Fatal injury,20 to 24,,,,,,Units,Undefined,,0.32
2015/16,"Rate per 100,000 workers",Fatal injury,20 to 24,,,,,,Units,Undefined,,0.21
2014/15,"Rate per 100,000 workers",Fatal injury,20 to 24,,,,,,Units,Undefined,,0.33
2018/19,"Rate per 100,000 workers",Fatal injury,25 to 34,Female,,,,,Units,Undefined,,0.0
2017/18,"Rate per 100,000 workers",Fatal injury,25 to 34,Female,,,,,Units,Undefined,,0.0
2016/17,"Rate per 100,000 workers",Fatal injury,25 to 34,Female,,,,,Units,Undefined,,0.0
2015/16,"Rate per 100,000 workers",Fatal injury,25 to 34,Female,,,,,Units,Undefined,,0.0
2014/15,"Rate per 100,000 workers",Fatal injury,25 to 34,Female,,,,,Units,Undefined,,0.0
2002/03,"Rate per 100,000 workers",Non-fatal injury,25 to 34,Female,,,,,Units,Undefined,,2350.0
2005/06,"Rate per 100,000 workers",Non-fatal injury,25 to 34,Female,,,,,Units,Undefined,,1950.0
2008/09,"Rate per 100,000 workers",Non-fatal injury,25 to 34,Female,,,,,Units,Undefined,,1750.0
2011/12,"Rate per 100,000 workers",Non-fatal injury,25 to 34,Female,,,,,Units,Undefined,,1690.0
2014/15,"Rate per 100,000 workers",Non-fatal injury,25 to 34,Female,,,,,Units,Undefined,,1460.0
2017/18,"Rate per 100,000 workers",Non-fatal injury,25 to 34,Female,,,,,Units,Undefined,,1600.0
2018/19,"Rate per 100,000 workers",Fatal injury,25 to 34,Male,,,,,Units,Undefined,,0.48
2017/18,"Rate per 100,000 workers",Fatal injury,25 to 34,Male,,,,,Units,Undefined,,0.43
2016/17,"Rate per 100,000 workers",Fatal injury,25 to 34,Male,,,,,Units,Undefined,,0.41
2015/16,"Rate per 100,000 workers",Fatal injury,25 to 34,Male,,,,,Units,Undefined,,0.52
2014/15,"Rate per 100,000 workers",Fatal injury,25 to 34,Male,,,,,Units,Undefined,,0.67
2002/03,"Rate per 100,000 workers",Non-fatal injury,25 to 34,Male,,,,,Units,Undefined,,5150.0
2005/06,"Rate per 100,000 workers",Non-fatal injury,25 to 34,Male,,,,,Units,Undefined,,4110.0
2008/09,"Rate per 100,000 workers",Non-fatal injury,25 to 34,Male,,,,,Units,Undefined,,3090.0
2011/12,"Rate per 100,000 workers",Non-fatal injury,25 to 34,Male,,,,,Units,Undefined,,2660.0
2014/15,"Rate per 100,000 workers",Non-fatal injury,25 to 34,Male,,,,,Units,Undefined,,2400.0
2017/18,"Rate per 100,000 workers",Non-fatal injury,25 to 34,Male,,,,,Units,Undefined,,2300.0
2018/19,"Rate per 100,000 workers",Fatal injury,25 to 34,,,,,,Units,Undefined,,0.26
2017/18,"Rate per 100,000 workers",Fatal injury,25 to 34,,,,,,Units,Undefined,,0.23
2016/17,"Rate per 100,000 workers",Fatal injury,25 to 34,,,,,,Units,Undefined,,0.22
2015/16,"Rate per 100,000 workers",Fatal injury,25 to 34,,,,,,Units,Undefined,,0.28
2014/15,"Rate per 100,000 workers",Fatal injury,25 to 34,,,,,,Units,Undefined,,0.36
2002/03,"Rate per 100,000 workers",Non-fatal injury,25 to 34,,,,,,Units,Undefined,,3880.0
2005/06,"Rate per 100,000 workers",Non-fatal injury,25 to 34,,,,,,Units,Undefined,,3120.0
2008/09,"Rate per 100,000 workers",Non-fatal injury,25 to 34,,,,,,Units,Undefined,,2470.0
2011/12,"Rate per 100,000 workers",Non-fatal injury,25 to 34,,,,,,Units,Undefined,,2210.0
2014/15,"Rate per 100,000 workers",Non-fatal injury,25 to 34,,,,,,Units,Undefined,,1970.0
2017/18,"Rate per 100,000 workers",Non-fatal injury,25 to 34,,,,,,Units,Undefined,,1970.0
2018/19,"Rate per 100,000 workers",Fatal injury,35 to 44,Female,,,,,Units,Undefined,,0.06
2017/18,"Rate per 100,000 workers",Fatal injury,35 to 44,Female,,,,,Units,Undefined,,0.0
2016/17,"Rate per 100,000 workers",Fatal injury,35 to 44,Female,,,,,Units,Undefined,,0.03
2015/16,"Rate per 100,000 workers",Fatal injury,35 to 44,Female,,,,,Units,Undefined,,0.03
2014/15,"Rate per 100,000 workers",Fatal injury,35 to 44,Female,,,,,Units,Undefined,,0.03
2002/03,"Rate per 100,000 workers",Non-fatal injury,35 to 44,Female,,,,,Units,Undefined,,2500.0
2005/06,"Rate per 100,000 workers",Non-fatal injury,35 to 44,Female,,,,,Units,Undefined,,2190.0
2008/09,"Rate per 100,000 workers",Non-fatal injury,35 to 44,Female,,,,,Units,Undefined,,1900.0
2011/12,"Rate per 100,000 workers",Non-fatal injury,35 to 44,Female,,,,,Units,Undefined,,1560.0
2014/15,"Rate per 100,000 workers",Non-fatal injury,35 to 44,Female,,,,,Units,Undefined,,1340.0
2017/18,"Rate per 100,000 workers",Non-fatal injury,35 to 44,Female,,,,,Units,Undefined,,1200.0
2018/19,"Rate per 100,000 workers",Fatal injury,35 to 44,Male,,,,,Units,Undefined,,0.7
2017/18,"Rate per 100,000 workers",Fatal injury,35 to 44,Male,,,,,Units,Undefined,,0.56
2016/17,"Rate per 100,000 workers",Fatal injury,35 to 44,Male,,,,,Units,Undefined,,0.71
2015/16,"Rate per 100,000 workers",Fatal injury,35 to 44,Male,,,,,Units,Undefined,,0.73
2014/15,"Rate per 100,000 workers",Fatal injury,35 to 44,Male,,,,,Units,Undefined,,0.49
2002/03,"Rate per 100,000 workers",Non-fatal injury,35 to 44,Male,,,,,Units,Undefined,,4570.0
2005/06,"Rate per 100,000 workers",Non-fatal injury,35 to 44,Male,,,,,Units,Undefined,,3630.0
2008/09,"Rate per 100,000 workers",Non-fatal injury,35 to 44,Male,,,,,Units,Undefined,,3280.0
2011/12,"Rate per 100,000 workers",Non-fatal injury,35 to 44,Male,,,,,Units,Undefined,,2560.0
2014/15,"Rate per 100,000 workers",Non-fatal injury,35 to 44,Male,,,,,Units,Undefined,,2210.0
2017/18,"Rate per 100,000 workers",Non-fatal injury,35 to 44,Male,,,,,Units,Undefined,,1950.0
2018/19,"Rate per 100,000 workers",Fatal injury,35 to 44,,,,,,Units,Undefined,,0.4
2017/18,"Rate per 100,000 workers",Fatal injury,35 to 44,,,,,,Units,Undefined,,0.3
2016/17,"Rate per 100,000 workers",Fatal injury,35 to 44,,,,,,Units,Undefined,,0.39
2015/16,"Rate per 100,000 workers",Fatal injury,35 to 44,,,,,,Units,Undefined,,0.4
2014/15,"Rate per 100,000 workers",Fatal injury,35 to 44,,,,,,Units,Undefined,,0.27
2002/03,"Rate per 100,000 workers",Non-fatal injury,35 to 44,,,,,,Units,Undefined,,3610.0
2005/06,"Rate per 100,000 workers",Non-fatal injury,35 to 44,,,,,,Units,Undefined,,2960.0
2008/09,"Rate per 100,000 workers",Non-fatal injury,35 to 44,,,,,,Units,Undefined,,2630.0
2011/12,"Rate per 100,000 workers",Non-fatal injury,35 to 44,,,,,,Units,Undefined,,2100.0
2014/15,"Rate per 100,000 workers",Non-fatal injury,35 to 44,,,,,,Units,Undefined,,1800.0
2017/18,"Rate per 100,000 workers",Non-fatal injury,35 to 44,,,,,,Units,Undefined,,1600.0
2018/19,"Rate per 100,000 workers",Fatal injury,45 to 54,Female,,,,,Units,Undefined,,0.05
2017/18,"Rate per 100,000 workers",Fatal injury,45 to 54,Female,,,,,Units,Undefined,,0.03
2016/17,"Rate per 100,000 workers",Fatal injury,45 to 54,Female,,,,,Units,Undefined,,0.03
2015/16,"Rate per 100,000 workers",Fatal injury,45 to 54,Female,,,,,Units,Undefined,,0.05
2014/15,"Rate per 100,000 workers",Fatal injury,45 to 54,Female,,,,,Units,Undefined,,0.05
2002/03,"Rate per 100,000 workers",Non-fatal injury,45 to 54,Female,,,,,Units,Undefined,,2920.0
2005/06,"Rate per 100,000 workers",Non-fatal injury,45 to 54,Female,,,,,Units,Undefined,,2720.0
2008/09,"Rate per 100,000 workers",Non-fatal injury,45 to 54,Female,,,,,Units,Undefined,,2530.0
2011/12,"Rate per 100,000 workers",Non-fatal injury,45 to 54,Female,,,,,Units,Undefined,,1780.0
2014/15,"Rate per 100,000 workers",Non-fatal injury,45 to 54,Female,,,,,Units,Undefined,,1970.0
2017/18,"Rate per 100,000 workers",Non-fatal injury,45 to 54,Female,,,,,Units,Undefined,,1570.0
2018/19,"Rate per 100,000 workers",Fatal injury,45 to 54,Male,,,,,Units,Undefined,,0.89
2017/18,"Rate per 100,000 workers",Fatal injury,45 to 54,Male,,,,,Units,Undefined,,0.53
2016/17,"Rate per 100,000 workers",Fatal injury,45 to 54,Male,,,,,Units,Undefined,,0.53
2015/16,"Rate per 100,000 workers",Fatal injury,45 to 54,Male,,,,,Units,Undefined,,0.87
2014/15,"Rate per 100,000 workers",Fatal injury,45 to 54,Male,,,,,Units,Undefined,,0.62
2002/03,"Rate per 100,000 workers",Non-fatal injury,45 to 54,Male,,,,,Units,Undefined,,3870.0
2005/06,"Rate per 100,000 workers",Non-fatal injury,45 to 54,Male,,,,,Units,Undefined,,3460.0
2008/09,"Rate per 100,000 workers",Non-fatal injury,45 to 54,Male,,,,,Units,Undefined,,3090.0
2011/12,"Rate per 100,000 workers",Non-fatal injury,45 to 54,Male,,,,,Units,Undefined,,2230.0
2014/15,"Rate per 100,000 workers",Non-fatal injury,45 to 54,Male,,,,,Units,Undefined,,2460.0
2017/18,"Rate per 100,000 workers",Non-fatal injury,45 to 54,Male,,,,,Units,Undefined,,2140.0
2018/19,"Rate per 100,000 workers",Fatal injury,45 to 54,,,,,,Units,Undefined,,0.48
2017/18,"Rate per 100,000 workers",Fatal injury,45 to 54,,,,,,Units,Undefined,,0.28
2016/17,"Rate per 100,000 workers",Fatal injury,45 to 54,,,,,,Units,Undefined,,0.28
2015/16,"Rate per 100,000 workers",Fatal injury,45 to 54,,,,,,Units,Undefined,,0.47
2014/15,"Rate per 100,000 workers",Fatal injury,45 to 54,,,,,,Units,Undefined,,0.34
2002/03,"Rate per 100,000 workers",Non-fatal injury,45 to 54,,,,,,Units,Undefined,,3420.0
2005/06,"Rate per 100,000 workers",Non-fatal injury,45 to 54,,,,,,Units,Undefined,,3110.0
2008/09,"Rate per 100,000 workers",Non-fatal injury,45 to 54,,,,,,Units,Undefined,,2820.0
2011/12,"Rate per 100,000 workers",Non-fatal injury,45 to 54,,,,,,Units,Undefined,,2010.0
2014/15,"Rate per 100,000 workers",Non-fatal injury,45 to 54,,,,,,Units,Undefined,,2220.0
2017/18,"Rate per 100,000 workers",Non-fatal injury,45 to 54,,,,,,Units,Undefined,,1870.0
2002/03,"Rate per 100,000 workers",Non-fatal injury,55 and over,Female,,,,,Units,Undefined,,3180.0
2005/06,"Rate per 100,000 workers",Non-fatal injury,55 and over,Female,,,,,Units,Undefined,,2680.0
2008/09,"Rate per 100,000 workers",Non-fatal injury,55 and over,Female,,,,,Units,Undefined,,2210.0
2011/12,"Rate per 100,000 workers",Non-fatal injury,55 and over,Female,,,,,Units,Undefined,,1850.0
2014/15,"Rate per 100,000 workers",Non-fatal injury,55 and over,Female,,,,,Units,Undefined,,1930.0
2017/18,"Rate per 100,000 workers",Non-fatal injury,55 and over,Female,,,,,Units,Undefined,,1700.0
2002/03,"Rate per 100,000 workers",Non-fatal injury,55 and over,Male,,,,,Units,Undefined,,3580.0
2005/06,"Rate per 100,000 workers",Non-fatal injury,55 and over,Male,,,,,Units,Undefined,,3050.0
2008/09,"Rate per 100,000 workers",Non-fatal injury,55 and over,Male,,,,,Units,Undefined,,2670.0
2011/12,"Rate per 100,000 workers",Non-fatal injury,55 and over,Male,,,,,Units,Undefined,,2430.0
2014/15,"Rate per 100,000 workers",Non-fatal injury,55 and over,Male,,,,,Units,Undefined,,2370.0
2017/18,"Rate per 100,000 workers",Non-fatal injury,55 and over,Male,,,,,Units,Undefined,,2050.0
2002/03,"Rate per 100,000 workers",Non-fatal injury,55 and over,,,,,,Units,Undefined,,3410.0
2005/06,"Rate per 100,000 workers",Non-fatal injury,55 and over,,,,,,Units,Undefined,,2890.0
2008/09,"Rate per 100,000 workers",Non-fatal injury,55 and over,,,,,,Units,Undefined,,2470.0
2011/12,"Rate per 100,000 workers",Non-fatal injury,55 and over,,,,,,Units,Undefined,,2170.0
2014/15,"Rate per 100,000 workers",Non-fatal injury,55 and over,,,,,,Units,Undefined,,2170.0
2017/18,"Rate per 100,000 workers",Non-fatal injury,55 and over,,,,,,Units,Undefined,,1890.0
2018/19,"Rate per 100,000 workers",Fatal injury,55 to 59,Female,,,,,Units,Undefined,,0.0
2017/18,"Rate per 100,000 workers",Fatal injury,55 to 59,Female,,,,,Units,Undefined,,0.07
2016/17,"Rate per 100,000 workers",Fatal injury,55 to 59,Female,,,,,Units,Undefined,,0.07
2015/16,"Rate per 100,000 workers",Fatal injury,55 to 59,Female,,,,,Units,Undefined,,0.0
2014/15,"Rate per 100,000 workers",Fatal injury,55 to 59,Female,,,,,Units,Undefined,,0.0
2018/19,"Rate per 100,000 workers",Fatal injury,55 to 59,Male,,,,,Units,Undefined,,0.78
2017/18,"Rate per 100,000 workers",Fatal injury,55 to 59,Male,,,,,Units,Undefined,,0.94
2016/17,"Rate per 100,000 workers",Fatal injury,55 to 59,Male,,,,,Units,Undefined,,1.35
2015/16,"Rate per 100,000 workers",Fatal injury,55 to 59,Male,,,,,Units,Undefined,,1.0
2014/15,"Rate per 100,000 workers",Fatal injury,55 to 59,Male,,,,,Units,Undefined,,0.89
2018/19,"Rate per 100,000 workers",Fatal injury,55 to 59,,,,,,Units,Undefined,,0.4
2017/18,"Rate per 100,000 workers",Fatal injury,55 to 59,,,,,,Units,Undefined,,0.52
2016/17,"Rate per 100,000 workers",Fatal injury,55 to 59,,,,,,Units,Undefined,,0.73
2015/16,"Rate per 100,000 workers",Fatal injury,55 to 59,,,,,,Units,Undefined,,0.52
2014/15,"Rate per 100,000 workers",Fatal injury,55 to 59,,,,,,Units,Undefined,,0.46
2018/19,"Rate per 100,000 workers",Fatal injury,60 to 64,Female,,,,,Units,Undefined,,0.22
2017/18,"Rate per 100,000 workers",Fatal injury,60 to 64,Female,,,,,Units,Undefined,,0.0
2016/17,"Rate per 100,000 workers",Fatal injury,60 to 64,Female,,,,,Units,Undefined,,0.0
2015/16,"Rate per 100,000 workers",Fatal injury,60 to 64,Female,,,,,Units,Undefined,,0.13
2014/15,"Rate per 100,000 workers",Fatal injury,60 to 64,Female,,,,,Units,Undefined,,0.28
2018/19,"Rate per 100,000 workers",Fatal injury,60 to 64,Male,,,,,Units,Undefined,,1.39
2017/18,"Rate per 100,000 workers",Fatal injury,60 to 64,Male,,,,,Units,Undefined,,2.32
2016/17,"Rate per 100,000 workers",Fatal injury,60 to 64,Male,,,,,Units,Undefined,,1.17
2015/16,"Rate per 100,000 workers",Fatal injury,60 to 64,Male,,,,,Units,Undefined,,1.61
2014/15,"Rate per 100,000 workers",Fatal injury,60 to 64,Male,,,,,Units,Undefined,,1.25
2018/19,"Rate per 100,000 workers",Fatal injury,60 to 64,,,,,,Units,Undefined,,0.85
2017/18,"Rate per 100,000 workers",Fatal injury,60 to 64,,,,,,Units,Undefined,,1.27
2016/17,"Rate per 100,000 workers",Fatal injury,60 to 64,,,,,,Units,Undefined,,0.66
2015/16,"Rate per 100,000 workers",Fatal injury,60 to 64,,,,,,Units,Undefined,,0.97
2014/15,"Rate per 100,000 workers",Fatal injury,60 to 64,,,,,,Units,Undefined,,0.83
2018/19,"Rate per 100,000 workers",Fatal injury,65 and over,Female,,,,,Units,Undefined,,0.0
2017/18,"Rate per 100,000 workers",Fatal injury,65 and over,Female,,,,,Units,Undefined,,0.42
2016/17,"Rate per 100,000 workers",Fatal injury,65 and over,Female,,,,,Units,Undefined,,0.21
2015/16,"Rate per 100,000 workers",Fatal injury,65 and over,Female,,,,,Units,Undefined,,0.22
2014/15,"Rate per 100,000 workers",Fatal injury,65 and over,Female,,,,,Units,Undefined,,0.44
2018/19,"Rate per 100,000 workers",Fatal injury,65 and over,Male,,,,,Units,Undefined,,2.65
2017/18,"Rate per 100,000 workers",Fatal injury,65 and over,Male,,,,,Units,Undefined,,3.73
2016/17,"Rate per 100,000 workers",Fatal injury,65 and over,Male,,,,,Units,Undefined,,3.03
2015/16,"Rate per 100,000 workers",Fatal injury,65 and over,Male,,,,,Units,Undefined,,2.83
2014/15,"Rate per 100,000 workers",Fatal injury,65 and over,Male,,,,,Units,Undefined,,3.44
2018/19,"Rate per 100,000 workers",Fatal injury,65 and over,,,,,,Units,Undefined,,1.61
2017/18,"Rate per 100,000 workers",Fatal injury,65 and over,,,,,,Units,Undefined,,2.42
2016/17,"Rate per 100,000 workers",Fatal injury,65 and over,,,,,,Units,Undefined,,1.92
2015/16,"Rate per 100,000 workers",Fatal injury,65 and over,,,,,,Units,Undefined,,1.8
2014/15,"Rate per 100,000 workers",Fatal injury,65 and over,,,,,,Units,Undefined,,2.23
2018/19,"Rate per 100,000 workers",Fatal injury,,Female,,,,,Units,Undefined,,0.05
2017/18,"Rate per 100,000 workers",Fatal injury,,Female,,,,,Units,Undefined,,0.04
2016/17,"Rate per 100,000 workers",Fatal injury,,Female,,,,,Units,Undefined,,0.03
2015/16,"Rate per 100,000 workers",Fatal injury,,Female,,,,,Units,Undefined,,0.03
2014/15,"Rate per 100,000 workers",Fatal injury,,Female,,,,,Units,Undefined,,0.06
2002/03,"Rate per 100,000 workers",Non-fatal injury,,Female,,,,,Units,Undefined,,2730.0
2005/06,"Rate per 100,000 workers",Non-fatal injury,,Female,,,,,Units,Undefined,,2400.0
2008/09,"Rate per 100,000 workers",Non-fatal injury,,Female,,,,,Units,Undefined,,2150.0
2011/12,"Rate per 100,000 workers",Non-fatal injury,,Female,,,,,Units,Undefined,,1780.0
2014/15,"Rate per 100,000 workers",Non-fatal injury,,Female,,,,,Units,Undefined,,1690.0
2017/18,"Rate per 100,000 workers",Non-fatal injury,,Female,,,,,Units,Undefined,,1500.0
2018/19,"Rate per 100,000 workers",Fatal injury,,Male,,,,,Units,Undefined,,0.81
2017/18,"Rate per 100,000 workers",Fatal injury,,Male,,,,,Units,Undefined,,0.79
2016/17,"Rate per 100,000 workers",Fatal injury,,Male,,,,,Units,Undefined,,0.78
2015/16,"Rate per 100,000 workers",Fatal injury,,Male,,,,,Units,Undefined,,0.85
2014/15,"Rate per 100,000 workers",Fatal injury,,Male,,,,,Units,Undefined,,0.82
2002/03,"Rate per 100,000 workers",Non-fatal injury,,Male,,,,,Units,Undefined,,4500.0
2005/06,"Rate per 100,000 workers",Non-fatal injury,,Male,,,,,Units,Undefined,,3730.0
2008/09,"Rate per 100,000 workers",Non-fatal injury,,Male,,,,,Units,Undefined,,3120.0
2011/12,"Rate per 100,000 workers",Non-fatal injury,,Male,,,,,Units,Undefined,,2480.0
2014/15,"Rate per 100,000 workers",Non-fatal injury,,Male,,,,,Units,Undefined,,2390.0
2017/18,"Rate per 100,000 workers",Non-fatal injury,,Male,,,,,Units,Undefined,,2170.0
2004/05,"Rate per 100,000 workers",Fatal injury,,,,,,,Units,Undefined,,0.78
2005/06,"Rate per 100,000 workers",Fatal injury,,,,,,,Units,Undefined,,0.75
2006/07,"Rate per 100,000 workers",Fatal injury,,,,,,,Units,Undefined,,0.84
2007/08,"Rate per 100,000 workers",Fatal injury,,,,,,,Units,Undefined,,0.79
2008/09,"Rate per 100,000 workers",Fatal injury,,,,,,,Units,Undefined,,0.6
2009/10,"Rate per 100,000 workers",Fatal injury,,,,,,,Units,Undefined,,0.5
2010/11,"Rate per 100,000 workers",Fatal injury,,,,,,,Units,Undefined,,0.6
2011/12,"Rate per 100,000 workers",Fatal injury,,,,,,,Units,Undefined,,0.58
2012/13,"Rate per 100,000 workers",Fatal injury,,,,,,,Units,Undefined,,0.5
2013/14,"Rate per 100,000 workers",Fatal injury,,,,,,,Units,Undefined,,0.45
2014/15,"Rate per 100,000 workers",Fatal injury,,,,,,,Units,Undefined,,0.46
2015/16,"Rate per 100,000 workers",Fatal injury,,,,,,,Units,Undefined,,0.47
2017/18,"Rate per 100,000 workers",Fatal injury,,,,,,,Units,Undefined,,0.44
2018/19,"Rate per 100,000 workers",Fatal injury,,,,,,,Units,Undefined,,0.45
2000/01,"Rate per 100,000 workers",Non-fatal injury,,,,,,,Units,Undefined,,3980.0
2001/02,"Rate per 100,000 workers",Non-fatal injury,,,,,,,Units,Undefined,,3780.0
2002/03,"Rate per 100,000 workers",Non-fatal injury,,,,,,,Units,Undefined,,3800.0
2003/04,"Rate per 100,000 workers",Non-fatal injury,,,,,,,Units,Undefined,,3480.0
2004/05,"Rate per 100,000 workers",Non-fatal injury,,,,,,,Units,Undefined,,3210.0
2005/06,"Rate per 100,000 workers",Non-fatal injury,,,,,,,Units,Undefined,,3030.0
2006/07,"Rate per 100,000 workers",Non-fatal injury,,,,,,,Units,Undefined,,3100.0
2007/08,"Rate per 100,000 workers",Non-fatal injury,,,,,,,Units,Undefined,,2850.0
2008/09,"Rate per 100,000 workers",Non-fatal injury,,,,,,,Units,Undefined,,2570.0
2009/10,"Rate per 100,000 workers",Non-fatal injury,,,,,,,Units,Undefined,,2580.0
2010/11,"Rate per 100,000 workers",Non-fatal injury,,,,,,,Units,Undefined,,2130.0
2011/12,"Rate per 100,000 workers",Non-fatal injury,,,,,,,Units,Undefined,,2090.0
2012/13,"Rate per 100,000 workers",Non-fatal injury,,,,,,,Units,Undefined,,2240.0
2013/14,"Rate per 100,000 workers",Non-fatal injury,,,,,,,Units,Undefined,,2130.0
2014/15,"Rate per 100,000 workers",Non-fatal injury,,,,,,,Units,Undefined,,2030.0
2015/16,"Rate per 100,000 workers",Non-fatal injury,,,,,,,Units,Undefined,,2030.0
2016/17,"Rate per 100,000 workers",Non-fatal injury,,,,,,,Units,Undefined,,1970.0
2017/18,"Rate per 100,000 workers",Non-fatal injury,,,,,,,Units,Undefined,,1770.0
2018/19,"Rate per 100,000 workers",Non-fatal injury,,,,,,,Units,Undefined,,1830.0
