Year,Country income classification,Units,Unit multiplier,Observation status,Value
2009,LDCs,GBP (£ thousands),Thousands,Normal value,7738.51
2009,LMICs,GBP (£ thousands),Thousands,Normal value,2730.24
2009,Other LICs,GBP (£ thousands),Thousands,Normal value,3740.71
2009,UMICs,GBP (£ thousands),Thousands,Normal value,265.14
2009,Unspecified,GBP (£ thousands),Thousands,Normal value,32846.86
2010,LDCs,GBP (£ thousands),Thousands,Normal value,14507.84
2010,LMICs,GBP (£ thousands),Thousands,Normal value,939.84
2010,Other LICs,GBP (£ thousands),Thousands,Normal value,4961.07
2010,UMICs,GBP (£ thousands),Thousands,Normal value,259.13
2010,Unspecified,GBP (£ thousands),Thousands,Normal value,114440.32
2011,LDCs,GBP (£ thousands),Thousands,Normal value,13377.09
2011,LMICs,GBP (£ thousands),Thousands,Normal value,2958.23
2011,Other LICs,GBP (£ thousands),Thousands,Normal value,162.61
2011,UMICs,GBP (£ thousands),Thousands,Normal value,201.62
2011,Unspecified,GBP (£ thousands),Thousands,Normal value,31355.0
2012,LDCs,GBP (£ thousands),Thousands,Normal value,15928.57
2012,LMICs,GBP (£ thousands),Thousands,Normal value,10540.2
2012,Other LICs,GBP (£ thousands),Thousands,Normal value,4693.01
2012,UMICs,GBP (£ thousands),Thousands,Normal value,4221.12
2012,Unspecified,GBP (£ thousands),Thousands,Normal value,24914.72
2013,LDCs,GBP (£ thousands),Thousands,Normal value,22611.18
2013,LMICs,GBP (£ thousands),Thousands,Normal value,6478.18
2013,Other LICs,GBP (£ thousands),Thousands,Normal value,4673.16
2013,UMICs,GBP (£ thousands),Thousands,Normal value,3098.34
2013,Unspecified,GBP (£ thousands),Thousands,Normal value,39767.89
2014,LDCs,GBP (£ thousands),Thousands,Normal value,18483.67
2014,LMICs,GBP (£ thousands),Thousands,Normal value,4886.21
2014,Other LICs,GBP (£ thousands),Thousands,Normal value,1508.9
2014,UMICs,GBP (£ thousands),Thousands,Normal value,7799.85
2014,Unspecified,GBP (£ thousands),Thousands,Normal value,27326.32
2015,LDCs,GBP (£ thousands),Thousands,Normal value,30349.81
2015,LMICs,GBP (£ thousands),Thousands,Normal value,329.85
2015,Other LICs,GBP (£ thousands),Thousands,Normal value,1800.0
2015,UMICs,GBP (£ thousands),Thousands,Normal value,829.94
2015,Unspecified,GBP (£ thousands),Thousands,Normal value,20839.81
2016,LDCs,GBP (£ thousands),Thousands,Normal value,23776.75
2016,LMICs,GBP (£ thousands),Thousands,Normal value,917.4
2016,Other LICs,GBP (£ thousands),Thousands,Normal value,97.15
2016,UMICs,GBP (£ thousands),Thousands,Normal value,1806.12
2016,Unspecified,GBP (£ thousands),Thousands,Normal value,19774.83
2009,,GBP (£ thousands),Thousands,Normal value,47321.46
2010,,GBP (£ thousands),Thousands,Normal value,135108.2
2011,,GBP (£ thousands),Thousands,Normal value,48054.55
2012,,GBP (£ thousands),Thousands,Normal value,60297.62
2013,,GBP (£ thousands),Thousands,Normal value,76628.75
2014,,GBP (£ thousands),Thousands,Normal value,60004.95
2015,,GBP (£ thousands),Thousands,Normal value,54149.41
2016,,GBP (£ thousands),Thousands,Normal value,46372.25
2009,LDCs,Constant USD ($ thousands),Thousands,Normal value,13357.205
2009,LMICs,Constant USD ($ thousands),Thousands,Normal value,4712.584
2009,Other LICs,Constant USD ($ thousands),Thousands,Normal value,6456.725
2009,UMICs,Constant USD ($ thousands),Thousands,Normal value,457.65
2009,Unspecified,Constant USD ($ thousands),Thousands,Normal value,56695.959
2010,LDCs,Constant USD ($ thousands),Thousands,Normal value,24687.636
2010,LMICs,Constant USD ($ thousands),Thousands,Normal value,1599.303
2010,Other LICs,Constant USD ($ thousands),Thousands,Normal value,8442.131
2010,UMICs,Constant USD ($ thousands),Thousands,Normal value,440.955
2010,Unspecified,Constant USD ($ thousands),Thousands,Normal value,194740.291
2011,LDCs,Constant USD ($ thousands),Thousands,Normal value,22289.98
2011,LMICs,Constant USD ($ thousands),Thousands,Normal value,4929.24
2011,Other LICs,Constant USD ($ thousands),Thousands,Normal value,270.954
2011,UMICs,Constant USD ($ thousands),Thousands,Normal value,335.955
2011,Unspecified,Constant USD ($ thousands),Thousands,Normal value,52246.216
2012,LDCs,Constant USD ($ thousands),Thousands,Normal value,26155.33
2012,LMICs,Constant USD ($ thousands),Thousands,Normal value,17307.417
2012,Other LICs,Constant USD ($ thousands),Thousands,Normal value,7706.104
2012,UMICs,Constant USD ($ thousands),Thousands,Normal value,6931.243
2012,Unspecified,Constant USD ($ thousands),Thousands,Normal value,40910.936
2013,LDCs,Constant USD ($ thousands),Thousands,Normal value,36339.402
2013,LMICs,Constant USD ($ thousands),Thousands,Normal value,10411.362
2013,Other LICs,Constant USD ($ thousands),Thousands,Normal value,7510.437
2013,UMICs,Constant USD ($ thousands),Thousands,Normal value,4979.476
2013,Unspecified,Constant USD ($ thousands),Thousands,Normal value,63912.69
2014,LDCs,Constant USD ($ thousands),Thousands,Normal value,29331.11
2014,LMICs,Constant USD ($ thousands),Thousands,Normal value,7753.761
2014,Other LICs,Constant USD ($ thousands),Thousands,Normal value,2394.422
2014,UMICs,Constant USD ($ thousands),Thousands,Normal value,12377.318
2014,Unspecified,Constant USD ($ thousands),Thousands,Normal value,43363.212
2015,LDCs,Constant USD ($ thousands),Thousands,Normal value,47820.332
2015,LMICs,Constant USD ($ thousands),Thousands,Normal value,519.724
2015,Other LICs,Constant USD ($ thousands),Thousands,Normal value,2836.149
2015,UMICs,Constant USD ($ thousands),Thousands,Normal value,1307.686
2015,Unspecified,Constant USD ($ thousands),Thousands,Normal value,32836.009
2016,LDCs,Constant USD ($ thousands),Thousands,Normal value,36772.749
2016,LMICs,Constant USD ($ thousands),Thousands,Normal value,1418.836
2016,Other LICs,Constant USD ($ thousands),Thousands,Normal value,150.251
2016,UMICs,Constant USD ($ thousands),Thousands,Normal value,2793.317
2016,Unspecified,Constant USD ($ thousands),Thousands,Normal value,30583.442
2009,,Constant USD ($ thousands),Thousands,Normal value,81680.122
2010,,Constant USD ($ thousands),Thousands,Normal value,229910.316
2011,,Constant USD ($ thousands),Thousands,Normal value,80072.345
2012,,Constant USD ($ thousands),Thousands,Normal value,99011.03
2013,,Constant USD ($ thousands),Thousands,Normal value,123153.366
2014,,Constant USD ($ thousands),Thousands,Normal value,95219.824
2015,,Constant USD ($ thousands),Thousands,Normal value,85319.901
2016,,Constant USD ($ thousands),Thousands,Normal value,71718.595
2017,LDCs,GBP (£ thousands),Thousands,Normal value,14169.07
2017,LMICs,GBP (£ thousands),Thousands,Normal value,22824.74
2017,Other LICs,GBP (£ thousands),Thousands,Normal value,3833.74
2017,UMICs,GBP (£ thousands),Thousands,Normal value,5845.68
2017,Unspecified,GBP (£ thousands),Thousands,Normal value,32895.69
2018,LDCs,GBP (£ thousands),Thousands,Normal value,13833.95
2018,LMICs,GBP (£ thousands),Thousands,Normal value,21711.57
2018,UMICs,GBP (£ thousands),Thousands,Normal value,1366.1
2018,Unspecified,GBP (£ thousands),Thousands,Normal value,34378.61
2019,LDCs,GBP (£ thousands),Thousands,Normal value,19741.1
2019,LMICs,GBP (£ thousands),Thousands,Normal value,17325.6
2019,Other LICs,GBP (£ thousands),Thousands,Normal value,67.63
2019,UMICs,GBP (£ thousands),Thousands,Normal value,1225.67
2019,Unspecified,GBP (£ thousands),Thousands,Normal value,52438.51
2020,LDCs,GBP (£ thousands),Thousands,Normal value,16940.44
2020,LMICs,GBP (£ thousands),Thousands,Normal value,9462.52
2020,Other LICs,GBP (£ thousands),Thousands,Normal value,71.42
2020,UMICs,GBP (£ thousands),Thousands,Normal value,4403.96
2020,Unspecified,GBP (£ thousands),Thousands,Normal value,44730.51
2021,LDCs,GBP (£ thousands),Thousands,Normal value,18689.59
2021,LMICs,GBP (£ thousands),Thousands,Normal value,8844.47
2021,UMICs,GBP (£ thousands),Thousands,Normal value,5068.92
2021,Unspecified,GBP (£ thousands),Thousands,Normal value,28178.85
2017,,GBP (£ thousands),Thousands,Normal value,79568.92
2018,,GBP (£ thousands),Thousands,Normal value,71290.23
2019,,GBP (£ thousands),Thousands,Normal value,90798.51
2020,,GBP (£ thousands),Thousands,Normal value,75608.85
2021,,GBP (£ thousands),Thousands,Normal value,60781.83
2017,LDCs,Constant USD ($ thousands),Thousands,Normal value,21528.059
2017,LMICs,Constant USD ($ thousands),Thousands,Normal value,34679.223
2017,Other LICs,Constant USD ($ thousands),Thousands,Normal value,5824.869
2017,UMICs,Constant USD ($ thousands),Thousands,Normal value,8881.75
2017,Unspecified,Constant USD ($ thousands),Thousands,Normal value,49980.722
2018,LDCs,Constant USD ($ thousands),Thousands,Normal value,20659.85
2018,LMICs,Constant USD ($ thousands),Thousands,Normal value,32424.418
2018,UMICs,Constant USD ($ thousands),Thousands,Normal value,2040.156
2018,Unspecified,Constant USD ($ thousands),Thousands,Normal value,51341.585
2019,LDCs,Constant USD ($ thousands),Thousands,Normal value,28871.511
2019,LMICs,Constant USD ($ thousands),Thousands,Normal value,25338.824
2019,Other LICs,Constant USD ($ thousands),Thousands,Normal value,98.909
2019,UMICs,Constant USD ($ thousands),Thousands,Normal value,1792.552
2019,Unspecified,Constant USD ($ thousands),Thousands,Normal value,76691.725
2020,LDCs,Constant USD ($ thousands),Thousands,Normal value,23387.886
2020,LMICs,Constant USD ($ thousands),Thousands,Normal value,13063.908
2020,Other LICs,Constant USD ($ thousands),Thousands,Normal value,98.602
2020,UMICs,Constant USD ($ thousands),Thousands,Normal value,6080.085
2020,Unspecified,Constant USD ($ thousands),Thousands,Normal value,61754.717
2021,LDCs,Constant USD ($ thousands),Thousands,Normal value,25707.827
2021,LMICs,Constant USD ($ thousands),Thousands,Normal value,12165.708
2021,UMICs,Constant USD ($ thousands),Thousands,Normal value,6972.38
2021,Unspecified,Constant USD ($ thousands),Thousands,Normal value,38760.454
2017,,Constant USD ($ thousands),Thousands,Normal value,120894.623
2018,,Constant USD ($ thousands),Thousands,Normal value,106466.009
2019,,Constant USD ($ thousands),Thousands,Normal value,132793.521
2020,,Constant USD ($ thousands),Thousands,Normal value,104385.198
2021,,Constant USD ($ thousands),Thousands,Normal value,83606.369
